solid CATIA STL
  facet normal -1.180838e-001  9.401494e-001  3.196488e-001
    outer loop
      vertex -2.463949e+001  8.204881e+001  6.199777e-001
      vertex -2.433874e+001  8.225282e+001  1.310702e-001
      vertex -2.485228e+001  8.206268e+001  5.005955e-001
    endloop
  endfacet
  facet normal -7.770765e-002  9.263170e-001  3.686439e-001
    outer loop
      vertex -2.485228e+001  8.206268e+001  5.005955e-001
      vertex -2.433874e+001  8.225282e+001  1.310702e-001
      vertex -2.557500e+001  8.220116e+001  2.800841e-004
    endloop
  endfacet
  facet normal -5.662075e-002  9.381862e-001  3.414686e-001
    outer loop
      vertex -2.485228e+001  8.206268e+001  5.005955e-001
      vertex -2.557500e+001  8.220116e+001  2.800841e-004
      vertex -2.557500e+001  8.207677e+001  3.420202e-001
    endloop
  endfacet
  facet normal -6.631030e-008  9.396936e-001  3.420172e-001
    outer loop
      vertex -2.557500e+001  8.220116e+001  2.800841e-004
      vertex -3.157500e+001  8.220116e+001  2.789208e-004
      vertex -2.557500e+001  8.207677e+001  3.420202e-001
    endloop
  endfacet
  facet normal -5.606097e-008  9.396937e-001  3.420171e-001
    outer loop
      vertex -2.557500e+001  8.207677e+001  3.420202e-001
      vertex -3.157500e+001  8.220116e+001  2.789208e-004
      vertex -3.157500e+001  8.207677e+001  3.420192e-001
    endloop
  endfacet
  facet normal  1.753383e-002  9.395493e-001  3.419645e-001
    outer loop
      vertex -3.157500e+001  8.207677e+001  3.420192e-001
      vertex -3.157500e+001  8.220116e+001  2.789208e-004
      vertex -3.180260e+001  8.207561e+001  3.568963e-001
    endloop
  endfacet
  facet normal  7.830047e-002  9.236512e-001  3.751499e-001
    outer loop
      vertex -3.180260e+001  8.207561e+001  3.568963e-001
      vertex -3.157500e+001  8.220116e+001  2.789208e-004
      vertex -3.281121e+001  8.225282e+001  1.310920e-001
    endloop
  endfacet
  facet normal  8.946132e-002  9.375345e-001  3.361929e-001
    outer loop
      vertex -3.180260e+001  8.207561e+001  3.568963e-001
      vertex -3.281121e+001  8.225282e+001  1.310920e-001
      vertex -3.251049e+001  8.204882e+001  6.199653e-001
    endloop
  endfacet
  facet normal -7.902211e-001 -4.109136e-003  6.128081e-001
    outer loop
      vertex -2.476422e+001  8.098074e+001  1.414650e+000
      vertex -2.473211e+001  8.185479e+001  1.461922e+000
      vertex -2.484335e+001  8.183203e+001  1.318322e+000
    endloop
  endfacet
  facet normal -9.932674e-001 -3.466571e-006  1.158443e-001
    outer loop
      vertex -2.457500e+001  8.112506e+001  2.000000e+000
      vertex -2.457500e+001  8.194246e+001  2.000008e+000
      vertex -2.460185e+001  8.190237e+001  1.769842e+000
    endloop
  endfacet
  facet normal -9.642373e-001  4.408268e-002  2.613490e-001
    outer loop
      vertex -2.457500e+001  8.112506e+001  2.000000e+000
      vertex -2.460185e+001  8.190237e+001  1.769842e+000
      vertex -2.462276e+001  8.189072e+001  1.694667e+000
    endloop
  endfacet
  facet normal -9.061542e-001  1.066939e-001  4.092689e-001
    outer loop
      vertex -2.457500e+001  8.112506e+001  2.000000e+000
      vertex -2.462276e+001  8.189072e+001  1.694667e+000
      vertex -2.473211e+001  8.185479e+001  1.461922e+000
    endloop
  endfacet
  facet normal -9.526886e-001  1.859531e-002  3.033785e-001
    outer loop
      vertex -2.457500e+001  8.112506e+001  2.000000e+000
      vertex -2.473211e+001  8.185479e+001  1.461922e+000
      vertex -2.476422e+001  8.098074e+001  1.414650e+000
    endloop
  endfacet
  facet normal -4.132432e-001 -1.928796e-002  9.104164e-001
    outer loop
      vertex -2.499362e+001  8.181084e+001  1.186370e+000
      vertex -2.533979e+001  8.175493e+001  1.028055e+000
      vertex -2.511957e+001  8.089179e+001  1.109727e+000
    endloop
  endfacet
  facet normal -1.331753e-001  5.963111e-002  9.892969e-001
    outer loop
      vertex -2.511957e+001  8.089179e+001  1.109727e+000
      vertex -2.533979e+001  8.175493e+001  1.028055e+000
      vertex -2.557500e+001  8.169508e+001  1.000000e+000
    endloop
  endfacet
  facet normal -2.342292e-001  0.000000e+000  9.721814e-001
    outer loop
      vertex -2.511957e+001  8.089179e+001  1.109727e+000
      vertex -2.557500e+001  8.169508e+001  1.000000e+000
      vertex -2.557500e+001  8.085741e+001  1.000000e+000
    endloop
  endfacet
  facet normal -5.841277e-001  1.237510e-002  8.115674e-001
    outer loop
      vertex -2.499362e+001  8.181084e+001  1.186370e+000
      vertex -2.511957e+001  8.089179e+001  1.109727e+000
      vertex -2.498963e+001  8.181130e+001  1.189235e+000
    endloop
  endfacet
  facet normal -6.548793e-001  2.724397e-002  7.552424e-001
    outer loop
      vertex -2.498963e+001  8.181130e+001  1.189235e+000
      vertex -2.511957e+001  8.089179e+001  1.109727e+000
      vertex -2.476422e+001  8.098074e+001  1.414650e+000
    endloop
  endfacet
  facet normal -6.633229e-001  2.298150e-002  7.479803e-001
    outer loop
      vertex -2.498963e+001  8.181130e+001  1.189235e+000
      vertex -2.476422e+001  8.098074e+001  1.414650e+000
      vertex -2.484335e+001  8.183203e+001  1.318322e+000
    endloop
  endfacet
  facet normal  0.000000e+000  -0.000000e+000  1.000000e+000
    outer loop
      vertex -2.756067e+001  8.113708e+001  1.000000e+000
      vertex -2.557500e+001  8.085741e+001  1.000000e+000
      vertex -2.557500e+001  8.169508e+001  1.000000e+000
    endloop
  endfacet
  facet normal  0.000000e+000  0.000000e+000  1.000000e+000
    outer loop
      vertex -3.157500e+001  8.085741e+001  1.000000e+000
      vertex -2.557500e+001  8.085741e+001  1.000000e+000
      vertex -2.756067e+001  8.113708e+001  1.000000e+000
    endloop
  endfacet
  facet normal  0.000000e+000  0.000000e+000  9.999999e-001
    outer loop
      vertex -3.157500e+001  8.085741e+001  1.000000e+000
      vertex -2.756067e+001  8.113708e+001  1.000000e+000
      vertex -2.982631e+001  8.113708e+001  1.000000e+000
    endloop
  endfacet
  facet normal  0.000000e+000  0.000000e+000  1.000000e+000
    outer loop
      vertex -3.157500e+001  8.085741e+001  1.000000e+000
      vertex -2.982631e+001  8.113708e+001  1.000000e+000
      vertex -3.038824e+001  8.131076e+001  1.000000e+000
    endloop
  endfacet
  facet normal  0.000000e+000  0.000000e+000  1.000000e+000
    outer loop
      vertex -3.157500e+001  8.085741e+001  1.000000e+000
      vertex -3.038824e+001  8.131076e+001  1.000000e+000
      vertex -3.126980e+001  8.158359e+001  1.000000e+000
    endloop
  endfacet
  facet normal  0.000000e+000  0.000000e+000  1.000000e+000
    outer loop
      vertex -3.157500e+001  8.085741e+001  1.000000e+000
      vertex -3.126980e+001  8.158359e+001  1.000000e+000
      vertex -3.157500e+001  8.168401e+001  1.000000e+000
    endloop
  endfacet
  facet normal  8.931407e-001 -4.638473e-004  4.497773e-001
    outer loop
      vertex -3.238578e+001  8.098074e+001  1.414650e+000
      vertex -3.238430e+001  8.184704e+001  1.412612e+000
      vertex -3.252883e+001  8.189147e+001  1.699644e+000
    endloop
  endfacet
  facet normal  9.735968e-001  8.686070e-002  2.111035e-001
    outer loop
      vertex -3.252883e+001  8.189147e+001  1.699644e+000
      vertex -3.256394e+001  8.191552e+001  1.851694e+000
      vertex -3.238578e+001  8.098074e+001  1.414650e+000
    endloop
  endfacet
  facet normal  9.849150e-001  1.676095e-001  4.300551e-002
    outer loop
      vertex -3.238578e+001  8.098074e+001  1.414650e+000
      vertex -3.256394e+001  8.191552e+001  1.851694e+000
      vertex -3.257500e+001  8.194245e+001  2.000000e+000
    endloop
  endfacet
  facet normal  9.515194e-001  0.000000e+000  3.075885e-001
    outer loop
      vertex -3.238578e+001  8.098074e+001  1.414650e+000
      vertex -3.257500e+001  8.194245e+001  2.000000e+000
      vertex -3.257500e+001  8.112506e+001  2.000000e+000
    endloop
  endfacet
  facet normal  1.543015e-001  0.000000e+000  9.880239e-001
    outer loop
      vertex -3.157500e+001  8.168401e+001  1.000000e+000
      vertex -3.187991e+001  8.176885e+001  1.047618e+000
      vertex -3.157500e+001  8.085741e+001  1.000000e+000
    endloop
  endfacet
  facet normal  4.610911e-001  1.082365e-001  8.807269e-001
    outer loop
      vertex -3.157500e+001  8.085741e+001  1.000000e+000
      vertex -3.187991e+001  8.176885e+001  1.047618e+000
      vertex -3.216037e+001  8.181130e+001  1.189231e+000
    endloop
  endfacet
  facet normal  2.302445e-001 -5.148634e-002  9.717698e-001
    outer loop
      vertex -3.157500e+001  8.085741e+001  1.000000e+000
      vertex -3.216037e+001  8.181130e+001  1.189231e+000
      vertex -3.203043e+001  8.089179e+001  1.109727e+000
    endloop
  endfacet
  facet normal  7.088145e-001  3.926896e-002  7.043011e-001
    outer loop
      vertex -3.203043e+001  8.089179e+001  1.109727e+000
      vertex -3.216037e+001  8.181130e+001  1.189231e+000
      vertex -3.238430e+001  8.184704e+001  1.412612e+000
    endloop
  endfacet
  facet normal  6.512995e-001  6.753558e-004  7.588204e-001
    outer loop
      vertex -3.203043e+001  8.089179e+001  1.109727e+000
      vertex -3.238430e+001  8.184704e+001  1.412612e+000
      vertex -3.238578e+001  8.098074e+001  1.414650e+000
    endloop
  endfacet
  facet normal  2.878744e-001  9.313777e-001  2.228539e-001
    outer loop
      vertex -2.982631e+001  8.113708e+001  1.000000e+000
      vertex -3.103350e+001  8.152938e+001  9.198362e-001
      vertex -3.038824e+001  8.131076e+001  1.000000e+000
    endloop
  endfacet
  facet normal  2.884065e-001  9.318954e-001  2.199829e-001
    outer loop
      vertex -3.038824e+001  8.131076e+001  1.000000e+000
      vertex -3.103350e+001  8.152938e+001  9.198362e-001
      vertex -3.126980e+001  8.158359e+001  1.000000e+000
    endloop
  endfacet
  facet normal  2.930617e-001  9.260926e-001  2.376287e-001
    outer loop
      vertex -3.126980e+001  8.158359e+001  1.000000e+000
      vertex -3.103350e+001  8.152938e+001  9.198362e-001
      vertex -3.126639e+001  8.161350e+001  8.792162e-001
    endloop
  endfacet
  facet normal  3.070409e-001  9.217290e-001  2.369419e-001
    outer loop
      vertex -3.126980e+001  8.158359e+001  1.000000e+000
      vertex -3.126639e+001  8.161350e+001  8.792162e-001
      vertex -3.142789e+001  8.165513e+001  9.265577e-001
    endloop
  endfacet
  facet normal  3.196969e-001  9.010896e-001  2.929699e-001
    outer loop
      vertex -3.143796e+001  8.168878e+001  8.340417e-001
      vertex -3.155837e+001  8.168825e+001  9.670842e-001
      vertex -3.142789e+001  8.165513e+001  9.265577e-001
    endloop
  endfacet
  facet normal  3.183309e-001  9.014787e-001  2.932602e-001
    outer loop
      vertex -3.143796e+001  8.168878e+001  8.340417e-001
      vertex -3.142789e+001  8.165513e+001  9.265577e-001
      vertex -3.126639e+001  8.161350e+001  8.792162e-001
    endloop
  endfacet
  facet normal  3.141881e-001  9.023848e-001  2.949365e-001
    outer loop
      vertex -3.155821e+001  8.170825e+001  9.047414e-001
      vertex -3.165743e+001  8.175829e+001  8.573499e-001
      vertex -3.169536e+001  8.172218e+001  1.008241e+000
    endloop
  endfacet
  facet normal  3.805577e-001  8.607717e-001  3.380055e-001
    outer loop
      vertex -3.202626e+001  8.190989e+001  6.998740e-001
      vertex -3.256774e+001  8.193259e+001  1.251713e+000
      vertex -3.218193e+001  8.187511e+001  9.636999e-001
    endloop
  endfacet
  facet normal  2.486405e-001  9.303931e-001  2.693448e-001
    outer loop
      vertex -3.202626e+001  8.190989e+001  6.998740e-001
      vertex -3.218193e+001  8.187511e+001  9.636999e-001
      vertex -3.209428e+001  8.186559e+001  9.156964e-001
    endloop
  endfacet
  facet normal  3.373957e-001  9.410825e-001 -2.297834e-002
    outer loop
      vertex -3.477298e+001  8.272660e+001  1.841552e+000
      vertex -3.367399e+001  8.233453e+001  1.920776e+000
      vertex -3.452299e+001  8.262587e+001  1.386732e+000
    endloop
  endfacet
  facet normal  3.114836e-001  9.045791e-001  2.910576e-001
    outer loop
      vertex -3.169536e+001  8.172218e+001  1.008241e+000
      vertex -3.155837e+001  8.168825e+001  9.670842e-001
      vertex -3.155821e+001  8.170825e+001  9.047414e-001
    endloop
  endfacet
  facet normal  2.925479e-001  9.107393e-001  2.914956e-001
    outer loop
      vertex -3.187991e+001  8.176885e+001  1.047618e+000
      vertex -3.169536e+001  8.172218e+001  1.008241e+000
      vertex -3.165743e+001  8.175829e+001  8.573499e-001
    endloop
  endfacet
  facet normal  2.721674e-001  9.244938e-001  2.669010e-001
    outer loop
      vertex -3.165743e+001  8.175829e+001  8.573499e-001
      vertex -3.202017e+001  8.179633e+001  1.095489e+000
      vertex -3.187991e+001  8.176885e+001  1.047618e+000
    endloop
  endfacet
  facet normal  2.683525e-001  9.295532e-001  2.528197e-001
    outer loop
      vertex -3.216037e+001  8.181130e+001  1.189231e+000
      vertex -3.187991e+001  8.176885e+001  1.047618e+000
      vertex -3.202017e+001  8.179633e+001  1.095489e+000
    endloop
  endfacet
  facet normal  2.660305e-001  9.312289e-001  2.490792e-001
    outer loop
      vertex -3.216037e+001  8.181130e+001  1.189231e+000
      vertex -3.202017e+001  8.179633e+001  1.095489e+000
      vertex -3.209428e+001  8.186559e+001  9.156964e-001
    endloop
  endfacet
  facet normal  2.356982e-001  9.407881e-001  2.436476e-001
    outer loop
      vertex -3.216037e+001  8.181130e+001  1.189231e+000
      vertex -3.209428e+001  8.186559e+001  9.156964e-001
      vertex -3.218193e+001  8.187511e+001  9.636999e-001
    endloop
  endfacet
  facet normal  3.100244e-001  9.221703e-001  2.312718e-001
    outer loop
      vertex -3.216037e+001  8.181130e+001  1.189231e+000
      vertex -3.218193e+001  8.187511e+001  9.636999e-001
      vertex -3.256774e+001  8.193259e+001  1.251713e+000
    endloop
  endfacet
  facet normal  3.035541e-001  9.403058e-001  1.538829e-001
    outer loop
      vertex -3.216037e+001  8.181130e+001  1.189231e+000
      vertex -3.256774e+001  8.193259e+001  1.251713e+000
      vertex -3.238430e+001  8.184704e+001  1.412612e+000
    endloop
  endfacet
  facet normal  3.030469e-001  9.209915e-001  2.448209e-001
    outer loop
      vertex -3.157500e+001  8.168401e+001  1.000000e+000
      vertex -3.126980e+001  8.158359e+001  1.000000e+000
      vertex -3.142789e+001  8.165513e+001  9.265577e-001
    endloop
  endfacet
  facet normal  3.162054e-001  9.075086e-001  2.764822e-001
    outer loop
      vertex -3.157500e+001  8.168401e+001  1.000000e+000
      vertex -3.142789e+001  8.165513e+001  9.265577e-001
      vertex -3.155837e+001  8.168825e+001  9.670842e-001
    endloop
  endfacet
  facet normal  3.077008e-001  9.115650e-001  2.727076e-001
    outer loop
      vertex -3.157500e+001  8.168401e+001  1.000000e+000
      vertex -3.155837e+001  8.168825e+001  9.670842e-001
      vertex -3.169536e+001  8.172218e+001  1.008241e+000
    endloop
  endfacet
  facet normal  3.027415e-001  8.715081e-001  3.857737e-001
    outer loop
      vertex -3.157500e+001  8.168401e+001  1.000000e+000
      vertex -3.169536e+001  8.172218e+001  1.008241e+000
      vertex -3.187991e+001  8.176885e+001  1.047618e+000
    endloop
  endfacet
  facet normal  3.166316e-001  8.878621e-001  3.338344e-001
    outer loop
      vertex -3.157500e+001  8.175589e+001  7.855409e-001
      vertex -3.165743e+001  8.175829e+001  8.573499e-001
      vertex -3.143796e+001  8.168878e+001  8.340417e-001
    endloop
  endfacet
  facet normal  3.167942e-001  9.030235e-001  2.901551e-001
    outer loop
      vertex -3.143796e+001  8.168878e+001  8.340417e-001
      vertex -3.165743e+001  8.175829e+001  8.573499e-001
      vertex -3.155821e+001  8.170825e+001  9.047414e-001
    endloop
  endfacet
  facet normal  3.169766e-001  9.028437e-001  2.905149e-001
    outer loop
      vertex -3.143796e+001  8.168878e+001  8.340417e-001
      vertex -3.155821e+001  8.170825e+001  9.047414e-001
      vertex -3.155837e+001  8.168825e+001  9.670842e-001
    endloop
  endfacet
  facet normal  2.638654e-001  9.251027e-001  2.730566e-001
    outer loop
      vertex -3.202626e+001  8.190989e+001  6.998740e-001
      vertex -3.209428e+001  8.186559e+001  9.156964e-001
      vertex -3.157500e+001  8.175589e+001  7.855409e-001
    endloop
  endfacet
  facet normal  2.600531e-001  9.321579e-001  2.519008e-001
    outer loop
      vertex -3.157500e+001  8.175589e+001  7.855409e-001
      vertex -3.209428e+001  8.186559e+001  9.156964e-001
      vertex -3.202017e+001  8.179633e+001  1.095489e+000
    endloop
  endfacet
  facet normal  3.025835e-001  8.987406e-001  3.173458e-001
    outer loop
      vertex -3.157500e+001  8.175589e+001  7.855409e-001
      vertex -3.202017e+001  8.179633e+001  1.095489e+000
      vertex -3.165743e+001  8.175829e+001  8.573499e-001
    endloop
  endfacet
  facet normal  3.393815e-001  9.396876e-001  4.251435e-002
    outer loop
      vertex -3.419796e+001  8.252599e+001  9.995779e-001
      vertex -3.452299e+001  8.262587e+001  1.386732e+000
      vertex -3.336341e+001  8.220875e+001  1.349665e+000
    endloop
  endfacet
  facet normal  3.377233e-001  9.409502e-001 -2.357128e-002
    outer loop
      vertex -3.336341e+001  8.220875e+001  1.349665e+000
      vertex -3.452299e+001  8.262587e+001  1.386732e+000
      vertex -3.367399e+001  8.233453e+001  1.920776e+000
    endloop
  endfacet
  facet normal  3.590864e-001  9.332479e-001 -1.025743e-002
    outer loop
      vertex -3.336341e+001  8.220875e+001  1.349665e+000
      vertex -3.367399e+001  8.233453e+001  1.920776e+000
      vertex -3.280703e+001  8.199723e+001  1.583012e+000
    endloop
  endfacet
  facet normal  3.394848e-001  9.383188e-001 -6.563441e-002
    outer loop
      vertex -3.280703e+001  8.199723e+001  1.583012e+000
      vertex -3.367399e+001  8.233453e+001  1.920776e+000
      vertex -3.312450e+001  8.213849e+001  1.960388e+000
    endloop
  endfacet
  facet normal  3.618331e-001  9.311960e-001 -4.416750e-002
    outer loop
      vertex -3.280703e+001  8.199723e+001  1.583012e+000
      vertex -3.312450e+001  8.213849e+001  1.960388e+000
      vertex -3.256394e+001  8.191552e+001  1.851694e+000
    endloop
  endfacet
  facet normal  3.416937e-001  9.288385e-001 -1.431944e-001
    outer loop
      vertex -3.256394e+001  8.191552e+001  1.851694e+000
      vertex -3.312450e+001  8.213849e+001  1.960388e+000
      vertex -3.257500e+001  8.194245e+001  2.000000e+000
    endloop
  endfacet
  facet normal  2.402793e-001  9.505720e-001  1.966686e-001
    outer loop
      vertex -3.202626e+001  8.190989e+001  6.998740e-001
      vertex -3.251049e+001  8.204882e+001  6.199653e-001
      vertex -3.256774e+001  8.193259e+001  1.251713e+000
    endloop
  endfacet
  facet normal  2.664223e-001  9.433607e-001  1.977109e-001
    outer loop
      vertex -3.256774e+001  8.193259e+001  1.251713e+000
      vertex -3.251049e+001  8.204882e+001  6.199653e-001
      vertex -3.293461e+001  8.210365e+001  9.298609e-001
    endloop
  endfacet
  facet normal  3.623328e-001  9.285643e-001  8.051943e-002
    outer loop
      vertex -3.256774e+001  8.193259e+001  1.251713e+000
      vertex -3.293461e+001  8.210365e+001  9.298609e-001
      vertex -3.280703e+001  8.199723e+001  1.583012e+000
    endloop
  endfacet
  facet normal  3.202704e-001  9.429377e-001  9.107784e-002
    outer loop
      vertex -3.280703e+001  8.199723e+001  1.583012e+000
      vertex -3.293461e+001  8.210365e+001  9.298609e-001
      vertex -3.336341e+001  8.220875e+001  1.349665e+000
    endloop
  endfacet
  facet normal  2.800579e-001  9.349348e-001  2.178636e-001
    outer loop
      vertex -3.251049e+001  8.204882e+001  6.199653e-001
      vertex -3.281121e+001  8.225282e+001  1.310920e-001
      vertex -3.293461e+001  8.210365e+001  9.298609e-001
    endloop
  endfacet
  facet normal  2.512712e-001  9.437230e-001  2.150577e-001
    outer loop
      vertex -3.293461e+001  8.210365e+001  9.298609e-001
      vertex -3.281121e+001  8.225282e+001  1.310920e-001
      vertex -3.348491e+001  8.236022e+001  4.469426e-001
    endloop
  endfacet
  facet normal  3.380240e-001  9.345311e-001  1.113165e-001
    outer loop
      vertex -3.293461e+001  8.210365e+001  9.298609e-001
      vertex -3.348491e+001  8.236022e+001  4.469426e-001
      vertex -3.336341e+001  8.220875e+001  1.349665e+000
    endloop
  endfacet
  facet normal  3.097816e-001  9.436256e-001  1.166437e-001
    outer loop
      vertex -3.336341e+001  8.220875e+001  1.349665e+000
      vertex -3.348491e+001  8.236022e+001  4.469426e-001
      vertex -3.419796e+001  8.252599e+001  9.995779e-001
    endloop
  endfacet
  facet normal  3.849120e-001  9.215348e-001  5.115031e-002
    outer loop
      vertex -3.238430e+001  8.184704e+001  1.412612e+000
      vertex -3.256774e+001  8.193259e+001  1.251713e+000
      vertex -3.252883e+001  8.189147e+001  1.699644e+000
    endloop
  endfacet
  facet normal  3.336489e-001  9.409491e-001  5.738533e-002
    outer loop
      vertex -3.252883e+001  8.189147e+001  1.699644e+000
      vertex -3.256774e+001  8.193259e+001  1.251713e+000
      vertex -3.280703e+001  8.199723e+001  1.583012e+000
    endloop
  endfacet
  facet normal  3.763503e-001  9.245767e-001 -5.931468e-002
    outer loop
      vertex -3.252883e+001  8.189147e+001  1.699644e+000
      vertex -3.280703e+001  8.199723e+001  1.583012e+000
      vertex -3.256394e+001  8.191552e+001  1.851694e+000
    endloop
  endfacet
  facet normal -2.626533e-001  9.346805e-001  2.395529e-001
    outer loop
      vertex -2.756067e+001  8.113708e+001  1.000000e+000
      vertex -2.574269e+001  8.167531e+001  8.932466e-001
      vertex -2.579635e+001  8.167274e+001  8.444383e-001
    endloop
  endfacet
  facet normal -2.626601e-001  9.346927e-001  2.394983e-001
    outer loop
      vertex -2.756067e+001  8.113708e+001  1.000000e+000
      vertex -2.557500e+001  8.169508e+001  1.000000e+000
      vertex -2.574269e+001  8.167531e+001  8.932466e-001
    endloop
  endfacet
  facet normal -2.330392e-001  8.832167e-001  4.069656e-001
    outer loop
      vertex -2.557500e+001  8.175965e+001  7.825638e-001
      vertex -2.579635e+001  8.167274e+001  8.444383e-001
      vertex -2.571502e+001  8.169778e+001  8.366529e-001
    endloop
  endfacet
  facet normal -2.544467e-001  9.328395e-001  2.550833e-001
    outer loop
      vertex -2.552990e+001  8.175507e+001  8.378867e-001
      vertex -2.533979e+001  8.175493e+001  1.028055e+000
      vertex -2.488460e+001  8.197083e+001  6.925521e-001
    endloop
  endfacet
  facet normal -2.456497e-001  9.320097e-001  2.664846e-001
    outer loop
      vertex -2.483781e+001  8.194491e+001  8.263457e-001
      vertex -2.488460e+001  8.197083e+001  6.925521e-001
      vertex -2.533979e+001  8.175493e+001  1.028055e+000
    endloop
  endfacet
  facet normal -2.364395e-001  9.396696e-001  2.472196e-001
    outer loop
      vertex -2.499362e+001  8.181084e+001  1.186370e+000
      vertex -2.478330e+001  8.195126e+001  8.537887e-001
      vertex -2.481956e+001  8.194699e+001  8.353559e-001
    endloop
  endfacet
  facet normal -3.348263e-001  9.357094e-001  1.110827e-001
    outer loop
      vertex -2.461633e+001  8.192330e+001  1.233794e+000
      vertex -2.484335e+001  8.183203e+001  1.318322e+000
      vertex -2.473211e+001  8.185479e+001  1.461922e+000
    endloop
  endfacet
  facet normal -3.432126e-001  9.358768e-001  7.962277e-002
    outer loop
      vertex -2.473211e+001  8.185479e+001  1.461922e+000
      vertex -2.417462e+001  8.206762e+001  1.363396e+000
      vertex -2.425949e+001  8.204510e+001  1.262281e+000
    endloop
  endfacet
  facet normal -2.644124e-001  9.336725e-001  2.415402e-001
    outer loop
      vertex -2.571502e+001  8.169778e+001  8.366529e-001
      vertex -2.579635e+001  8.167274e+001  8.444383e-001
      vertex -2.574269e+001  8.167531e+001  8.932466e-001
    endloop
  endfacet
  facet normal -2.769163e-001  9.199407e-001  2.775365e-001
    outer loop
      vertex -2.552990e+001  8.175507e+001  8.378867e-001
      vertex -2.554612e+001  8.171492e+001  9.548040e-001
      vertex -2.533979e+001  8.175493e+001  1.028055e+000
    endloop
  endfacet
  facet normal -2.912411e-001  9.390855e-001  1.824745e-001
    outer loop
      vertex -2.407761e+001  8.223461e+001  4.687122e-001
      vertex -2.478855e+001  8.189411e+001  1.086356e+000
      vertex -2.469843e+001  8.190823e+001  1.157559e+000
    endloop
  endfacet
  facet normal -3.175096e-001  9.351668e-001  1.570053e-001
    outer loop
      vertex -2.484335e+001  8.183203e+001  1.318322e+000
      vertex -2.461633e+001  8.192330e+001  1.233794e+000
      vertex -2.469843e+001  8.190823e+001  1.157559e+000
    endloop
  endfacet
  facet normal -3.256744e-001  9.382772e-001  1.164986e-001
    outer loop
      vertex -2.461633e+001  8.192330e+001  1.233794e+000
      vertex -2.473211e+001  8.185479e+001  1.461922e+000
      vertex -2.435236e+001  8.202333e+001  1.166073e+000
    endloop
  endfacet
  facet normal -3.316784e-001  9.371715e-001  1.081622e-001
    outer loop
      vertex -2.473211e+001  8.185479e+001  1.461922e+000
      vertex -2.425949e+001  8.204510e+001  1.262281e+000
      vertex -2.435236e+001  8.202333e+001  1.166073e+000
    endloop
  endfacet
  facet normal -2.242690e-001  9.400516e-001  2.569171e-001
    outer loop
      vertex -2.463949e+001  8.204881e+001  6.199777e-001
      vertex -2.473483e+001  8.200974e+001  6.797055e-001
      vertex -2.481956e+001  8.194699e+001  8.353559e-001
    endloop
  endfacet
  facet normal -2.362447e-001  9.398289e-001  2.467996e-001
    outer loop
      vertex -2.463949e+001  8.204881e+001  6.199777e-001
      vertex -2.481956e+001  8.194699e+001  8.353559e-001
      vertex -2.478330e+001  8.195126e+001  8.537887e-001
    endloop
  endfacet
  facet normal -2.709216e-001  9.361876e-001  2.239511e-001
    outer loop
      vertex -2.463949e+001  8.204881e+001  6.199777e-001
      vertex -2.478330e+001  8.195126e+001  8.537887e-001
      vertex -2.478855e+001  8.189411e+001  1.086356e+000
    endloop
  endfacet
  facet normal -2.710054e-001  9.361711e-001  2.239189e-001
    outer loop
      vertex -2.463949e+001  8.204881e+001  6.199777e-001
      vertex -2.478855e+001  8.189411e+001  1.086356e+000
      vertex -2.433874e+001  8.225282e+001  1.310702e-001
    endloop
  endfacet
  facet normal -2.928039e-001  9.388780e-001  1.810356e-001
    outer loop
      vertex -2.498963e+001  8.181130e+001  1.189235e+000
      vertex -2.484335e+001  8.183203e+001  1.318322e+000
      vertex -2.469843e+001  8.190823e+001  1.157559e+000
    endloop
  endfacet
  facet normal -2.923394e-001  9.384482e-001  1.839909e-001
    outer loop
      vertex -2.498963e+001  8.181130e+001  1.189235e+000
      vertex -2.469843e+001  8.190823e+001  1.157559e+000
      vertex -2.478855e+001  8.189411e+001  1.086356e+000
    endloop
  endfacet
  facet normal -2.709612e-001  9.361771e-001  2.239476e-001
    outer loop
      vertex -2.498963e+001  8.181130e+001  1.189235e+000
      vertex -2.478855e+001  8.189411e+001  1.086356e+000
      vertex -2.478330e+001  8.195126e+001  8.537887e-001
    endloop
  endfacet
  facet normal -2.691106e-001  9.364140e-001  2.251854e-001
    outer loop
      vertex -2.498963e+001  8.181130e+001  1.189235e+000
      vertex -2.478330e+001  8.195126e+001  8.537887e-001
      vertex -2.499362e+001  8.181084e+001  1.186370e+000
    endloop
  endfacet
  facet normal -2.661764e-001  9.336156e-001  2.398166e-001
    outer loop
      vertex -2.557500e+001  8.169508e+001  1.000000e+000
      vertex -2.533979e+001  8.175493e+001  1.028055e+000
      vertex -2.554612e+001  8.171492e+001  9.548040e-001
    endloop
  endfacet
  facet normal -2.636966e-001  9.338807e-001  2.415179e-001
    outer loop
      vertex -2.557500e+001  8.169508e+001  1.000000e+000
      vertex -2.554612e+001  8.171492e+001  9.548040e-001
      vertex -2.571502e+001  8.169778e+001  8.366529e-001
    endloop
  endfacet
  facet normal -2.639926e-001  9.337321e-001  2.417692e-001
    outer loop
      vertex -2.557500e+001  8.169508e+001  1.000000e+000
      vertex -2.571502e+001  8.169778e+001  8.366529e-001
      vertex -2.574269e+001  8.167531e+001  8.932466e-001
    endloop
  endfacet
  facet normal -2.430019e-001  9.402174e-001  2.386240e-001
    outer loop
      vertex -2.433874e+001  8.225282e+001  1.310702e-001
      vertex -2.478855e+001  8.189411e+001  1.086356e+000
      vertex -2.407761e+001  8.223461e+001  4.687122e-001
    endloop
  endfacet
  facet normal -3.303283e-001  8.936881e-001  3.036520e-001
    outer loop
      vertex -2.433874e+001  8.225282e+001  1.310702e-001
      vertex -2.407761e+001  8.223461e+001  4.687122e-001
      vertex -2.390066e+001  8.226601e+001  5.688106e-001
    endloop
  endfacet
  facet normal -2.773220e-001  9.277952e-001  2.495769e-001
    outer loop
      vertex -2.433874e+001  8.225282e+001  1.310702e-001
      vertex -2.390066e+001  8.226601e+001  5.688106e-001
      vertex -2.353431e+001  8.238639e+001  5.283624e-001
    endloop
  endfacet
  facet normal -2.918256e-001  9.426033e-001  1.622865e-001
    outer loop
      vertex -2.353431e+001  8.238639e+001  5.283624e-001
      vertex -2.390066e+001  8.226601e+001  5.688106e-001
      vertex -2.435236e+001  8.202333e+001  1.166073e+000
    endloop
  endfacet
  facet normal -3.316436e-001  9.371880e-001  1.081249e-001
    outer loop
      vertex -2.353431e+001  8.238639e+001  5.283624e-001
      vertex -2.435236e+001  8.202333e+001  1.166073e+000
      vertex -2.425949e+001  8.204510e+001  1.262281e+000
    endloop
  endfacet
  facet normal -3.509024e-001  9.323750e-001  8.685718e-002
    outer loop
      vertex -2.353431e+001  8.238639e+001  5.283624e-001
      vertex -2.425949e+001  8.204510e+001  1.262281e+000
      vertex -2.417462e+001  8.206762e+001  1.363396e+000
    endloop
  endfacet
  facet normal -3.723580e-001  9.256077e-001  6.782157e-002
    outer loop
      vertex -2.353431e+001  8.238639e+001  5.283624e-001
      vertex -2.417462e+001  8.206762e+001  1.363396e+000
      vertex -2.409781e+001  8.209077e+001  1.469165e+000
    endloop
  endfacet
  facet normal -3.237316e-001  9.406695e-001  1.016796e-001
    outer loop
      vertex -2.353431e+001  8.238639e+001  5.283624e-001
      vertex -2.409781e+001  8.209077e+001  1.469165e+000
      vertex -2.279597e+001  8.257127e+001  1.168780e+000
    endloop
  endfacet
  facet normal -2.926631e-001  9.124314e-001  2.860370e-001
    outer loop
      vertex -2.571502e+001  8.169778e+001  8.366529e-001
      vertex -2.554612e+001  8.171492e+001  9.548040e-001
      vertex -2.557500e+001  8.175965e+001  7.825638e-001
    endloop
  endfacet
  facet normal -2.528813e-001  9.252735e-001  2.827012e-001
    outer loop
      vertex -2.557500e+001  8.175965e+001  7.825638e-001
      vertex -2.554612e+001  8.171492e+001  9.548040e-001
      vertex -2.552990e+001  8.175507e+001  8.378867e-001
    endloop
  endfacet
  facet normal -2.475310e-001  9.279715e-001  2.785630e-001
    outer loop
      vertex -2.557500e+001  8.175965e+001  7.825638e-001
      vertex -2.552990e+001  8.175507e+001  8.378867e-001
      vertex -2.488460e+001  8.197083e+001  6.925521e-001
    endloop
  endfacet
  facet normal -2.593801e-001  9.363864e-001  2.364372e-001
    outer loop
      vertex -2.533979e+001  8.175493e+001  1.028055e+000
      vertex -2.499362e+001  8.181084e+001  1.186370e+000
      vertex -2.483781e+001  8.194491e+001  8.263457e-001
    endloop
  endfacet
  facet normal -2.307585e-001  9.402738e-001  2.502710e-001
    outer loop
      vertex -2.483781e+001  8.194491e+001  8.263457e-001
      vertex -2.499362e+001  8.181084e+001  1.186370e+000
      vertex -2.481956e+001  8.194699e+001  8.353559e-001
    endloop
  endfacet
  facet normal -2.369326e-001  9.349663e-001  2.640094e-001
    outer loop
      vertex -2.483781e+001  8.194491e+001  8.263457e-001
      vertex -2.481956e+001  8.194699e+001  8.353559e-001
      vertex -2.488460e+001  8.197083e+001  6.925521e-001
    endloop
  endfacet
  facet normal -2.221350e-001  9.402214e-001  2.581472e-001
    outer loop
      vertex -2.488460e+001  8.197083e+001  6.925521e-001
      vertex -2.481956e+001  8.194699e+001  8.353559e-001
      vertex -2.473483e+001  8.200974e+001  6.797055e-001
    endloop
  endfacet
  facet normal -3.487592e-001  9.359608e-001  4.841939e-002
    outer loop
      vertex -2.417462e+001  8.206762e+001  1.363396e+000
      vertex -2.473211e+001  8.185479e+001  1.461922e+000
      vertex -2.409781e+001  8.209077e+001  1.469165e+000
    endloop
  endfacet
  facet normal -3.488110e-001  9.369955e-001  1.924555e-002
    outer loop
      vertex -2.409781e+001  8.209077e+001  1.469165e+000
      vertex -2.473211e+001  8.185479e+001  1.461922e+000
      vertex -2.462276e+001  8.189072e+001  1.694667e+000
    endloop
  endfacet
  facet normal -3.500027e-001  9.366099e-001  1.612945e-002
    outer loop
      vertex -2.409781e+001  8.209077e+001  1.469165e+000
      vertex -2.462276e+001  8.189072e+001  1.694667e+000
      vertex -2.402931e+001  8.211446e+001  1.579519e+000
    endloop
  endfacet
  facet normal -3.599593e-001  9.319155e-001 -4.430614e-002
    outer loop
      vertex -2.402931e+001  8.211446e+001  1.579519e+000
      vertex -2.462276e+001  8.189072e+001  1.694667e+000
      vertex -2.460185e+001  8.190237e+001  1.769842e+000
    endloop
  endfacet
  facet normal -3.537891e-001  9.350608e-001 -2.223977e-002
    outer loop
      vertex -2.402931e+001  8.211446e+001  1.579519e+000
      vertex -2.460185e+001  8.190237e+001  1.769842e+000
      vertex -2.394133e+001  8.215202e+001  1.758755e+000
    endloop
  endfacet
  facet normal -3.527430e-001  9.279296e-001 -1.204954e-001
    outer loop
      vertex -2.460185e+001  8.190237e+001  1.769842e+000
      vertex -2.457500e+001  8.194246e+001  2.000008e+000
      vertex -2.394133e+001  8.215202e+001  1.758755e+000
    endloop
  endfacet
  facet normal -3.400028e-001  9.370943e-001 -7.907147e-002
    outer loop
      vertex -2.394133e+001  8.215202e+001  1.758755e+000
      vertex -2.457500e+001  8.194246e+001  2.000008e+000
      vertex -2.387824e+001  8.219102e+001  1.949772e+000
    endloop
  endfacet
  facet normal -3.400185e-001  9.370891e-001 -7.906523e-002
    outer loop
      vertex -2.394133e+001  8.215202e+001  1.758755e+000
      vertex -2.387824e+001  8.219102e+001  1.949772e+000
      vertex -2.237702e+001  8.272661e+001  1.841583e+000
    endloop
  endfacet
  facet normal -3.433389e-001  9.387895e-001 -2.815065e-002
    outer loop
      vertex -2.394133e+001  8.215202e+001  1.758755e+000
      vertex -2.237702e+001  8.272661e+001  1.841583e+000
      vertex -2.402931e+001  8.211446e+001  1.579519e+000
    endloop
  endfacet
  facet normal -3.473779e-001  9.377252e-001 -1.989399e-004
    outer loop
      vertex -2.402931e+001  8.211446e+001  1.579519e+000
      vertex -2.237702e+001  8.272661e+001  1.841583e+000
      vertex -2.279597e+001  8.257127e+001  1.168780e+000
    endloop
  endfacet
  facet normal -3.438376e-001  9.389549e-001  1.179911e-002
    outer loop
      vertex -2.402931e+001  8.211446e+001  1.579519e+000
      vertex -2.279597e+001  8.257127e+001  1.168780e+000
      vertex -2.409781e+001  8.209077e+001  1.469165e+000
    endloop
  endfacet
  facet normal -2.775119e-001  9.406062e-001  1.955684e-001
    outer loop
      vertex -2.407761e+001  8.223461e+001  4.687122e-001
      vertex -2.469843e+001  8.190823e+001  1.157559e+000
      vertex -2.390066e+001  8.226601e+001  5.688106e-001
    endloop
  endfacet
  facet normal -3.108815e-001  9.386691e-001  1.491746e-001
    outer loop
      vertex -2.390066e+001  8.226601e+001  5.688106e-001
      vertex -2.469843e+001  8.190823e+001  1.157559e+000
      vertex -2.461633e+001  8.192330e+001  1.233794e+000
    endloop
  endfacet
  facet normal -3.194782e-001  9.373105e-001  1.392224e-001
    outer loop
      vertex -2.390066e+001  8.226601e+001  5.688106e-001
      vertex -2.461633e+001  8.192330e+001  1.233794e+000
      vertex -2.435236e+001  8.202333e+001  1.166073e+000
    endloop
  endfacet
  facet normal  1.630011e-001  7.993551e-001  5.783269e-001
    outer loop
      vertex -3.157500e+001  8.175589e+001  7.855409e-001
      vertex -3.157500e+001  8.207677e+001  3.420192e-001
      vertex -3.202626e+001  8.190989e+001  6.998740e-001
    endloop
  endfacet
  facet normal  2.469539e-002  8.937272e-001  4.479305e-001
    outer loop
      vertex -3.202626e+001  8.190989e+001  6.998740e-001
      vertex -3.157500e+001  8.207677e+001  3.420192e-001
      vertex -3.180260e+001  8.207561e+001  3.568963e-001
    endloop
  endfacet
  facet normal  1.580190e-001  8.447923e-001  5.112297e-001
    outer loop
      vertex -3.202626e+001  8.190989e+001  6.998740e-001
      vertex -3.180260e+001  8.207561e+001  3.568963e-001
      vertex -3.251049e+001  8.204882e+001  6.199653e-001
    endloop
  endfacet
  facet normal -9.576149e-008  8.115938e-001  5.842222e-001
    outer loop
      vertex -2.557500e+001  8.207677e+001  3.420202e-001
      vertex -3.157500e+001  8.207677e+001  3.420192e-001
      vertex -2.557500e+001  8.175965e+001  7.825638e-001
    endloop
  endfacet
  facet normal -2.170502e-004  8.101904e-001  5.861668e-001
    outer loop
      vertex -2.557500e+001  8.175965e+001  7.825638e-001
      vertex -3.157500e+001  8.207677e+001  3.420192e-001
      vertex -3.157500e+001  8.175589e+001  7.855409e-001
    endloop
  endfacet
  facet normal  4.071754e-005  5.798841e-001  8.146989e-001
    outer loop
      vertex -2.557500e+001  8.175965e+001  7.825638e-001
      vertex -3.157500e+001  8.175589e+001  7.855409e-001
      vertex -2.579635e+001  8.167274e+001  8.444383e-001
    endloop
  endfacet
  facet normal  1.732600e-004  5.859914e-001  8.103172e-001
    outer loop
      vertex -2.579635e+001  8.167274e+001  8.444383e-001
      vertex -3.157500e+001  8.175589e+001  7.855409e-001
      vertex -3.143796e+001  8.168878e+001  8.340417e-001
    endloop
  endfacet
  facet normal -9.666446e-004  2.818236e-001  9.594657e-001
    outer loop
      vertex -2.579635e+001  8.167274e+001  8.444383e-001
      vertex -3.143796e+001  8.168878e+001  8.340417e-001
      vertex -2.756067e+001  8.113708e+001  1.000000e+000
    endloop
  endfacet
  facet normal  5.050581e-002  5.960112e-001  8.013862e-001
    outer loop
      vertex -2.756067e+001  8.113708e+001  1.000000e+000
      vertex -3.143796e+001  8.168878e+001  8.340417e-001
      vertex -3.126639e+001  8.161350e+001  8.792162e-001
    endloop
  endfacet
  facet normal  0.000000e+000  2.457466e-001  9.693341e-001
    outer loop
      vertex -2.756067e+001  8.113708e+001  1.000000e+000
      vertex -3.126639e+001  8.161350e+001  8.792162e-001
      vertex -2.982631e+001  8.113708e+001  1.000000e+000
    endloop
  endfacet
  facet normal  2.758498e-001  9.113003e-001  3.056774e-001
    outer loop
      vertex -2.982631e+001  8.113708e+001  1.000000e+000
      vertex -3.126639e+001  8.161350e+001  8.792162e-001
      vertex -3.103350e+001  8.152938e+001  9.198362e-001
    endloop
  endfacet
  facet normal -2.217663e-001  9.396226e-001  2.606317e-001
    outer loop
      vertex -2.463949e+001  8.204881e+001  6.199777e-001
      vertex -2.488460e+001  8.197083e+001  6.925521e-001
      vertex -2.473483e+001  8.200974e+001  6.797055e-001
    endloop
  endfacet
  facet normal -2.833186e-001  9.564099e-001  7.078702e-002
    outer loop
      vertex -2.557500e+001  8.175965e+001  7.825638e-001
      vertex -2.488460e+001  8.197083e+001  6.925521e-001
      vertex -2.463949e+001  8.204881e+001  6.199777e-001
    endloop
  endfacet
  facet normal -1.928676e-001  8.743585e-001  4.453081e-001
    outer loop
      vertex -2.557500e+001  8.175965e+001  7.825638e-001
      vertex -2.463949e+001  8.204881e+001  6.199777e-001
      vertex -2.485228e+001  8.206268e+001  5.005955e-001
    endloop
  endfacet
  facet normal -1.116516e-001  8.065192e-001  5.805693e-001
    outer loop
      vertex -2.557500e+001  8.175965e+001  7.825638e-001
      vertex -2.485228e+001  8.206268e+001  5.005955e-001
      vertex -2.557500e+001  8.207677e+001  3.420202e-001
    endloop
  endfacet
  facet normal  1.517159e-002  9.395858e-001 -3.419771e-001
    outer loop
      vertex -3.157500e+001  8.220499e+001  7.954285e+000
      vertex -3.157500e+001  8.191225e+001  7.150000e+000
      vertex -3.167424e+001  8.205190e+001  7.529262e+000
    endloop
  endfacet
  facet normal  4.123625e-001  9.101720e-001  3.929558e-002
    outer loop
      vertex -3.254501e+001  8.200117e+001  6.393074e+000
      vertex -3.257130e+001  8.201987e+001  6.235882e+000
      vertex -3.300048e+001  8.218882e+001  6.826240e+000
    endloop
  endfacet
  facet normal  3.366247e-001  9.413154e-001 -2.467646e-002
    outer loop
      vertex -3.300048e+001  8.218882e+001  6.826240e+000
      vertex -3.257130e+001  8.201987e+001  6.235882e+000
      vertex -3.309383e+001  8.220880e+001  6.315026e+000
    endloop
  endfacet
  facet normal  3.417559e-001  9.394376e-001 -2.568683e-002
    outer loop
      vertex -3.300048e+001  8.218882e+001  6.826240e+000
      vertex -3.309383e+001  8.220880e+001  6.315026e+000
      vertex -3.425960e+001  8.265540e+001  7.137943e+000
    endloop
  endfacet
  facet normal  3.348830e-001  9.415498e-001 -3.656957e-002
    outer loop
      vertex -3.425960e+001  8.265540e+001  7.137943e+000
      vertex -3.309383e+001  8.220880e+001  6.315026e+000
      vertex -3.361634e+001  8.239772e+001  6.394171e+000
    endloop
  endfacet
  facet normal  3.348773e-001  9.415516e-001 -3.657502e-002
    outer loop
      vertex -3.425960e+001  8.265540e+001  7.137943e+000
      vertex -3.361634e+001  8.239772e+001  6.394171e+000
      vertex -3.466140e+001  8.277556e+001  6.552476e+000
    endloop
  endfacet
  facet normal  3.174640e-001  9.400344e-001 -1.247070e-001
    outer loop
      vertex -3.300048e+001  8.218882e+001  6.826240e+000
      vertex -3.425960e+001  8.265540e+001  7.137943e+000
      vertex -3.277121e+001  8.214350e+001  7.068271e+000
    endloop
  endfacet
  facet normal  3.159026e-001  9.379696e-001 -1.428935e-001
    outer loop
      vertex -3.277121e+001  8.214350e+001  7.068271e+000
      vertex -3.425960e+001  8.265540e+001  7.137943e+000
      vertex -3.338832e+001  8.243557e+001  7.621161e+000
    endloop
  endfacet
  facet normal  2.760372e-001  9.422505e-001 -1.896509e-001
    outer loop
      vertex -3.277121e+001  8.214350e+001  7.068271e+000
      vertex -3.338832e+001  8.243557e+001  7.621161e+000
      vertex -3.249541e+001  8.210362e+001  7.271571e+000
    endloop
  endfacet
  facet normal  2.395128e-001  9.317345e-001 -2.729552e-001
    outer loop
      vertex -3.249541e+001  8.210362e+001  7.271571e+000
      vertex -3.338832e+001  8.243557e+001  7.621161e+000
      vertex -3.238667e+001  8.225681e+001  7.889881e+000
    endloop
  endfacet
  facet normal  2.087673e-001  9.400667e-001 -2.696122e-001
    outer loop
      vertex -3.249541e+001  8.210362e+001  7.271571e+000
      vertex -3.238667e+001  8.225681e+001  7.889881e+000
      vertex -3.210554e+001  8.206799e+001  7.449226e+000
    endloop
  endfacet
  facet normal  8.703588e-002  9.345859e-001 -3.449259e-001
    outer loop
      vertex -3.238667e+001  8.225681e+001  7.889881e+000
      vertex -3.157500e+001  8.220499e+001  7.954285e+000
      vertex -3.210554e+001  8.206799e+001  7.449226e+000
    endloop
  endfacet
  facet normal  1.010718e-001  9.282535e-001 -3.579522e-001
    outer loop
      vertex -3.210554e+001  8.206799e+001  7.449226e+000
      vertex -3.157500e+001  8.220499e+001  7.954285e+000
      vertex -3.167424e+001  8.205190e+001  7.529262e+000
    endloop
  endfacet
  facet normal  9.565047e-002  9.404175e-001 -3.262911e-001
    outer loop
      vertex -3.210554e+001  8.206799e+001  7.449226e+000
      vertex -3.167424e+001  8.205190e+001  7.529262e+000
      vertex -3.196522e+001  8.192239e+001  7.070722e+000
    endloop
  endfacet
  facet normal  9.015011e-002  9.420096e-001 -3.232503e-001
    outer loop
      vertex -3.196522e+001  8.192239e+001  7.070722e+000
      vertex -3.167424e+001  8.205190e+001  7.529262e+000
      vertex -3.157500e+001  8.191225e+001  7.150000e+000
    endloop
  endfacet
  facet normal  2.134715e-001  9.357229e-001 -2.808070e-001
    outer loop
      vertex -3.210554e+001  8.206799e+001  7.449226e+000
      vertex -3.196522e+001  8.192239e+001  7.070722e+000
      vertex -3.249541e+001  8.210362e+001  7.271571e+000
    endloop
  endfacet
  facet normal  2.276990e-001  9.414988e-001 -2.484619e-001
    outer loop
      vertex -3.249541e+001  8.210362e+001  7.271571e+000
      vertex -3.196522e+001  8.192239e+001  7.070722e+000
      vertex -3.222631e+001  8.194281e+001  6.908809e+000
    endloop
  endfacet
  facet normal  2.854011e-001  9.365608e-001 -2.034702e-001
    outer loop
      vertex -3.249541e+001  8.210362e+001  7.271571e+000
      vertex -3.222631e+001  8.194281e+001  6.908809e+000
      vertex -3.277121e+001  8.214350e+001  7.068271e+000
    endloop
  endfacet
  facet normal  2.988409e-001  9.403894e-001 -1.623636e-001
    outer loop
      vertex -3.277121e+001  8.214350e+001  7.068271e+000
      vertex -3.222631e+001  8.194281e+001  6.908809e+000
      vertex -3.238455e+001  8.196344e+001  6.737055e+000
    endloop
  endfacet
  facet normal  3.238353e-001  9.369558e-001 -1.313186e-001
    outer loop
      vertex -3.277121e+001  8.214350e+001  7.068271e+000
      vertex -3.238455e+001  8.196344e+001  6.737055e+000
      vertex -3.300048e+001  8.218882e+001  6.826240e+000
    endloop
  endfacet
  facet normal  3.314849e-001  9.396067e-001 -8.518835e-002
    outer loop
      vertex -3.300048e+001  8.218882e+001  6.826240e+000
      vertex -3.238455e+001  8.196344e+001  6.737055e+000
      vertex -3.249086e+001  8.198412e+001  6.551491e+000
    endloop
  endfacet
  facet normal  3.617496e-001  9.319822e-001 -2.337158e-002
    outer loop
      vertex -3.300048e+001  8.218882e+001  6.826240e+000
      vertex -3.249086e+001  8.198412e+001  6.551491e+000
      vertex -3.254501e+001  8.200117e+001  6.393074e+000
    endloop
  endfacet
  facet normal -3.592484e-001  9.295515e-001  8.291347e-002
    outer loop
      vertex -2.337500e+001  8.257810e+001  5.229999e+000
      vertex -2.457499e+001  8.203228e+001  6.149940e+000
      vertex -2.331831e+001  8.257938e+001  5.461241e+000
    endloop
  endfacet
  facet normal -3.418698e-001  9.324452e-001  1.169233e-001
    outer loop
      vertex -2.331831e+001  8.257938e+001  5.461241e+000
      vertex -2.457499e+001  8.203228e+001  6.149940e+000
      vertex -2.347600e+001  8.242741e+001  6.212171e+000
    endloop
  endfacet
  facet normal -3.508520e-001  9.294139e-001  1.144236e-001
    outer loop
      vertex -2.331831e+001  8.257938e+001  5.461241e+000
      vertex -2.347600e+001  8.242741e+001  6.212171e+000
      vertex -2.287500e+001  8.271365e+001  5.730000e+000
    endloop
  endfacet
  facet normal -3.419500e-001  9.311574e-001  1.265546e-001
    outer loop
      vertex -2.287500e+001  8.271365e+001  5.730000e+000
      vertex -2.347600e+001  8.242741e+001  6.212171e+000
      vertex -2.237699e+001  8.282256e+001  6.274293e+000
    endloop
  endfacet
  facet normal -3.411827e-001  9.315445e-001  1.257750e-001
    outer loop
      vertex -2.287500e+001  8.271365e+001  5.730000e+000
      vertex -2.237699e+001  8.282256e+001  6.274293e+000
      vertex -2.237702e+001  8.289603e+001  5.730000e+000
    endloop
  endfacet
  facet normal -3.722014e-001  9.224033e-001 -1.031433e-001
    outer loop
      vertex -2.337500e+001  8.256242e+001  3.230001e+000
      vertex -2.329980e+001  8.256328e+001  2.966294e+000
      vertex -2.457500e+001  8.217225e+001  4.070999e+000
    endloop
  endfacet
  facet normal -4.509099e-001  8.665968e-001 -2.137527e-001
    outer loop
      vertex -2.457500e+001  8.217225e+001  4.070999e+000
      vertex -2.329980e+001  8.256328e+001  2.966294e+000
      vertex -2.320535e+001  8.258489e+001  2.854676e+000
    endloop
  endfacet
  facet normal -3.692855e-001  9.236478e-001 -1.024843e-001
    outer loop
      vertex -2.457500e+001  8.217225e+001  4.070999e+000
      vertex -2.320535e+001  8.258489e+001  2.854676e+000
      vertex -2.457500e+001  8.194246e+001  2.000008e+000
    endloop
  endfacet
  facet normal -3.483993e-001  9.270551e-001 -1.385166e-001
    outer loop
      vertex -2.457500e+001  8.194246e+001  2.000008e+000
      vertex -2.320535e+001  8.258489e+001  2.854676e+000
      vertex -2.287500e+001  8.269041e+001  2.729999e+000
    endloop
  endfacet
  facet normal -3.418237e-001  9.270836e-001 -1.538593e-001
    outer loop
      vertex -2.457500e+001  8.194246e+001  2.000008e+000
      vertex -2.287500e+001  8.269041e+001  2.729999e+000
      vertex -2.387824e+001  8.219102e+001  1.949772e+000
    endloop
  endfacet
  facet normal -3.402530e-001  9.273006e-001 -1.560178e-001
    outer loop
      vertex -2.387824e+001  8.219102e+001  1.949772e+000
      vertex -2.287500e+001  8.269041e+001  2.729999e+000
      vertex -2.237702e+001  8.287314e+001  2.730000e+000
    endloop
  endfacet
  facet normal -3.418266e-001  9.272356e-001 -1.529335e-001
    outer loop
      vertex -2.387824e+001  8.219102e+001  1.949772e+000
      vertex -2.237702e+001  8.287314e+001  2.730000e+000
      vertex -2.237702e+001  8.272661e+001  1.841583e+000
    endloop
  endfacet
  facet normal -4.185437e-001  9.081688e-001 -7.119325e-003
    outer loop
      vertex -2.337500e+001  8.257810e+001  5.229999e+000
      vertex -2.337500e+001  8.256242e+001  3.230001e+000
      vertex -2.457499e+001  8.203228e+001  6.149940e+000
    endloop
  endfacet
  facet normal -2.672448e-001  9.614520e-001  6.473316e-002
    outer loop
      vertex -2.457499e+001  8.203228e+001  6.149940e+000
      vertex -2.337500e+001  8.256242e+001  3.230001e+000
      vertex -2.457500e+001  8.217225e+001  4.070999e+000
    endloop
  endfacet
  facet normal -3.398337e-001  9.398792e-001  3.376633e-002
    outer loop
      vertex -2.457499e+001  8.203228e+001  6.149940e+000
      vertex -2.433176e+001  8.210542e+001  6.562154e+000
      vertex -2.347600e+001  8.242741e+001  6.212171e+000
    endloop
  endfacet
  facet normal -3.982242e-001  9.143995e-001  7.274051e-002
    outer loop
      vertex -2.457499e+001  8.203228e+001  6.149940e+000
      vertex -2.460077e+001  8.200311e+001  6.375554e+000
      vertex -2.433176e+001  8.210542e+001  6.562154e+000
    endloop
  endfacet
  facet normal -9.346180e-002  9.155493e-001 -3.911959e-001
    outer loop
      vertex -2.557500e+001  8.220499e+001  7.954286e+000
      vertex -2.472577e+001  8.226154e+001  7.883758e+000
      vertex -2.512742e+001  8.213201e+001  7.676563e+000
    endloop
  endfacet
  facet normal -2.963846e-001  9.371142e-001 -1.843178e-001
    outer loop
      vertex -2.417735e+001  8.223506e+001  7.227659e+000
      vertex -2.401703e+001  8.238102e+001  7.711949e+000
      vertex -2.326191e+001  8.255563e+001  7.385479e+000
    endloop
  endfacet
  facet normal -4.648524e-002  9.245454e-001 -3.782262e-001
    outer loop
      vertex -2.557500e+001  8.191225e+001  7.150000e+000
      vertex -2.522992e+001  8.198939e+001  7.296134e+000
      vertex -2.538926e+001  8.191447e+001  7.132598e+000
    endloop
  endfacet
  facet normal -3.493289e-001  9.312608e-001 -1.035506e-001
    outer loop
      vertex -2.456720e+001  8.205438e+001  6.897443e+000
      vertex -2.433176e+001  8.210542e+001  6.562154e+000
      vertex -2.469406e+001  8.197630e+001  6.623229e+000
    endloop
  endfacet
  facet normal -3.394798e-001  9.402505e-001 -2.612112e-002
    outer loop
      vertex -2.469406e+001  8.197630e+001  6.623229e+000
      vertex -2.433176e+001  8.210542e+001  6.562154e+000
      vertex -2.460077e+001  8.200311e+001  6.375554e+000
    endloop
  endfacet
  facet normal -6.506712e-002  9.377027e-001 -3.412915e-001
    outer loop
      vertex -2.557500e+001  8.191225e+001  7.150000e+000
      vertex -2.557500e+001  8.220499e+001  7.954286e+000
      vertex -2.522992e+001  8.198939e+001  7.296134e+000
    endloop
  endfacet
  facet normal -5.602514e-002  9.397562e-001 -3.372233e-001
    outer loop
      vertex -2.522992e+001  8.198939e+001  7.296134e+000
      vertex -2.557500e+001  8.220499e+001  7.954286e+000
      vertex -2.512742e+001  8.213201e+001  7.676563e+000
    endloop
  endfacet
  facet normal -1.837554e-001  9.356641e-001 -3.012753e-001
    outer loop
      vertex -2.522992e+001  8.198939e+001  7.296134e+000
      vertex -2.512742e+001  8.213201e+001  7.676563e+000
      vertex -2.491587e+001  8.201030e+001  7.169537e+000
    endloop
  endfacet
  facet normal -1.639200e-001  9.415179e-001 -2.944046e-001
    outer loop
      vertex -2.491587e+001  8.201030e+001  7.169537e+000
      vertex -2.512742e+001  8.213201e+001  7.676563e+000
      vertex -2.470197e+001  8.216376e+001  7.541206e+000
    endloop
  endfacet
  facet normal -2.885783e-001  9.321244e-001 -2.187845e-001
    outer loop
      vertex -2.491587e+001  8.201030e+001  7.169537e+000
      vertex -2.470197e+001  8.216376e+001  7.541206e+000
      vertex -2.456720e+001  8.205438e+001  6.897443e+000
    endloop
  endfacet
  facet normal -2.558883e-001  9.427788e-001 -2.137507e-001
    outer loop
      vertex -2.456720e+001  8.205438e+001  6.897443e+000
      vertex -2.470197e+001  8.216376e+001  7.541206e+000
      vertex -2.417735e+001  8.223506e+001  7.227659e+000
    endloop
  endfacet
  facet normal -3.464169e-001  9.325949e-001 -1.013027e-001
    outer loop
      vertex -2.456720e+001  8.205438e+001  6.897443e+000
      vertex -2.417735e+001  8.223506e+001  7.227659e+000
      vertex -2.433176e+001  8.210542e+001  6.562154e+000
    endloop
  endfacet
  facet normal -3.156717e-001  9.424297e-001 -1.103521e-001
    outer loop
      vertex -2.433176e+001  8.210542e+001  6.562154e+000
      vertex -2.417735e+001  8.223506e+001  7.227659e+000
      vertex -2.375492e+001  8.232555e+001  6.792094e+000
    endloop
  endfacet
  facet normal -3.543792e-001  9.350811e-001 -6.213899e-003
    outer loop
      vertex -2.433176e+001  8.210542e+001  6.562154e+000
      vertex -2.375492e+001  8.232555e+001  6.792094e+000
      vertex -2.347600e+001  8.242741e+001  6.212171e+000
    endloop
  endfacet
  facet normal -2.131102e-001  9.527191e-001 -2.165878e-001
    outer loop
      vertex -2.401703e+001  8.238102e+001  7.711949e+000
      vertex -2.417735e+001  8.223506e+001  7.227659e+000
      vertex -2.472577e+001  8.226154e+001  7.883758e+000
    endloop
  endfacet
  facet normal -2.923109e-001  9.140376e-001 -2.812286e-001
    outer loop
      vertex -2.472577e+001  8.226154e+001  7.883758e+000
      vertex -2.417735e+001  8.223506e+001  7.227659e+000
      vertex -2.470197e+001  8.216376e+001  7.541206e+000
    endloop
  endfacet
  facet normal -1.600756e-001  9.461971e-001 -2.812237e-001
    outer loop
      vertex -2.472577e+001  8.226154e+001  7.883758e+000
      vertex -2.470197e+001  8.216376e+001  7.541206e+000
      vertex -2.512742e+001  8.213201e+001  7.676563e+000
    endloop
  endfacet
  facet normal -3.121912e-001  9.440144e-001 -1.066472e-001
    outer loop
      vertex -2.417735e+001  8.223506e+001  7.227659e+000
      vertex -2.326191e+001  8.255563e+001  7.385479e+000
      vertex -2.375492e+001  8.232555e+001  6.792094e+000
    endloop
  endfacet
  facet normal -3.195698e-001  9.422875e-001 -9.984702e-002
    outer loop
      vertex -2.375492e+001  8.232555e+001  6.792094e+000
      vertex -2.326191e+001  8.255563e+001  7.385479e+000
      vertex -2.289041e+001  8.265540e+001  7.137943e+000
    endloop
  endfacet
  facet normal -3.543052e-001  9.351094e-001 -6.173314e-003
    outer loop
      vertex -2.375492e+001  8.232555e+001  6.792094e+000
      vertex -2.289041e+001  8.265540e+001  7.137943e+000
      vertex -2.347600e+001  8.242741e+001  6.212171e+000
    endloop
  endfacet
  facet normal -3.047343e-001  9.515296e-001 -4.157317e-002
    outer loop
      vertex -2.347600e+001  8.242741e+001  6.212171e+000
      vertex -2.289041e+001  8.265540e+001  7.137943e+000
      vertex -2.273869e+001  8.269601e+001  6.955324e+000
    endloop
  endfacet
  facet normal -3.381049e-001  9.410967e-001 -4.693797e-003
    outer loop
      vertex -2.347600e+001  8.242741e+001  6.212171e+000
      vertex -2.273869e+001  8.269601e+001  6.955324e+000
      vertex -2.237699e+001  8.282256e+001  6.274293e+000
    endloop
  endfacet
  facet normal -1.614838e-001  9.473169e-001 -2.766110e-001
    outer loop
      vertex -2.538926e+001  8.191447e+001  7.132598e+000
      vertex -2.522992e+001  8.198939e+001  7.296134e+000
      vertex -2.502262e+001  8.193346e+001  6.983593e+000
    endloop
  endfacet
  facet normal -1.782341e-001  9.413110e-001 -2.866463e-001
    outer loop
      vertex -2.502262e+001  8.193346e+001  6.983593e+000
      vertex -2.522992e+001  8.198939e+001  7.296134e+000
      vertex -2.491587e+001  8.201030e+001  7.169537e+000
    endloop
  endfacet
  facet normal -2.942316e-001  9.310488e-001 -2.158142e-001
    outer loop
      vertex -2.502262e+001  8.193346e+001  6.983593e+000
      vertex -2.491587e+001  8.201030e+001  7.169537e+000
      vertex -2.481032e+001  8.195670e+001  6.794415e+000
    endloop
  endfacet
  facet normal -2.848791e-001  9.344462e-001 -2.136681e-001
    outer loop
      vertex -2.481032e+001  8.195670e+001  6.794415e+000
      vertex -2.491587e+001  8.201030e+001  7.169537e+000
      vertex -2.456720e+001  8.205438e+001  6.897443e+000
    endloop
  endfacet
  facet normal -3.278528e-001  9.376652e-001 -1.153099e-001
    outer loop
      vertex -2.481032e+001  8.195670e+001  6.794415e+000
      vertex -2.456720e+001  8.205438e+001  6.897443e+000
      vertex -2.469406e+001  8.197630e+001  6.623229e+000
    endloop
  endfacet
  facet normal  2.611485e-008  9.396940e-001 -3.420163e-001
    outer loop
      vertex -2.557500e+001  8.220499e+001  7.954286e+000
      vertex -2.557500e+001  8.191225e+001  7.150000e+000
      vertex -3.157500e+001  8.220499e+001  7.954285e+000
    endloop
  endfacet
  facet normal  0.000000e+000  9.396940e-001 -3.420165e-001
    outer loop
      vertex -3.157500e+001  8.220499e+001  7.954285e+000
      vertex -2.557500e+001  8.191225e+001  7.150000e+000
      vertex -3.157500e+001  8.191225e+001  7.150000e+000
    endloop
  endfacet
  facet normal  3.420184e-001  9.214553e-001 -1.842379e-001
    outer loop
      vertex -3.257500e+001  8.195368e+001  2.056169e+000
      vertex -3.257500e+001  8.194245e+001  2.000000e+000
      vertex -3.312450e+001  8.213849e+001  1.960388e+000
    endloop
  endfacet
  facet normal  3.420184e-001  9.214551e-001 -1.842382e-001
    outer loop
      vertex -3.257500e+001  8.195368e+001  2.056169e+000
      vertex -3.312450e+001  8.213849e+001  1.960388e+000
      vertex -3.367399e+001  8.233453e+001  1.920776e+000
    endloop
  endfacet
  facet normal  3.420185e-001  9.214554e-001 -1.842374e-001
    outer loop
      vertex -3.257500e+001  8.195368e+001  2.056169e+000
      vertex -3.367399e+001  8.233453e+001  1.920776e+000
      vertex -3.477298e+001  8.272660e+001  1.841552e+000
    endloop
  endfacet
  facet normal  3.420187e-001  9.214522e-001 -1.842525e-001
    outer loop
      vertex -3.257500e+001  8.195368e+001  2.056169e+000
      vertex -3.477298e+001  8.272660e+001  1.841552e+000
      vertex -3.477295e+001  8.273859e+001  1.901557e+000
    endloop
  endfacet
  facet normal  3.407361e-001  9.017841e-001 -2.658652e-001
    outer loop
      vertex -3.477295e+001  8.273859e+001  1.901557e+000
      vertex -3.415838e+001  8.291994e+001  3.304319e+000
      vertex -3.257500e+001  8.195368e+001  2.056169e+000
    endloop
  endfacet
  facet normal  3.281693e-001  9.016390e-001 -2.816948e-001
    outer loop
      vertex -3.257500e+001  8.195368e+001  2.056169e+000
      vertex -3.415838e+001  8.291994e+001  3.304319e+000
      vertex -3.257500e+001  8.234364e+001  3.304319e+000
    endloop
  endfacet
  facet normal  3.420197e-001  9.396928e-001  0.000000e+000
    outer loop
      vertex -3.415838e+001  8.291994e+001  5.345665e+000
      vertex -3.257500e+001  8.234364e+001  5.345675e+000
      vertex -3.415838e+001  8.291994e+001  3.304319e+000
    endloop
  endfacet
  facet normal  3.420197e-001  9.396927e-001  0.000000e+000
    outer loop
      vertex -3.415838e+001  8.291994e+001  3.304319e+000
      vertex -3.257500e+001  8.234364e+001  5.345675e+000
      vertex -3.257500e+001  8.234364e+001  3.304319e+000
    endloop
  endfacet
  facet normal  3.395156e-001  9.094267e-001  2.401506e-001
    outer loop
      vertex -3.415838e+001  8.291994e+001  5.345665e+000
      vertex -3.454179e+001  8.282629e+001  6.242330e+000
      vertex -3.355840e+001  8.247136e+001  6.196153e+000
    endloop
  endfacet
  facet normal  3.395079e-001  9.094279e-001  2.401567e-001
    outer loop
      vertex -3.415838e+001  8.291994e+001  5.345665e+000
      vertex -3.355840e+001  8.247136e+001  6.196153e+000
      vertex -3.306670e+001  8.229389e+001  6.173076e+000
    endloop
  endfacet
  facet normal  3.395101e-001  9.094278e-001  2.401537e-001
    outer loop
      vertex -3.415838e+001  8.291994e+001  5.345665e+000
      vertex -3.306670e+001  8.229389e+001  6.173076e+000
      vertex -3.257500e+001  8.211642e+001  6.150000e+000
    endloop
  endfacet
  facet normal  3.305700e-001  9.082389e-001  2.565651e-001
    outer loop
      vertex -3.415838e+001  8.291994e+001  5.345665e+000
      vertex -3.257500e+001  8.211642e+001  6.150000e+000
      vertex -3.257500e+001  8.234364e+001  5.345675e+000
    endloop
  endfacet
  facet normal  3.638078e-001  8.866888e-001  2.853542e-001
    outer loop
      vertex -3.361634e+001  8.239772e+001  6.394171e+000
      vertex -3.454179e+001  8.282629e+001  6.242330e+000
      vertex -3.466140e+001  8.277556e+001  6.552476e+000
    endloop
  endfacet
  facet normal  3.264065e-001  8.507617e-001  4.119023e-001
    outer loop
      vertex -3.454179e+001  8.282629e+001  6.242330e+000
      vertex -3.361634e+001  8.239772e+001  6.394171e+000
      vertex -3.355840e+001  8.247136e+001  6.196153e+000
    endloop
  endfacet
  facet normal  3.642558e-001  8.330312e-001  4.163853e-001
    outer loop
      vertex -3.355840e+001  8.247136e+001  6.196153e+000
      vertex -3.361634e+001  8.239772e+001  6.394171e+000
      vertex -3.309383e+001  8.220880e+001  6.315026e+000
    endloop
  endfacet
  facet normal  3.094900e-001  7.883465e-001  5.317196e-001
    outer loop
      vertex -3.355840e+001  8.247136e+001  6.196153e+000
      vertex -3.309383e+001  8.220880e+001  6.315026e+000
      vertex -3.306670e+001  8.229389e+001  6.173076e+000
    endloop
  endfacet
  facet normal  3.582459e-001  7.689959e-001  5.294384e-001
    outer loop
      vertex -3.306670e+001  8.229389e+001  6.173076e+000
      vertex -3.309383e+001  8.220880e+001  6.315026e+000
      vertex -3.257130e+001  8.201987e+001  6.235882e+000
    endloop
  endfacet
  facet normal  2.667858e-001  6.461882e-001  7.150288e-001
    outer loop
      vertex -3.306670e+001  8.229389e+001  6.173076e+000
      vertex -3.257130e+001  8.201987e+001  6.235882e+000
      vertex -3.257500e+001  8.211642e+001  6.150000e+000
    endloop
  endfacet
  facet normal -1.112138e-001  9.856230e-001  1.271961e-001
    outer loop
      vertex -3.504682e+001  8.265279e+001  7.145240e+000
      vertex -3.454179e+001  8.282629e+001  6.242330e+000
      vertex -3.521968e+001  8.262301e+001  7.224836e+000
    endloop
  endfacet
  facet normal -3.631708e-001  9.299047e-001 -5.817471e-002
    outer loop
      vertex -3.521968e+001  8.262301e+001  7.224836e+000
      vertex -3.454179e+001  8.282629e+001  6.242330e+000
      vertex -3.415838e+001  8.291994e+001  5.345665e+000
    endloop
  endfacet
  facet normal -4.172985e-001  9.040152e-001 -9.283539e-002
    outer loop
      vertex -3.521968e+001  8.262301e+001  7.224836e+000
      vertex -3.415838e+001  8.291994e+001  5.345665e+000
      vertex -3.599744e+001  8.232301e+001  7.799555e+000
    endloop
  endfacet
  facet normal -2.231516e-001  9.720499e-001  7.295360e-002
    outer loop
      vertex -3.466140e+001  8.277556e+001  6.552476e+000
      vertex -3.454179e+001  8.282629e+001  6.242330e+000
      vertex -3.499342e+001  8.265540e+001  7.137943e+000
    endloop
  endfacet
  facet normal -2.408903e-002  9.841585e-001  1.756468e-001
    outer loop
      vertex -3.499342e+001  8.265540e+001  7.137943e+000
      vertex -3.454179e+001  8.282629e+001  6.242330e+000
      vertex -3.504682e+001  8.265279e+001  7.145240e+000
    endloop
  endfacet
  facet normal -9.274476e-002  9.764121e-001 -1.949818e-001
    outer loop
      vertex -3.549594e+001  8.241195e+001  6.097515e-001
      vertex -3.477295e+001  8.273859e+001  1.901557e+000
      vertex -3.477298e+001  8.272660e+001  1.841552e+000
    endloop
  endfacet
  facet normal -2.906147e-002  9.724380e-001 -2.313433e-001
    outer loop
      vertex -3.549594e+001  8.241195e+001  6.097515e-001
      vertex -3.477298e+001  8.272660e+001  1.841552e+000
      vertex -3.452299e+001  8.262587e+001  1.386732e+000
    endloop
  endfacet
  facet normal -8.016117e-003  9.666185e-001 -2.560945e-001
    outer loop
      vertex -3.549594e+001  8.241195e+001  6.097515e-001
      vertex -3.452299e+001  8.262587e+001  1.386732e+000
      vertex -3.419796e+001  8.252599e+001  9.995779e-001
    endloop
  endfacet
  facet normal  1.538039e-003  9.583786e-001 -2.854960e-001
    outer loop
      vertex -3.549594e+001  8.241195e+001  6.097515e-001
      vertex -3.419796e+001  8.252599e+001  9.995779e-001
      vertex -3.348491e+001  8.236022e+001  4.469426e-001
    endloop
  endfacet
  facet normal -2.064268e-003  9.454115e-001 -3.258722e-001
    outer loop
      vertex -3.549594e+001  8.241195e+001  6.097515e-001
      vertex -3.348491e+001  8.236022e+001  4.469426e-001
      vertex -3.281121e+001  8.225282e+001  1.310920e-001
    endloop
  endfacet
  facet normal  3.667439e-006  9.489431e-001 -3.154474e-001
    outer loop
      vertex -3.549594e+001  8.241195e+001  6.097515e-001
      vertex -3.281121e+001  8.225282e+001  1.310920e-001
      vertex -3.485523e+001  8.225282e+001  1.310453e-001
    endloop
  endfacet
  facet normal  -0.000000e+000  9.795806e-001  2.010519e-001
    outer loop
      vertex -3.466140e+001  8.277556e+001  6.552476e+000
      vertex -3.499342e+001  8.265540e+001  7.137943e+000
      vertex -3.425960e+001  8.265540e+001  7.137943e+000
    endloop
  endfacet
  facet normal  1.046182e-002  9.728650e-001 -2.311371e-001
    outer loop
      vertex -2.237702e+001  8.272661e+001  1.841583e+000
      vertex -1.637500e+001  8.287314e+001  2.730000e+000
      vertex -2.279597e+001  8.257127e+001  1.168780e+000
    endloop
  endfacet
  facet normal  0.000000e+000  9.866698e-001 -1.627354e-001
    outer loop
      vertex -2.237702e+001  8.272661e+001  1.841583e+000
      vertex -2.237702e+001  8.287314e+001  2.730000e+000
      vertex -1.637500e+001  8.287314e+001  2.730000e+000
    endloop
  endfacet
  facet normal  3.863770e-003  9.932978e-001 -1.155194e-001
    outer loop
      vertex -1.607963e+001  8.288515e+001  2.826566e+000
      vertex -1.592768e+001  8.290549e+001  3.006608e+000
      vertex -1.057500e+001  8.295435e+001  3.605752e+000
    endloop
  endfacet
  facet normal  0.000000e+000  9.910104e-001  1.337849e-001
    outer loop
      vertex -2.237699e+001  8.282256e+001  6.274293e+000
      vertex -1.637500e+001  8.289603e+001  5.730000e+000
      vertex -2.237702e+001  8.289603e+001  5.730000e+000
    endloop
  endfacet
  facet normal -2.453962e-005  9.967069e-001  8.108933e-002
    outer loop
      vertex -1.587500e+001  8.294230e+001  5.230000e+000
      vertex -1.592766e+001  8.292413e+001  5.453360e+000
      vertex -1.138000e+001  8.294133e+001  5.243270e+000
    endloop
  endfacet
  facet normal  1.032271e-003  9.983588e-001 -5.725935e-002
    outer loop
      vertex -7.571419e+000  8.293536e+001  3.328804e+000
      vertex -1.057500e+001  8.295435e+001  3.605752e+000
      vertex -1.027918e+001  8.295915e+001  3.694757e+000
    endloop
  endfacet
  facet normal -3.875500e-004  9.933023e-001  1.155438e-001
    outer loop
      vertex  7.880582e+000  8.286414e+001  5.988624e+000
      vertex  1.265129e+001  8.289376e+001  5.750013e+000
      vertex  8.241484e+000  8.291338e+001  5.566529e+000
    endloop
  endfacet
  facet normal  -0.000000e+000  9.782947e-001  2.072182e-001
    outer loop
      vertex  6.025000e+000  8.274652e+001  6.707732e+000
      vertex -4.975000e+000  8.274652e+001  6.707732e+000
      vertex -2.289041e+001  8.265540e+001  7.137943e+000
    endloop
  endfacet
  facet normal  -0.000000e+000  9.782947e-001  2.072182e-001
    outer loop
      vertex  6.025000e+000  8.274652e+001  6.707732e+000
      vertex -2.289041e+001  8.265540e+001  7.137943e+000
      vertex  1.403431e+001  8.265540e+001  7.137943e+000
    endloop
  endfacet
  facet normal  4.167369e-004  9.798393e-001  1.997869e-001
    outer loop
      vertex  6.025000e+000  8.274652e+001  6.707732e+000
      vertex  1.403431e+001  8.265540e+001  7.137943e+000
      vertex  1.327747e+001  8.277902e+001  6.533205e+000
    endloop
  endfacet
  facet normal  9.169804e-005  9.824059e-001  1.867580e-001
    outer loop
      vertex  6.025000e+000  8.274652e+001  6.707732e+000
      vertex  1.327747e+001  8.277902e+001  6.533205e+000
      vertex  6.760789e+000  8.276530e+001  6.608563e+000
    endloop
  endfacet
  facet normal -2.110602e-007  9.432029e-001 -3.322171e-001
    outer loop
      vertex  1.494842e+001  8.225282e+001  1.310453e-001
      vertex -2.433874e+001  8.225282e+001  1.310702e-001
      vertex  6.025000e+000  8.227258e+001  1.871739e-001
    endloop
  endfacet
  facet normal  4.791324e-005  9.455758e-001 -3.254019e-001
    outer loop
      vertex  1.494842e+001  8.225282e+001  1.310453e-001
      vertex  6.025000e+000  8.227258e+001  1.871739e-001
      vertex  6.847126e+000  8.231464e+001  3.095183e-001
    endloop
  endfacet
  facet normal  5.100979e-004  9.518406e-001 -3.065926e-001
    outer loop
      vertex  1.494842e+001  8.225282e+001  1.310453e-001
      vertex  6.847126e+000  8.231464e+001  3.095183e-001
      vertex  7.621587e+000  8.243271e+001  6.773484e-001
    endloop
  endfacet
  facet normal -3.743183e-004  9.483262e-001 -3.172969e-001
    outer loop
      vertex  1.494842e+001  8.225282e+001  1.310453e-001
      vertex  7.621587e+000  8.243271e+001  6.773484e-001
      vertex  1.400546e+001  8.240270e+001  5.801352e-001
    endloop
  endfacet
  facet normal -4.442174e-004  9.818844e-001  1.894799e-001
    outer loop
      vertex -2.289041e+001  8.265540e+001  7.137943e+000
      vertex -4.975000e+000  8.274652e+001  6.707732e+000
      vertex -5.698380e+000  8.276468e+001  6.611942e+000
    endloop
  endfacet
  facet normal -9.649729e-004  9.849061e-001  1.730872e-001
    outer loop
      vertex -2.289041e+001  8.265540e+001  7.137943e+000
      vertex -5.698380e+000  8.276468e+001  6.611942e+000
      vertex -6.383703e+000  8.281483e+001  6.322767e+000
    endloop
  endfacet
  facet normal -2.154708e-003  9.887227e-001  1.497423e-001
    outer loop
      vertex -2.289041e+001  8.265540e+001  7.137943e+000
      vertex -6.383703e+000  8.281483e+001  6.322767e+000
      vertex -6.807078e+000  8.286124e+001  6.010241e+000
    endloop
  endfacet
  facet normal -4.163670e-003  9.925474e-001  1.217886e-001
    outer loop
      vertex -2.289041e+001  8.265540e+001  7.137943e+000
      vertex -6.807078e+000  8.286124e+001  6.010241e+000
      vertex -7.166725e+000  8.290973e+001  5.602744e+000
    endloop
  endfacet
  facet normal -1.854515e-004  9.868577e-001  1.615914e-001
    outer loop
      vertex -2.289041e+001  8.265540e+001  7.137943e+000
      vertex -7.166725e+000  8.290973e+001  5.602744e+000
      vertex -1.024331e+001  8.291068e+001  5.593389e+000
    endloop
  endfacet
  facet normal  1.381457e-003  9.847323e-001  1.740702e-001
    outer loop
      vertex -2.289041e+001  8.265540e+001  7.137943e+000
      vertex -1.024331e+001  8.291068e+001  5.593389e+000
      vertex -1.087100e+001  8.290948e+001  5.605189e+000
    endloop
  endfacet
  facet normal  2.379955e-004  9.999710e-001 -7.602471e-003
    outer loop
      vertex -1.587500e+001  8.292709e+001  3.230000e+000
      vertex -1.587500e+001  8.294230e+001  5.230000e+000
      vertex -1.138000e+001  8.294133e+001  5.243270e+000
    endloop
  endfacet
  facet normal -2.972600e-002  9.977968e-001  5.931305e-002
    outer loop
      vertex -1.587500e+001  8.292709e+001  3.230000e+000
      vertex -1.138000e+001  8.294133e+001  5.243270e+000
      vertex -1.157500e+001  8.297079e+001  4.650000e+000
    endloop
  endfacet
  facet normal -1.038693e-002  9.999458e-001  6.849553e-004
    outer loop
      vertex -1.587500e+001  8.292709e+001  3.230000e+000
      vertex -1.157500e+001  8.297079e+001  4.650000e+000
      vertex -1.140736e+001  8.297291e+001  4.095768e+000
    endloop
  endfacet
  facet normal -2.957432e-003  9.992878e-001 -3.761878e-002
    outer loop
      vertex -1.587500e+001  8.292709e+001  3.230000e+000
      vertex -1.140736e+001  8.297291e+001  4.095768e+000
      vertex -1.090668e+001  8.295974e+001  3.706610e+000
    endloop
  endfacet
  facet normal -2.981322e-004  9.978694e-001 -6.524292e-002
    outer loop
      vertex -1.587500e+001  8.292709e+001  3.230000e+000
      vertex -1.090668e+001  8.295974e+001  3.706610e+000
      vertex -1.027918e+001  8.295915e+001  3.694757e+000
    endloop
  endfacet
  facet normal -1.726014e-003  9.988402e-001 -4.811773e-002
    outer loop
      vertex -1.587500e+001  8.292709e+001  3.230000e+000
      vertex -1.027918e+001  8.295915e+001  3.694757e+000
      vertex -1.057500e+001  8.295435e+001  3.605752e+000
    endloop
  endfacet
  facet normal  1.732281e-003  9.953177e-001 -9.664162e-002
    outer loop
      vertex -1.587500e+001  8.292709e+001  3.230000e+000
      vertex -1.057500e+001  8.295435e+001  3.605752e+000
      vertex -1.592768e+001  8.290549e+001  3.006608e+000
    endloop
  endfacet
  facet normal  3.112699e-001 -1.509465e-002 -9.502016e-001
    outer loop
      vertex -1.637500e+001  8.287314e+001  2.730000e+000
      vertex -1.607963e+001  8.288515e+001  2.826566e+000
      vertex -2.433874e+001  8.225282e+001  1.310702e-001
    endloop
  endfacet
  facet normal  8.274958e-002  8.819270e-001 -4.640662e-001
    outer loop
      vertex -1.637500e+001  8.287314e+001  2.730000e+000
      vertex -2.433874e+001  8.225282e+001  1.310702e-001
      vertex -2.353431e+001  8.238639e+001  5.283624e-001
    endloop
  endfacet
  facet normal  3.060640e-002  9.503623e-001 -3.096365e-001
    outer loop
      vertex -1.637500e+001  8.287314e+001  2.730000e+000
      vertex -2.353431e+001  8.238639e+001  5.283624e-001
      vertex -2.279597e+001  8.257127e+001  1.168780e+000
    endloop
  endfacet
  facet normal  3.441151e-002  9.444031e-001 -3.269841e-001
    outer loop
      vertex -2.433874e+001  8.225282e+001  1.310702e-001
      vertex -1.607963e+001  8.288515e+001  2.826566e+000
      vertex -1.057500e+001  8.295435e+001  3.605752e+000
    endloop
  endfacet
  facet normal -8.882822e-003  9.864249e-001 -1.639730e-001
    outer loop
      vertex -2.433874e+001  8.225282e+001  1.310702e-001
      vertex -1.057500e+001  8.295435e+001  3.605752e+000
      vertex -7.571419e+000  8.293536e+001  3.328804e+000
    endloop
  endfacet
  facet normal -1.668249e-002  9.921060e-001 -1.242880e-001
    outer loop
      vertex -2.433874e+001  8.225282e+001  1.310702e-001
      vertex -7.571419e+000  8.293536e+001  3.328804e+000
      vertex -7.547254e+000  8.279635e+001  2.215897e+000
    endloop
  endfacet
  facet normal -8.642806e-003  9.824144e-001 -1.865140e-001
    outer loop
      vertex -2.433874e+001  8.225282e+001  1.310702e-001
      vertex -7.547254e+000  8.279635e+001  2.215897e+000
      vertex -7.459918e+000  8.271846e+001  1.801593e+000
    endloop
  endfacet
  facet normal -4.255485e-003  9.735637e-001 -2.283761e-001
    outer loop
      vertex -2.433874e+001  8.225282e+001  1.310702e-001
      vertex -7.459918e+000  8.271846e+001  1.801593e+000
      vertex -7.116289e+000  8.257391e+001  1.178957e+000
    endloop
  endfacet
  facet normal -1.735561e-003  9.637542e-001 -2.667862e-001
    outer loop
      vertex -2.433874e+001  8.225282e+001  1.310702e-001
      vertex -7.116289e+000  8.257391e+001  1.178957e+000
      vertex -6.763097e+000  8.247546e+001  8.210143e-001
    endloop
  endfacet
  facet normal -3.331380e-004  9.541262e-001 -2.994047e-001
    outer loop
      vertex -2.433874e+001  8.225282e+001  1.310702e-001
      vertex -6.763097e+000  8.247546e+001  8.210143e-001
      vertex -5.880951e+000  8.232362e+001  3.361568e-001
    endloop
  endfacet
  facet normal -2.639705e-005  9.459879e-001 -3.242019e-001
    outer loop
      vertex -2.433874e+001  8.225282e+001  1.310702e-001
      vertex -5.880951e+000  8.232362e+001  3.361568e-001
      vertex -4.975000e+000  8.227258e+001  1.871739e-001
    endloop
  endfacet
  facet normal  0.000000e+000  9.431671e-001 -3.323188e-001
    outer loop
      vertex -2.433874e+001  8.225282e+001  1.310702e-001
      vertex -4.975000e+000  8.227258e+001  1.871739e-001
      vertex  6.025000e+000  8.227258e+001  1.871739e-001
    endloop
  endfacet
  facet normal  2.644804e-004  9.961818e-001  8.730254e-002
    outer loop
      vertex -1.087100e+001  8.290948e+001  5.605189e+000
      vertex -1.138000e+001  8.294133e+001  5.243270e+000
      vertex -1.592766e+001  8.292413e+001  5.453360e+000
    endloop
  endfacet
  facet normal -3.324754e-005  9.952717e-001  9.713050e-002
    outer loop
      vertex -1.087100e+001  8.290948e+001  5.605189e+000
      vertex -1.592766e+001  8.292413e+001  5.453360e+000
      vertex -1.607962e+001  8.290655e+001  5.633426e+000
    endloop
  endfacet
  facet normal  2.799748e-005  9.941174e-001  1.083081e-001
    outer loop
      vertex -1.087100e+001  8.290948e+001  5.605189e+000
      vertex -1.607962e+001  8.290655e+001  5.633426e+000
      vertex -1.637500e+001  8.289603e+001  5.730000e+000
    endloop
  endfacet
  facet normal  8.167823e-004  9.897765e-001  1.426250e-001
    outer loop
      vertex -1.087100e+001  8.290948e+001  5.605189e+000
      vertex -1.637500e+001  8.289603e+001  5.730000e+000
      vertex -2.237699e+001  8.282256e+001  6.274293e+000
    endloop
  endfacet
  facet normal  3.297487e-003  9.828488e-001  1.843836e-001
    outer loop
      vertex -1.087100e+001  8.290948e+001  5.605189e+000
      vertex -2.237699e+001  8.282256e+001  6.274293e+000
      vertex -2.273869e+001  8.269601e+001  6.955324e+000
    endloop
  endfacet
  facet normal  7.871022e-003  9.747181e-001  2.232995e-001
    outer loop
      vertex -1.087100e+001  8.290948e+001  5.605189e+000
      vertex -2.273869e+001  8.269601e+001  6.955324e+000
      vertex -2.289041e+001  8.265540e+001  7.137943e+000
    endloop
  endfacet
  facet normal  4.820733e-005  9.963198e-001  8.571297e-002
    outer loop
      vertex -1.024331e+001  8.291068e+001  5.593389e+000
      vertex -7.166725e+000  8.290973e+001  5.602744e+000
      vertex -9.742696e+000  8.294413e+001  5.204319e+000
    endloop
  endfacet
  facet normal  7.850475e-004  9.967151e-001  8.098314e-002
    outer loop
      vertex -9.742696e+000  8.294413e+001  5.204319e+000
      vertex -7.166725e+000  8.290973e+001  5.602744e+000
      vertex -7.433454e+000  8.295178e+001  5.087751e+000
    endloop
  endfacet
  facet normal -8.989661e-004  9.988583e-001  4.776297e-002
    outer loop
      vertex -9.742696e+000  8.294413e+001  5.204319e+000
      vertex -7.433454e+000  8.295178e+001  5.087751e+000
      vertex -9.575000e+000  8.297079e+001  4.650000e+000
    endloop
  endfacet
  facet normal  1.648706e-003  9.993746e-001  3.532178e-002
    outer loop
      vertex -9.575000e+000  8.297079e+001  4.650000e+000
      vertex -7.433454e+000  8.295178e+001  5.087751e+000
      vertex -7.547254e+000  8.297433e+001  4.455192e+000
    endloop
  endfacet
  facet normal -1.482833e-003  9.999951e-001  2.737112e-003
    outer loop
      vertex -9.575000e+000  8.297079e+001  4.650000e+000
      vertex -7.547254e+000  8.297433e+001  4.455192e+000
      vertex -9.770193e+000  8.297212e+001  4.056463e+000
    endloop
  endfacet
  facet normal  5.229686e-003  9.993847e-001 -3.468229e-002
    outer loop
      vertex -9.770193e+000  8.297212e+001  4.056463e+000
      vertex -7.547254e+000  8.297433e+001  4.455192e+000
      vertex -7.571419e+000  8.293536e+001  3.328804e+000
    endloop
  endfacet
  facet normal  3.306948e-003  9.991748e-001 -4.048164e-002
    outer loop
      vertex -9.770193e+000  8.297212e+001  4.056463e+000
      vertex -7.571419e+000  8.293536e+001  3.328804e+000
      vertex -1.027918e+001  8.295915e+001  3.694757e+000
    endloop
  endfacet
  facet normal -1.076165e-004  9.854314e-001  1.700729e-001
    outer loop
      vertex  6.760789e+000  8.276530e+001  6.608563e+000
      vertex  1.327747e+001  8.277902e+001  6.533205e+000
      vertex  7.451617e+000  8.281656e+001  6.312025e+000
    endloop
  endfacet
  facet normal  8.992392e-004  9.895409e-001  1.442499e-001
    outer loop
      vertex  7.451617e+000  8.281656e+001  6.312025e+000
      vertex  1.327747e+001  8.277902e+001  6.533205e+000
      vertex  1.265129e+001  8.289376e+001  5.750013e+000
    endloop
  endfacet
  facet normal  1.219453e-003  9.891129e-001  1.471537e-001
    outer loop
      vertex  7.451617e+000  8.281656e+001  6.312025e+000
      vertex  1.265129e+001  8.289376e+001  5.750013e+000
      vertex  7.880582e+000  8.286414e+001  5.988624e+000
    endloop
  endfacet
  facet normal  1.158741e-003  9.968926e-001  7.876453e-002
    outer loop
      vertex  8.241484e+000  8.291338e+001  5.566529e+000
      vertex  1.265129e+001  8.289376e+001  5.750013e+000
      vertex  8.498384e+000  8.295436e+001  5.044114e+000
    endloop
  endfacet
  facet normal  1.591364e-003  9.970886e-001  7.623618e-002
    outer loop
      vertex  8.498384e+000  8.295436e+001  5.044114e+000
      vertex  1.265129e+001  8.289376e+001  5.750013e+000
      vertex  1.223730e+001  8.296490e+001  4.828265e+000
    endloop
  endfacet
  facet normal -8.686871e-004  9.994304e-001  3.373768e-002
    outer loop
      vertex  8.498384e+000  8.295436e+001  5.044114e+000
      vertex  1.223730e+001  8.296490e+001  4.828265e+000
      vertex  8.597254e+000  8.297433e+001  4.455192e+000
    endloop
  endfacet
  facet normal  2.698717e-003  9.999958e-001 -1.054932e-003
    outer loop
      vertex  8.597254e+000  8.297433e+001  4.455192e+000
      vertex  1.223730e+001  8.296490e+001  4.828265e+000
      vertex  1.210275e+001  8.296418e+001  3.804234e+000
    endloop
  endfacet
  facet normal -3.540869e-003  9.993933e-001 -3.464654e-002
    outer loop
      vertex  8.597254e+000  8.297433e+001  4.455192e+000
      vertex  1.210275e+001  8.296418e+001  3.804234e+000
      vertex  8.621413e+000  8.293536e+001  3.328810e+000
    endloop
  endfacet
  facet normal  8.738790e-003  9.922274e-001 -1.241311e-001
    outer loop
      vertex  8.621413e+000  8.293536e+001  3.328810e+000
      vertex  1.210275e+001  8.296418e+001  3.804234e+000
      vertex  8.597253e+000  8.279635e+001  2.215908e+000
    endloop
  endfacet
  facet normal -6.312226e-003  9.958043e-001 -9.129094e-002
    outer loop
      vertex  8.597253e+000  8.279635e+001  2.215908e+000
      vertex  1.210275e+001  8.296418e+001  3.804234e+000
      vertex  1.235188e+001  8.285460e+001  2.591695e+000
    endloop
  endfacet
  facet normal  3.581811e-003  9.821567e-001 -1.880302e-001
    outer loop
      vertex  8.597253e+000  8.279635e+001  2.215908e+000
      vertex  1.235188e+001  8.285460e+001  2.591695e+000
      vertex  8.487799e+000  8.270557e+001  1.739631e+000
    endloop
  endfacet
  facet normal  1.155233e-003  9.841430e-001 -1.773732e-001
    outer loop
      vertex  8.487799e+000  8.270557e+001  1.739631e+000
      vertex  1.235188e+001  8.285460e+001  2.591695e+000
      vertex  1.291110e+001  8.267472e+001  1.597296e+000
    endloop
  endfacet
  facet normal -3.699960e-004  9.748725e-001 -2.227630e-001
    outer loop
      vertex  8.487799e+000  8.270557e+001  1.739631e+000
      vertex  1.291110e+001  8.267472e+001  1.597296e+000
      vertex  8.269956e+000  8.260960e+001  1.320001e+000
    endloop
  endfacet
  facet normal  9.662314e-004  9.697912e-001 -2.439345e-001
    outer loop
      vertex  8.269956e+000  8.260960e+001  1.320001e+000
      vertex  1.291110e+001  8.267472e+001  1.597296e+000
      vertex  1.355501e+001  8.250249e+001  9.151105e-001
    endloop
  endfacet
  facet normal -7.343072e-004  9.643338e-001 -2.646880e-001
    outer loop
      vertex  8.269956e+000  8.260960e+001  1.320001e+000
      vertex  1.355501e+001  8.250249e+001  9.151105e-001
      vertex  7.621587e+000  8.243271e+001  6.773484e-001
    endloop
  endfacet
  facet normal  1.606031e-004  9.584409e-001 -2.852913e-001
    outer loop
      vertex  7.621587e+000  8.243271e+001  6.773484e-001
      vertex  1.355501e+001  8.250249e+001  9.151105e-001
      vertex  1.400546e+001  8.240270e+001  5.801352e-001
    endloop
  endfacet
  facet normal  -0.000000e+000  2.958890e-001  9.552224e-001
    outer loop
      vertex -3.728858e+001  8.138048e+001  8.525751e+000
      vertex -3.724738e+001  8.124756e+001  8.566924e+000
      vertex  3.724738e+001  8.124756e+001  8.566924e+000
    endloop
  endfacet
  facet normal  0.000000e+000  2.958889e-001  9.552224e-001
    outer loop
      vertex -3.728858e+001  8.138048e+001  8.525751e+000
      vertex  3.724738e+001  8.124756e+001  8.566924e+000
      vertex  3.728858e+001  8.138048e+001  8.525751e+000
    endloop
  endfacet
  facet normal  0.000000e+000  5.213715e-001  8.533298e-001
    outer loop
      vertex -3.728858e+001  8.138048e+001  8.525751e+000
      vertex  3.728858e+001  8.138048e+001  8.525751e+000
      vertex  3.644574e+001  8.205801e+001  8.111792e+000
    endloop
  endfacet
  facet normal -7.091238e-004  5.764347e-001  8.171430e-001
    outer loop
      vertex -3.728858e+001  8.138048e+001  8.525751e+000
      vertex  3.644574e+001  8.205801e+001  8.111792e+000
      vertex -2.557500e+001  8.220499e+001  7.954286e+000
    endloop
  endfacet
  facet normal -6.531776e-008  5.696498e-001  8.218876e-001
    outer loop
      vertex -3.728858e+001  8.138048e+001  8.525751e+000
      vertex -2.557500e+001  8.220499e+001  7.954286e+000
      vertex -3.157500e+001  8.220499e+001  7.954285e+000
    endloop
  endfacet
  facet normal -1.843070e-002  6.526791e-001  7.574103e-001
    outer loop
      vertex -3.728858e+001  8.138048e+001  8.525751e+000
      vertex -3.157500e+001  8.220499e+001  7.954285e+000
      vertex -3.238667e+001  8.225681e+001  7.889881e+000
    endloop
  endfacet
  facet normal -8.354282e-003  6.174628e-001  7.865558e-001
    outer loop
      vertex -3.728858e+001  8.138048e+001  8.525751e+000
      vertex -3.238667e+001  8.225681e+001  7.889881e+000
      vertex -3.599744e+001  8.232301e+001  7.799555e+000
    endloop
  endfacet
  facet normal  -0.000000e+000  8.524005e-001  5.228893e-001
    outer loop
      vertex  3.523977e+001  8.265540e+001  7.137943e+000
      vertex  1.911560e+001  8.265540e+001  7.137943e+000
      vertex  3.644574e+001  8.205801e+001  8.111792e+000
    endloop
  endfacet
  facet normal  7.770409e-003  9.080650e-001  4.187572e-001
    outer loop
      vertex  3.644574e+001  8.205801e+001  8.111792e+000
      vertex  1.911560e+001  8.265540e+001  7.137943e+000
      vertex  1.799455e+001  8.247562e+001  7.548575e+000
    endloop
  endfacet
  facet normal  3.328771e-003  8.523526e-001  5.229569e-001
    outer loop
      vertex  3.644574e+001  8.205801e+001  8.111792e+000
      vertex  1.799455e+001  8.247562e+001  7.548575e+000
      vertex  1.655127e+001  8.238120e+001  7.711669e+000
    endloop
  endfacet
  facet normal  -0.000000e+000  9.119318e-001  4.103415e-001
    outer loop
      vertex  1.403431e+001  8.265540e+001  7.137943e+000
      vertex -2.289041e+001  8.265540e+001  7.137943e+000
      vertex  1.539677e+001  8.244717e+001  7.600689e+000
    endloop
  endfacet
  facet normal  5.167818e-004  9.272386e-001  3.744710e-001
    outer loop
      vertex  1.539677e+001  8.244717e+001  7.600689e+000
      vertex -2.289041e+001  8.265540e+001  7.137943e+000
      vertex -2.326191e+001  8.255563e+001  7.385479e+000
    endloop
  endfacet
  facet normal -4.587438e-004  8.574643e-001  5.145431e-001
    outer loop
      vertex  1.539677e+001  8.244717e+001  7.600689e+000
      vertex -2.326191e+001  8.255563e+001  7.385479e+000
      vertex  1.655127e+001  8.238120e+001  7.711669e+000
    endloop
  endfacet
  facet normal -5.601134e-007  8.817958e-001  4.716313e-001
    outer loop
      vertex  1.655127e+001  8.238120e+001  7.711669e+000
      vertex -2.326191e+001  8.255563e+001  7.385479e+000
      vertex -2.401703e+001  8.238102e+001  7.711949e+000
    endloop
  endfacet
  facet normal  9.701629e-007  7.779521e-001  6.283234e-001
    outer loop
      vertex  1.655127e+001  8.238120e+001  7.711669e+000
      vertex -2.401703e+001  8.238102e+001  7.711949e+000
      vertex  3.644574e+001  8.205801e+001  8.111792e+000
    endloop
  endfacet
  facet normal  5.934637e-004  8.198510e-001  5.725766e-001
    outer loop
      vertex  3.644574e+001  8.205801e+001  8.111792e+000
      vertex -2.401703e+001  8.238102e+001  7.711949e+000
      vertex -2.472577e+001  8.226154e+001  7.883758e+000
    endloop
  endfacet
  facet normal  2.518773e-004  7.786614e-001  6.274445e-001
    outer loop
      vertex  3.644574e+001  8.205801e+001  8.111792e+000
      vertex -2.472577e+001  8.226154e+001  7.883758e+000
      vertex -2.557500e+001  8.220499e+001  7.954286e+000
    endloop
  endfacet
  facet normal  -0.000000e+000  1.719183e-001  9.851112e-001
    outer loop
      vertex  3.724738e+001  8.124756e+001  8.566924e+000
      vertex -3.724738e+001  8.124756e+001  8.566924e+000
      vertex  3.700450e+001  8.083005e+001  8.639787e+000
    endloop
  endfacet
  facet normal  3.331651e-004  2.291255e-001  9.733968e-001
    outer loop
      vertex  3.700450e+001  8.083005e+001  8.639787e+000
      vertex -3.724738e+001  8.124756e+001  8.566924e+000
      vertex -3.719329e+001  8.109800e+001  8.602110e+000
    endloop
  endfacet
  facet normal -7.123052e-005  1.198722e-001  9.927893e-001
    outer loop
      vertex  3.700450e+001  8.083005e+001  8.639787e+000
      vertex -3.719329e+001  8.109800e+001  8.602110e+000
      vertex -3.687219e+001  8.073035e+001  8.646523e+000
    endloop
  endfacet
  facet normal  2.751785e-005  4.710796e-002  9.988898e-001
    outer loop
      vertex  3.700450e+001  8.083005e+001  8.639787e+000
      vertex -3.687219e+001  8.073035e+001  8.646523e+000
      vertex  3.652111e+001  8.061559e+001  8.649914e+000
    endloop
  endfacet
  facet normal -2.684015e-006  2.781435e-002  9.996131e-001
    outer loop
      vertex  3.652111e+001  8.061559e+001  8.649914e+000
      vertex -3.687219e+001  8.073035e+001  8.646523e+000
      vertex -3.635051e+001  8.060548e+001  8.650000e+000
    endloop
  endfacet
  facet normal  -0.000000e+000  8.483858e-003  9.999641e-001
    outer loop
      vertex  3.652111e+001  8.061559e+001  8.649914e+000
      vertex -3.635051e+001  8.060548e+001  8.650000e+000
      vertex  3.635051e+001  8.060548e+001  8.650000e+000
    endloop
  endfacet
  facet normal  4.513138e-003  8.839676e-001  4.675265e-001
    outer loop
      vertex -3.599744e+001  8.232301e+001  7.799555e+000
      vertex -3.238667e+001  8.225681e+001  7.889881e+000
      vertex -3.521968e+001  8.262301e+001  7.224836e+000
    endloop
  endfacet
  facet normal -1.203287e-001  5.589941e-001  8.203942e-001
    outer loop
      vertex -3.521968e+001  8.262301e+001  7.224836e+000
      vertex -3.238667e+001  8.225681e+001  7.889881e+000
      vertex -3.338832e+001  8.243557e+001  7.621161e+000
    endloop
  endfacet
  facet normal  1.348120e-002  9.265568e-001  3.759132e-001
    outer loop
      vertex -3.521968e+001  8.262301e+001  7.224836e+000
      vertex -3.338832e+001  8.243557e+001  7.621161e+000
      vertex -3.504682e+001  8.265279e+001  7.145240e+000
    endloop
  endfacet
  facet normal  8.083072e-004  9.107860e-001  4.128780e-001
    outer loop
      vertex -3.504682e+001  8.265279e+001  7.145240e+000
      vertex -3.338832e+001  8.243557e+001  7.621161e+000
      vertex -3.425960e+001  8.265540e+001  7.137943e+000
    endloop
  endfacet
  facet normal  0.000000e+000  9.416124e-001  3.366989e-001
    outer loop
      vertex -3.504682e+001  8.265279e+001  7.145240e+000
      vertex -3.425960e+001  8.265540e+001  7.137943e+000
      vertex -3.499342e+001  8.265540e+001  7.137943e+000
    endloop
  endfacet
  facet normal -9.953717e-001  9.610005e-002  0.000000e+000
    outer loop
      vertex -3.897500e+001  7.737500e+001  4.222000e+000
      vertex -3.897500e+001  7.737500e+001  4.427774e+000
      vertex -3.887156e+001  7.844635e+001  3.320786e+000
    endloop
  endfacet
  facet normal -9.933487e-001  1.138302e-001  1.734841e-002
    outer loop
      vertex -3.887156e+001  7.844635e+001  3.320786e+000
      vertex -3.897500e+001  7.737500e+001  4.427774e+000
      vertex -3.878203e+001  7.883241e+001  5.914317e+000
    endloop
  endfacet
  facet normal -9.330758e-001  3.590523e-001 -2.123512e-002
    outer loop
      vertex -3.887156e+001  7.844635e+001  3.320786e+000
      vertex -3.878203e+001  7.883241e+001  5.914317e+000
      vertex -3.807325e+001  8.042237e+001  1.653951e+000
    endloop
  endfacet
  facet normal -9.190494e-001  3.940996e-001 -5.822040e-003
    outer loop
      vertex -3.807325e+001  8.042237e+001  1.653951e+000
      vertex -3.878203e+001  7.883241e+001  5.914317e+000
      vertex -3.818982e+001  8.023463e+001  7.347792e+000
    endloop
  endfacet
  facet normal -7.767566e-001  6.297822e-001  4.862096e-003
    outer loop
      vertex -3.807325e+001  8.042237e+001  1.653951e+000
      vertex -3.818982e+001  8.023463e+001  7.347792e+000
      vertex -3.735326e+001  8.131625e+001  8.944515e-001
    endloop
  endfacet
  facet normal -7.867419e-001  6.172805e-001  1.472351e-003
    outer loop
      vertex -3.735326e+001  8.131625e+001  8.944515e-001
      vertex -3.818982e+001  8.023463e+001  7.347792e+000
      vertex -3.728858e+001  8.138048e+001  8.525751e+000
    endloop
  endfacet
  facet normal -6.726226e-001  7.399855e-001 -5.276490e-004
    outer loop
      vertex -3.735326e+001  8.131625e+001  8.944515e-001
      vertex -3.728858e+001  8.138048e+001  8.525751e+000
      vertex -3.691796e+001  8.171175e+001  6.577746e-001
    endloop
  endfacet
  facet normal -5.872424e-001  8.093857e-001  6.416117e-003
    outer loop
      vertex -3.691796e+001  8.171175e+001  6.577746e-001
      vertex -3.728858e+001  8.138048e+001  8.525751e+000
      vertex -3.599744e+001  8.232301e+001  7.799555e+000
    endloop
  endfacet
  facet normal -5.755654e-001  8.177450e-001  4.195550e-003
    outer loop
      vertex -3.691796e+001  8.171175e+001  6.577746e-001
      vertex -3.599744e+001  8.232301e+001  7.799555e+000
      vertex -3.626071e+001  8.217424e+001  6.792659e-001
    endloop
  endfacet
  facet normal -4.883212e-001  8.726639e-001 -1.778214e-004
    outer loop
      vertex -3.626071e+001  8.217424e+001  6.792659e-001
      vertex -3.599744e+001  8.232301e+001  7.799555e+000
      vertex -3.595705e+001  8.234421e+001  9.060668e-001
    endloop
  endfacet
  facet normal -3.087258e-001  9.511510e-001  0.000000e+000
    outer loop
      vertex -3.415838e+001  8.291994e+001  5.345665e+000
      vertex -3.415838e+001  8.291994e+001  3.304319e+000
      vertex -3.599744e+001  8.232301e+001  7.799555e+000
    endloop
  endfacet
  facet normal -3.062195e-001  9.519603e-001  1.132843e-003
    outer loop
      vertex -3.599744e+001  8.232301e+001  7.799555e+000
      vertex -3.415838e+001  8.291994e+001  3.304319e+000
      vertex -3.595705e+001  8.234421e+001  9.060668e-001
    endloop
  endfacet
  facet normal  1.082894e-005  7.969970e-001 -6.039832e-001
    outer loop
      vertex -3.485523e+001  8.225282e+001  1.310453e-001
      vertex -3.281121e+001  8.225282e+001  1.310920e-001
      vertex -3.485523e+001  8.152171e+001 -8.336936e-001
    endloop
  endfacet
  facet normal -2.578928e-002  8.222875e-001 -5.684875e-001
    outer loop
      vertex -3.485523e+001  8.152171e+001 -8.336936e-001
      vertex -3.281121e+001  8.225282e+001  1.310920e-001
      vertex -3.157500e+001  8.220116e+001  2.789208e-004
    endloop
  endfacet
  facet normal  1.224591e-007  7.752756e-001 -6.316231e-001
    outer loop
      vertex -3.485523e+001  8.152171e+001 -8.336936e-001
      vertex -3.157500e+001  8.220116e+001  2.789208e-004
      vertex -2.557500e+001  8.220116e+001  2.800841e-004
    endloop
  endfacet
  facet normal -3.259765e-009  3.026163e-001 -9.531124e-001
    outer loop
      vertex  3.485523e+001  8.036800e+001 -1.200000e+000
      vertex -3.485523e+001  8.036800e+001 -1.200000e+000
      vertex  3.485524e+001  8.152172e+001 -8.336914e-001
    endloop
  endfacet
  facet normal -2.966724e-009  3.026163e-001 -9.531125e-001
    outer loop
      vertex  3.485524e+001  8.152172e+001 -8.336914e-001
      vertex -3.485523e+001  8.036800e+001 -1.200000e+000
      vertex -3.485523e+001  8.152171e+001 -8.336936e-001
    endloop
  endfacet
  facet normal -6.154892e-008  7.526897e-001 -6.583754e-001
    outer loop
      vertex  3.485524e+001  8.152172e+001 -8.336914e-001
      vertex -3.485523e+001  8.152171e+001 -8.336936e-001
      vertex  1.657493e+001  8.214069e+001 -1.260471e-001
    endloop
  endfacet
  facet normal -7.597316e-004  7.793992e-001 -6.265272e-001
    outer loop
      vertex  1.657493e+001  8.214069e+001 -1.260471e-001
      vertex -3.485523e+001  8.152171e+001 -8.336936e-001
      vertex -2.557500e+001  8.220116e+001  2.800841e-004
    endloop
  endfacet
  facet normal  1.190706e-004  9.168990e-001 -3.991192e-001
    outer loop
      vertex  1.657493e+001  8.214069e+001 -1.260471e-001
      vertex -2.557500e+001  8.220116e+001  2.800841e-004
      vertex  1.494842e+001  8.225282e+001  1.310453e-001
    endloop
  endfacet
  facet normal -2.333836e-007  9.300808e-001 -3.673550e-001
    outer loop
      vertex  1.494842e+001  8.225282e+001  1.310453e-001
      vertex -2.557500e+001  8.220116e+001  2.800841e-004
      vertex -2.433874e+001  8.225282e+001  1.310702e-001
    endloop
  endfacet
  facet normal  1.208468e-002  8.862609e-001 -4.630288e-001
    outer loop
      vertex  1.657493e+001  8.214069e+001 -1.260471e-001
      vertex  1.820156e+001  8.225282e+001  1.310277e-001
      vertex  3.485524e+001  8.152172e+001 -8.336914e-001
    endloop
  endfacet
  facet normal  1.002349e-006  7.969994e-001 -6.039801e-001
    outer loop
      vertex  3.485524e+001  8.152172e+001 -8.336914e-001
      vertex  1.820156e+001  8.225282e+001  1.310277e-001
      vertex  3.485523e+001  8.225282e+001  1.310453e-001
    endloop
  endfacet
  facet normal  0.000000e+000  6.658250e-007  1.000000e+000
    outer loop
      vertex -2.287500e+001  8.125809e+001  2.730000e+000
      vertex -1.637500e+001  8.125809e+001  2.730000e+000
      vertex -2.287500e+001  8.269041e+001  2.729999e+000
    endloop
  endfacet
  facet normal -1.467191e-007  0.000000e+000  9.999999e-001
    outer loop
      vertex -2.287500e+001  8.269041e+001  2.729999e+000
      vertex -1.637500e+001  8.125809e+001  2.730000e+000
      vertex -1.637500e+001  8.287314e+001  2.730000e+000
    endloop
  endfacet
  facet normal  0.000000e+000 -5.219207e-006  1.000000e+000
    outer loop
      vertex -2.287500e+001  8.269041e+001  2.729999e+000
      vertex -1.637500e+001  8.287314e+001  2.730000e+000
      vertex -2.237702e+001  8.287314e+001  2.730000e+000
    endloop
  endfacet
  facet normal  9.516877e-001 -1.767846e-007  3.070677e-001
    outer loop
      vertex -2.328071e+001  8.128668e+001  2.937770e+000
      vertex -2.337500e+001  8.256242e+001  3.230001e+000
      vertex -2.337500e+001  8.132005e+001  3.230000e+000
    endloop
  endfacet
  facet normal  9.616280e-001  8.256012e-003  2.742324e-001
    outer loop
      vertex -2.337500e+001  8.256242e+001  3.230001e+000
      vertex -2.328071e+001  8.128668e+001  2.937770e+000
      vertex -2.329980e+001  8.256328e+001  2.966294e+000
    endloop
  endfacet
  facet normal  6.512262e-001 -7.214927e-003  7.588495e-001
    outer loop
      vertex -2.329980e+001  8.256328e+001  2.966294e+000
      vertex -2.328071e+001  8.128668e+001  2.937770e+000
      vertex -2.310283e+001  8.126604e+001  2.784925e+000
    endloop
  endfacet
  facet normal  7.607538e-001  2.483462e-002  6.485652e-001
    outer loop
      vertex -2.329980e+001  8.256328e+001  2.966294e+000
      vertex -2.310283e+001  8.126604e+001  2.784925e+000
      vertex -2.320535e+001  8.258489e+001  2.854676e+000
    endloop
  endfacet
  facet normal  2.331335e-001 -3.327804e-002  9.718752e-001
    outer loop
      vertex -2.320535e+001  8.258489e+001  2.854676e+000
      vertex -2.310283e+001  8.126604e+001  2.784925e+000
      vertex -2.287500e+001  8.125809e+001  2.730000e+000
    endloop
  endfacet
  facet normal  3.530955e-001  6.229374e-007  9.355872e-001
    outer loop
      vertex -2.320535e+001  8.258489e+001  2.854676e+000
      vertex -2.287500e+001  8.125809e+001  2.730000e+000
      vertex -2.287500e+001  8.269041e+001  2.729999e+000
    endloop
  endfacet
  facet normal  1.000000e+000  0.000000e+000  0.000000e+000
    outer loop
      vertex -2.337500e+001  8.257810e+001  5.229999e+000
      vertex -2.337500e+001  8.133750e+001  5.230000e+000
      vertex -2.337500e+001  8.256242e+001  3.230001e+000
    endloop
  endfacet
  facet normal  1.000000e+000  0.000000e+000  0.000000e+000
    outer loop
      vertex -2.337500e+001  8.256242e+001  3.230001e+000
      vertex -2.337500e+001  8.133750e+001  5.230000e+000
      vertex -2.337500e+001  8.132005e+001  3.230000e+000
    endloop
  endfacet
  facet normal  5.184208e-001  0.000000e+000 -8.551258e-001
    outer loop
      vertex -2.331831e+001  8.257938e+001  5.461241e+000
      vertex -2.287500e+001  8.271365e+001  5.730000e+000
      vertex -2.287500e+001  8.128439e+001  5.730000e+000
    endloop
  endfacet
  facet normal  2.290886e-001 -1.220015e-001 -9.657298e-001
    outer loop
      vertex -2.331831e+001  8.257938e+001  5.461241e+000
      vertex -2.287500e+001  8.128439e+001  5.730000e+000
      vertex -2.310284e+001  8.129137e+001  5.675071e+000
    endloop
  endfacet
  facet normal  6.506656e-001 -1.718421e-002 -7.591700e-001
    outer loop
      vertex -2.331831e+001  8.257938e+001  5.461241e+000
      vertex -2.310284e+001  8.129137e+001  5.675071e+000
      vertex -2.328074e+001  8.130929e+001  5.522198e+000
    endloop
  endfacet
  facet normal  9.519945e-001  1.348946e-002 -3.058175e-001
    outer loop
      vertex -2.331831e+001  8.257938e+001  5.461241e+000
      vertex -2.328074e+001  8.130929e+001  5.522198e+000
      vertex -2.337500e+001  8.133750e+001  5.230000e+000
    endloop
  endfacet
  facet normal  9.712432e-001 -1.830243e-007 -2.380897e-001
    outer loop
      vertex -2.331831e+001  8.257938e+001  5.461241e+000
      vertex -2.337500e+001  8.133750e+001  5.230000e+000
      vertex -2.337500e+001  8.257810e+001  5.229999e+000
    endloop
  endfacet
  facet normal  -0.000000e+000  0.000000e+000 -1.000000e+000
    outer loop
      vertex -2.237702e+001  8.289603e+001  5.730000e+000
      vertex -1.637500e+001  8.289603e+001  5.730000e+000
      vertex -2.287500e+001  8.271365e+001  5.730000e+000
    endloop
  endfacet
  facet normal  0.000000e+000  0.000000e+000 -1.000000e+000
    outer loop
      vertex -2.287500e+001  8.271365e+001  5.730000e+000
      vertex -1.637500e+001  8.289603e+001  5.730000e+000
      vertex -1.637500e+001  8.128439e+001  5.730000e+000
    endloop
  endfacet
  facet normal  0.000000e+000  0.000000e+000 -1.000000e+000
    outer loop
      vertex -2.287500e+001  8.271365e+001  5.730000e+000
      vertex -1.637500e+001  8.128439e+001  5.730000e+000
      vertex -2.287500e+001  8.128439e+001  5.730000e+000
    endloop
  endfacet
  facet normal -1.000000e+000 -2.571067e-005  3.773748e-006
    outer loop
      vertex -2.457500e+001  8.194246e+001  2.000008e+000
      vertex -2.457499e+001  8.203228e+001  6.149940e+000
      vertex -2.457500e+001  8.217225e+001  4.070999e+000
    endloop
  endfacet
  facet normal -1.000000e+000  1.411826e-005  1.020720e-006
    outer loop
      vertex -2.457500e+001  8.122169e+001  6.150000e+000
      vertex -2.457499e+001  8.203228e+001  6.149940e+000
      vertex -2.457500e+001  8.137204e+001  4.070374e+000
    endloop
  endfacet
  facet normal -1.000000e+000  7.726498e-006  3.050036e-006
    outer loop
      vertex -2.457500e+001  8.137204e+001  4.070374e+000
      vertex -2.457499e+001  8.203228e+001  6.149940e+000
      vertex -2.457500e+001  8.194246e+001  2.000008e+000
    endloop
  endfacet
  facet normal -1.000000e+000 -2.333442e-006  2.783606e-007
    outer loop
      vertex -2.457500e+001  8.137204e+001  4.070374e+000
      vertex -2.457500e+001  8.194246e+001  2.000008e+000
      vertex -2.457500e+001  8.112506e+001  2.000000e+000
    endloop
  endfacet
  facet normal -8.269235e-001 -5.792045e-003 -5.622846e-001
    outer loop
      vertex -2.476395e+001  8.110622e+001  6.734979e+000
      vertex -2.481032e+001  8.195670e+001  6.794415e+000
      vertex -2.469406e+001  8.197630e+001  6.623229e+000
    endloop
  endfacet
  facet normal -9.364637e-001  3.034288e-002 -3.494497e-001
    outer loop
      vertex -2.469406e+001  8.197630e+001  6.623229e+000
      vertex -2.460077e+001  8.200311e+001  6.375554e+000
      vertex -2.476395e+001  8.110622e+001  6.734979e+000
    endloop
  endfacet
  facet normal -9.854360e-001  1.415025e-001 -9.430225e-002
    outer loop
      vertex -2.476395e+001  8.110622e+001  6.734979e+000
      vertex -2.460077e+001  8.200311e+001  6.375554e+000
      vertex -2.457499e+001  8.203228e+001  6.149940e+000
    endloop
  endfacet
  facet normal -9.515899e-001 -9.528550e-006 -3.073708e-001
    outer loop
      vertex -2.476395e+001  8.110622e+001  6.734979e+000
      vertex -2.457499e+001  8.203228e+001  6.149940e+000
      vertex -2.457500e+001  8.122169e+001  6.150000e+000
    endloop
  endfacet
  facet normal -9.327737e-002  0.000000e+000 -9.956402e-001
    outer loop
      vertex -2.557500e+001  8.191225e+001  7.150000e+000
      vertex -2.538926e+001  8.191447e+001  7.132598e+000
      vertex -2.557500e+001  8.100392e+001  7.150000e+000
    endloop
  endfacet
  facet normal -3.784844e-001  5.955492e-002 -9.236897e-001
    outer loop
      vertex -2.557500e+001  8.100392e+001  7.150000e+000
      vertex -2.538926e+001  8.191447e+001  7.132598e+000
      vertex -2.502262e+001  8.193346e+001  6.983593e+000
    endloop
  endfacet
  facet normal -2.319702e-001 -3.616886e-002 -9.720502e-001
    outer loop
      vertex -2.557500e+001  8.100392e+001  7.150000e+000
      vertex -2.502262e+001  8.193346e+001  6.983593e+000
      vertex -2.511948e+001  8.103265e+001  7.040226e+000
    endloop
  endfacet
  facet normal -6.665972e-001  2.483918e-002 -7.450041e-001
    outer loop
      vertex -2.511948e+001  8.103265e+001  7.040226e+000
      vertex -2.502262e+001  8.193346e+001  6.983593e+000
      vertex -2.481032e+001  8.195670e+001  6.794415e+000
    endloop
  endfacet
  facet normal -6.533735e-001  1.726671e-002 -7.568388e-001
    outer loop
      vertex -2.511948e+001  8.103265e+001  7.040226e+000
      vertex -2.481032e+001  8.195670e+001  6.794415e+000
      vertex -2.476395e+001  8.110622e+001  6.734979e+000
    endloop
  endfacet
  facet normal  0.000000e+000  0.000000e+000 -1.000000e+000
    outer loop
      vertex -2.557500e+001  8.191225e+001  7.150000e+000
      vertex -2.557500e+001  8.100392e+001  7.150000e+000
      vertex -3.157500e+001  8.191225e+001  7.150000e+000
    endloop
  endfacet
  facet normal  0.000000e+000  0.000000e+000 -1.000000e+000
    outer loop
      vertex -3.157500e+001  8.191225e+001  7.150000e+000
      vertex -2.557500e+001  8.100392e+001  7.150000e+000
      vertex -3.157500e+001  8.100392e+001  7.150000e+000
    endloop
  endfacet
  facet normal  9.990749e-001  0.000000e+000 -4.300103e-002
    outer loop
      vertex -3.257500e+001  8.122169e+001  6.150000e+000
      vertex -3.257500e+001  8.211642e+001  6.150000e+000
      vertex -3.257130e+001  8.201987e+001  6.235882e+000
    endloop
  endfacet
  facet normal  9.864632e-001  1.302000e-002 -1.634646e-001
    outer loop
      vertex -3.257500e+001  8.122169e+001  6.150000e+000
      vertex -3.257130e+001  8.201987e+001  6.235882e+000
      vertex -3.254501e+001  8.200117e+001  6.393074e+000
    endloop
  endfacet
  facet normal  9.464469e-001  6.236912e-002 -3.167781e-001
    outer loop
      vertex -3.257500e+001  8.122169e+001  6.150000e+000
      vertex -3.254501e+001  8.200117e+001  6.393074e+000
      vertex -3.249086e+001  8.198412e+001  6.551491e+000
    endloop
  endfacet
  facet normal  8.644358e-001  1.562380e-001 -4.778498e-001
    outer loop
      vertex -3.257500e+001  8.122169e+001  6.150000e+000
      vertex -3.249086e+001  8.198412e+001  6.551491e+000
      vertex -3.238455e+001  8.196344e+001  6.737055e+000
    endloop
  endfacet
  facet normal  9.515359e-001 -9.194521e-004 -3.075360e-001
    outer loop
      vertex -3.257500e+001  8.122169e+001  6.150000e+000
      vertex -3.238455e+001  8.196344e+001  6.737055e+000
      vertex -3.238605e+001  8.110622e+001  6.734979e+000
    endloop
  endfacet
  facet normal  7.354825e-001  3.543311e-004 -6.775438e-001
    outer loop
      vertex -3.238455e+001  8.196344e+001  6.737055e+000
      vertex -3.222631e+001  8.194281e+001  6.908809e+000
      vertex -3.238605e+001  8.110622e+001  6.734979e+000
    endloop
  endfacet
  facet normal  5.297545e-001  7.440431e-002 -8.448813e-001
    outer loop
      vertex -3.238605e+001  8.110622e+001  6.734979e+000
      vertex -3.222631e+001  8.194281e+001  6.908809e+000
      vertex -3.196522e+001  8.192239e+001  7.070722e+000
    endloop
  endfacet
  facet normal  6.486984e-001 -2.153617e-002 -7.607409e-001
    outer loop
      vertex -3.238605e+001  8.110622e+001  6.734979e+000
      vertex -3.196522e+001  8.192239e+001  7.070722e+000
      vertex -3.203052e+001  8.103265e+001  7.040226e+000
    endloop
  endfacet
  facet normal  1.995336e-001  1.893517e-002 -9.797081e-001
    outer loop
      vertex -3.203052e+001  8.103265e+001  7.040226e+000
      vertex -3.196522e+001  8.192239e+001  7.070722e+000
      vertex -3.157500e+001  8.191225e+001  7.150000e+000
    endloop
  endfacet
  facet normal  2.342802e-001  0.000000e+000 -9.721692e-001
    outer loop
      vertex -3.203052e+001  8.103265e+001  7.040226e+000
      vertex -3.157500e+001  8.191225e+001  7.150000e+000
      vertex -3.157500e+001  8.100392e+001  7.150000e+000
    endloop
  endfacet
  facet normal  1.000000e+000  0.000000e+000  -0.000000e+000
    outer loop
      vertex -3.257500e+001  8.122169e+001  6.150000e+000
      vertex -3.257500e+001  8.137204e+001  4.070374e+000
      vertex -3.257500e+001  8.211642e+001  6.150000e+000
    endloop
  endfacet
  facet normal  1.000000e+000  0.000000e+000  0.000000e+000
    outer loop
      vertex -3.257500e+001  8.211642e+001  6.150000e+000
      vertex -3.257500e+001  8.137204e+001  4.070374e+000
      vertex -3.257500e+001  8.195368e+001  2.056169e+000
    endloop
  endfacet
  facet normal  1.000000e+000  0.000000e+000  0.000000e+000
    outer loop
      vertex -3.257500e+001  8.137204e+001  4.070374e+000
      vertex -3.257500e+001  8.112506e+001  2.000000e+000
      vertex -3.257500e+001  8.195368e+001  2.056169e+000
    endloop
  endfacet
  facet normal  1.000000e+000  0.000000e+000  0.000000e+000
    outer loop
      vertex -3.257500e+001  8.195368e+001  2.056169e+000
      vertex -3.257500e+001  8.112506e+001  2.000000e+000
      vertex -3.257500e+001  8.194245e+001  2.000000e+000
    endloop
  endfacet
  facet normal  1.000000e+000  0.000000e+000  0.000000e+000
    outer loop
      vertex -3.257500e+001  8.211642e+001  6.150000e+000
      vertex -3.257500e+001  8.195368e+001  2.056169e+000
      vertex -3.257500e+001  8.234364e+001  5.345675e+000
    endloop
  endfacet
  facet normal  1.000000e+000  0.000000e+000  0.000000e+000
    outer loop
      vertex -3.257500e+001  8.234364e+001  5.345675e+000
      vertex -3.257500e+001  8.195368e+001  2.056169e+000
      vertex -3.257500e+001  8.234364e+001  3.304319e+000
    endloop
  endfacet
  facet normal -3.346140e-001  9.420285e-001  2.481275e-002
    outer loop
      vertex -3.415838e+001  8.291994e+001  3.304319e+000
      vertex -3.477295e+001  8.273859e+001  1.901557e+000
      vertex -3.595705e+001  8.234421e+001  9.060668e-001
    endloop
  endfacet
  facet normal -2.202413e-001  9.678538e-001 -1.214607e-001
    outer loop
      vertex -3.595705e+001  8.234421e+001  9.060668e-001
      vertex -3.477295e+001  8.273859e+001  1.901557e+000
      vertex -3.549594e+001  8.241195e+001  6.097515e-001
    endloop
  endfacet
  facet normal  -0.000000e+000  9.063071e-001  4.226196e-001
    outer loop
      vertex  6.025000e+000  8.227258e+001  1.871739e-001
      vertex -4.975000e+000  8.227258e+001  1.871739e-001
      vertex  6.025000e+000  8.198682e+001  8.000000e-001
    endloop
  endfacet
  facet normal  0.000000e+000  9.063071e-001  4.226196e-001
    outer loop
      vertex  6.025000e+000  8.198682e+001  8.000000e-001
      vertex -4.975000e+000  8.227258e+001  1.871739e-001
      vertex -4.975000e+000  8.198682e+001  8.000000e-001
    endloop
  endfacet
  facet normal  4.214963e-001  9.032098e-001 -8.095019e-002
    outer loop
      vertex -6.474942e+000  8.230347e+001  2.299982e+000
      vertex -7.459918e+000  8.271846e+001  1.801593e+000
      vertex -7.547254e+000  8.279635e+001  2.215897e+000
    endloop
  endfacet
  facet normal  4.268501e-001  8.993450e-001 -9.474907e-002
    outer loop
      vertex -6.474942e+000  8.230347e+001  2.299982e+000
      vertex -6.399410e+000  8.221809e+001  1.829835e+000
      vertex -7.459918e+000  8.271846e+001  1.801593e+000
    endloop
  endfacet
  facet normal  3.198646e-001  8.985223e-001  3.005733e-001
    outer loop
      vertex -5.880951e+000  8.232362e+001  3.361568e-001
      vertex -6.763097e+000  8.247546e+001  8.210143e-001
      vertex -5.936350e+000  8.207157e+001  1.148563e+000
    endloop
  endfacet
  facet normal  3.813299e-001  9.104607e-001  1.601532e-001
    outer loop
      vertex -6.763097e+000  8.247546e+001  8.210143e-001
      vertex -6.159211e+000  8.212432e+001  1.379324e+000
      vertex -5.936350e+000  8.207157e+001  1.148563e+000
    endloop
  endfacet
  facet normal  1.448479e-001  8.967493e-001  4.181626e-001
    outer loop
      vertex -4.975000e+000  8.198682e+001  8.000000e-001
      vertex -4.975000e+000  8.227258e+001  1.871739e-001
      vertex -5.620747e+000  8.202299e+001  9.461124e-001
    endloop
  endfacet
  facet normal  1.167826e-001  9.096864e-001  3.985379e-001
    outer loop
      vertex -5.620747e+000  8.202299e+001  9.461124e-001
      vertex -4.975000e+000  8.227258e+001  1.871739e-001
      vertex -5.880951e+000  8.232362e+001  3.361568e-001
    endloop
  endfacet
  facet normal  3.302989e-001  8.948797e-001  3.001548e-001
    outer loop
      vertex -5.620747e+000  8.202299e+001  9.461124e-001
      vertex -5.880951e+000  8.232362e+001  3.361568e-001
      vertex -5.936350e+000  8.207157e+001  1.148563e+000
    endloop
  endfacet
  facet normal  4.593744e-001  8.861822e-001  6.046828e-002
    outer loop
      vertex -6.159211e+000  8.212432e+001  1.379324e+000
      vertex -6.763097e+000  8.247546e+001  8.210143e-001
      vertex -6.399410e+000  8.221809e+001  1.829835e+000
    endloop
  endfacet
  facet normal  3.641650e-001  9.254191e-001  1.048017e-001
    outer loop
      vertex -6.399410e+000  8.221809e+001  1.829835e+000
      vertex -6.763097e+000  8.247546e+001  8.210143e-001
      vertex -7.116289e+000  8.257391e+001  1.178957e+000
    endloop
  endfacet
  facet normal  4.260239e-001  9.043620e-001  2.515894e-002
    outer loop
      vertex -6.399410e+000  8.221809e+001  1.829835e+000
      vertex -7.116289e+000  8.257391e+001  1.178957e+000
      vertex -7.459918e+000  8.271846e+001  1.801593e+000
    endloop
  endfacet
  facet normal  4.221000e-001  9.056494e-001 -4.038326e-002
    outer loop
      vertex -7.547254e+000  8.297433e+001  4.455192e+000
      vertex -6.475003e+000  8.247435e+001  4.450070e+000
      vertex -7.571419e+000  8.293536e+001  3.328804e+000
    endloop
  endfacet
  facet normal  4.473262e-001  8.915608e-001 -7.084297e-002
    outer loop
      vertex -7.571419e+000  8.293536e+001  3.328804e+000
      vertex -6.475003e+000  8.247435e+001  4.450070e+000
      vertex -6.474942e+000  8.230347e+001  2.299982e+000
    endloop
  endfacet
  facet normal  4.220759e-001  9.006516e-001 -1.033373e-001
    outer loop
      vertex -7.571419e+000  8.293536e+001  3.328804e+000
      vertex -6.474942e+000  8.230347e+001  2.299982e+000
      vertex -7.547254e+000  8.279635e+001  2.215897e+000
    endloop
  endfacet
  facet normal  4.222064e-001  9.058226e-001 -3.503253e-002
    outer loop
      vertex -6.475003e+000  8.247435e+001  4.450070e+000
      vertex -7.547254e+000  8.297433e+001  4.455192e+000
      vertex -6.431085e+000  8.246781e+001  4.810303e+000
    endloop
  endfacet
  facet normal  4.244442e-001  9.043782e-001 -4.412657e-002
    outer loop
      vertex -6.431085e+000  8.246781e+001  4.810303e+000
      vertex -7.547254e+000  8.297433e+001  4.455192e+000
      vertex -7.433454e+000  8.295178e+001  5.087751e+000
    endloop
  endfacet
  facet normal  4.051787e-001  9.066340e-001 -1.176642e-001
    outer loop
      vertex -6.431085e+000  8.246781e+001  4.810303e+000
      vertex -7.433454e+000  8.295178e+001  5.087751e+000
      vertex -6.314076e+000  8.245648e+001  5.125925e+000
    endloop
  endfacet
  facet normal  4.047576e-001  9.042851e-001 -1.357927e-001
    outer loop
      vertex -6.314076e+000  8.245648e+001  5.125925e+000
      vertex -7.433454e+000  8.295178e+001  5.087751e+000
      vertex -7.166725e+000  8.290973e+001  5.602744e+000
    endloop
  endfacet
  facet normal  3.742343e-001  9.070311e-001 -1.929846e-001
    outer loop
      vertex -6.314076e+000  8.245648e+001  5.125925e+000
      vertex -7.166725e+000  8.290973e+001  5.602744e+000
      vertex -6.134610e+000  8.244106e+001  5.401475e+000
    endloop
  endfacet
  facet normal  3.681235e-001  9.040233e-001 -2.173174e-001
    outer loop
      vertex -6.134610e+000  8.244106e+001  5.401475e+000
      vertex -7.166725e+000  8.290973e+001  5.602744e+000
      vertex -6.807078e+000  8.286124e+001  6.010241e+000
    endloop
  endfacet
  facet normal  3.259130e-001  9.071723e-001 -2.661184e-001
    outer loop
      vertex -6.134610e+000  8.244106e+001  5.401475e+000
      vertex -6.807078e+000  8.286124e+001  6.010241e+000
      vertex -5.896407e+000  8.242359e+001  5.633643e+000
    endloop
  endfacet
  facet normal  3.139337e-001  9.037247e-001 -2.910798e-001
    outer loop
      vertex -5.896407e+000  8.242359e+001  5.633643e+000
      vertex -6.807078e+000  8.286124e+001  6.010241e+000
      vertex -6.383703e+000  8.281483e+001  6.322767e+000
    endloop
  endfacet
  facet normal  2.350178e-001  9.072245e-001 -3.488701e-001
    outer loop
      vertex -5.896407e+000  8.242359e+001  5.633643e+000
      vertex -6.383703e+000  8.281483e+001  6.322767e+000
      vertex -5.464662e+000  8.240180e+001  5.867826e+000
    endloop
  endfacet
  facet normal  2.221726e-001  9.020320e-001 -3.701049e-001
    outer loop
      vertex -5.464662e+000  8.240180e+001  5.867826e+000
      vertex -6.383703e+000  8.281483e+001  6.322767e+000
      vertex -5.698380e+000  8.276468e+001  6.611942e+000
    endloop
  endfacet
  facet normal  8.555752e-002  9.058471e-001 -4.148748e-001
    outer loop
      vertex -5.464662e+000  8.240180e+001  5.867826e+000
      vertex -5.698380e+000  8.276468e+001  6.611942e+000
      vertex -4.975000e+000  8.239319e+001  5.950000e+000
    endloop
  endfacet
  facet normal  7.846988e-002  9.035149e-001 -4.213113e-001
    outer loop
      vertex -4.975000e+000  8.239319e+001  5.950000e+000
      vertex -5.698380e+000  8.276468e+001  6.611942e+000
      vertex -4.975000e+000  8.274652e+001  6.707732e+000
    endloop
  endfacet
  facet normal  0.000000e+000  9.063095e-001 -4.226144e-001
    outer loop
      vertex  6.025000e+000  8.274652e+001  6.707732e+000
      vertex  6.025000e+000  8.239319e+001  5.950000e+000
      vertex -4.975000e+000  8.274652e+001  6.707732e+000
    endloop
  endfacet
  facet normal  0.000000e+000  9.063095e-001 -4.226144e-001
    outer loop
      vertex -4.975000e+000  8.274652e+001  6.707732e+000
      vertex  6.025000e+000  8.239319e+001  5.950000e+000
      vertex -4.975000e+000  8.239319e+001  5.950000e+000
    endloop
  endfacet
  facet normal -8.804375e-002  9.027900e-001 -4.209732e-001
    outer loop
      vertex  6.025000e+000  8.239319e+001  5.950000e+000
      vertex  6.025000e+000  8.274652e+001  6.707732e+000
      vertex  6.522852e+000  8.240209e+001  5.864971e+000
    endloop
  endfacet
  facet normal -7.930639e-002  9.054808e-001 -4.169115e-001
    outer loop
      vertex  6.522852e+000  8.240209e+001  5.864971e+000
      vertex  6.025000e+000  8.274652e+001  6.707732e+000
      vertex  6.760789e+000  8.276530e+001  6.608563e+000
    endloop
  endfacet
  facet normal -2.452818e-001  8.997332e-001 -3.609948e-001
    outer loop
      vertex  6.522852e+000  8.240209e+001  5.864971e+000
      vertex  6.760789e+000  8.276530e+001  6.608563e+000
      vertex  6.957000e+000  8.242429e+001  5.625319e+000
    endloop
  endfacet
  facet normal -2.212430e-001  9.068662e-001 -3.586716e-001
    outer loop
      vertex  6.957000e+000  8.242429e+001  5.625319e+000
      vertex  6.760789e+000  8.276530e+001  6.608563e+000
      vertex  7.451617e+000  8.281656e+001  6.312025e+000
    endloop
  endfacet
  facet normal -3.375102e-001  9.012519e-001 -2.717201e-001
    outer loop
      vertex  6.957000e+000  8.242429e+001  5.625319e+000
      vertex  7.451617e+000  8.281656e+001  6.312025e+000
      vertex  7.197026e+000  8.244207e+001  5.386138e+000
    endloop
  endfacet
  facet normal -3.125460e-001  9.073702e-001 -2.810591e-001
    outer loop
      vertex  7.197026e+000  8.244207e+001  5.386138e+000
      vertex  7.451617e+000  8.281656e+001  6.312025e+000
      vertex  7.880582e+000  8.286414e+001  5.988624e+000
    endloop
  endfacet
  facet normal -3.859855e-001  9.018963e-001 -1.939029e-001
    outer loop
      vertex  7.197026e+000  8.244207e+001  5.386138e+000
      vertex  7.880582e+000  8.286414e+001  5.988624e+000
      vertex  7.375555e+000  8.245753e+001  5.102689e+000
    endloop
  endfacet
  facet normal -3.663747e-001  9.070477e-001 -2.074463e-001
    outer loop
      vertex  7.375555e+000  8.245753e+001  5.102689e+000
      vertex  7.880582e+000  8.286414e+001  5.988624e+000
      vertex  8.241484e+000  8.291338e+001  5.566529e+000
    endloop
  endfacet
  facet normal -4.141350e-001  9.030085e-001 -1.143146e-001
    outer loop
      vertex  7.375555e+000  8.245753e+001  5.102689e+000
      vertex  8.241484e+000  8.291338e+001  5.566529e+000
      vertex  7.487167e+000  8.246848e+001  4.784765e+000
    endloop
  endfacet
  facet normal -4.029245e-001  9.063725e-001 -1.270459e-001
    outer loop
      vertex  7.487167e+000  8.246848e+001  4.784765e+000
      vertex  8.241484e+000  8.291338e+001  5.566529e+000
      vertex  8.498384e+000  8.295436e+001  5.044114e+000
    endloop
  endfacet
  facet normal -4.261256e-001  9.040871e-001 -3.230167e-002
    outer loop
      vertex  7.487167e+000  8.246848e+001  4.784765e+000
      vertex  8.498384e+000  8.295436e+001  5.044114e+000
      vertex  7.525002e+000  8.247435e+001  4.450079e+000
    endloop
  endfacet
  facet normal -4.221045e-001  9.056572e-001 -4.015933e-002
    outer loop
      vertex  7.525002e+000  8.247435e+001  4.450079e+000
      vertex  8.498384e+000  8.295436e+001  5.044114e+000
      vertex  8.597254e+000  8.297433e+001  4.455192e+000
    endloop
  endfacet
  facet normal -4.220947e-001  9.006427e-001 -1.033380e-001
    outer loop
      vertex  8.597253e+000  8.279635e+001  2.215908e+000
      vertex  7.524997e+000  8.230347e+001  2.300000e+000
      vertex  8.621413e+000  8.293536e+001  3.328810e+000
    endloop
  endfacet
  facet normal -4.473373e-001  8.915542e-001 -7.085458e-002
    outer loop
      vertex  8.621413e+000  8.293536e+001  3.328810e+000
      vertex  7.524997e+000  8.230347e+001  2.300000e+000
      vertex  7.525002e+000  8.247435e+001  4.450079e+000
    endloop
  endfacet
  facet normal -4.220999e-001  9.056495e-001 -4.038136e-002
    outer loop
      vertex  8.621413e+000  8.293536e+001  3.328810e+000
      vertex  7.525002e+000  8.247435e+001  4.450079e+000
      vertex  8.597254e+000  8.297433e+001  4.455192e+000
    endloop
  endfacet
  facet normal -4.225248e-001  8.966855e-001 -1.320147e-001
    outer loop
      vertex  7.524997e+000  8.230347e+001  2.300000e+000
      vertex  8.597253e+000  8.279635e+001  2.215908e+000
      vertex  7.515202e+000  8.227366e+001  2.128833e+000
    endloop
  endfacet
  facet normal -4.290344e-001  9.003325e-001 -7.301334e-002
    outer loop
      vertex  7.515202e+000  8.227366e+001  2.128833e+000
      vertex  8.597253e+000  8.279635e+001  2.215908e+000
      vertex  8.487799e+000  8.270557e+001  1.739631e+000
    endloop
  endfacet
  facet normal -4.260739e-001  9.024757e-001 -6.323686e-002
    outer loop
      vertex  7.515202e+000  8.227366e+001  2.128833e+000
      vertex  8.487799e+000  8.270557e+001  1.739631e+000
      vertex  7.420209e+000  8.220221e+001  1.749191e+000
    endloop
  endfacet
  facet normal -4.263136e-001  9.044598e-001  1.446116e-002
    outer loop
      vertex  7.420209e+000  8.220221e+001  1.749191e+000
      vertex  8.487799e+000  8.270557e+001  1.739631e+000
      vertex  8.269956e+000  8.260960e+001  1.320001e+000
    endloop
  endfacet
  facet normal -4.206408e-001  9.067979e-001  2.791192e-002
    outer loop
      vertex  7.420209e+000  8.220221e+001  1.749191e+000
      vertex  8.269956e+000  8.260960e+001  1.320001e+000
      vertex  7.286073e+000  8.214803e+001  1.487784e+000
    endloop
  endfacet
  facet normal -3.982406e-001  9.044591e-001  1.528338e-001
    outer loop
      vertex  7.286073e+000  8.214803e+001  1.487784e+000
      vertex  8.269956e+000  8.260960e+001  1.320001e+000
      vertex  7.621587e+000  8.243271e+001  6.773484e-001
    endloop
  endfacet
  facet normal -4.241997e-001  8.948803e-001  1.387223e-001
    outer loop
      vertex  7.286073e+000  8.214803e+001  1.487784e+000
      vertex  7.621587e+000  8.243271e+001  6.773484e-001
      vertex  7.099065e+000  8.209579e+001  1.252916e+000
    endloop
  endfacet
  facet normal -3.546444e-001  9.108344e-001  2.112060e-001
    outer loop
      vertex  7.099065e+000  8.209579e+001  1.252916e+000
      vertex  7.621587e+000  8.243271e+001  6.773484e-001
      vertex  6.863290e+000  8.204963e+001  1.056107e+000
    endloop
  endfacet
  facet normal -2.917379e-001  8.993853e-001  3.255689e-001
    outer loop
      vertex  6.863290e+000  8.204963e+001  1.056107e+000
      vertex  7.621587e+000  8.243271e+001  6.773484e-001
      vertex  6.847126e+000  8.231464e+001  3.095183e-001
    endloop
  endfacet
  facet normal -2.690540e-001  9.057878e-001  3.273505e-001
    outer loop
      vertex  6.863290e+000  8.204963e+001  1.056107e+000
      vertex  6.847126e+000  8.231464e+001  3.095183e-001
      vertex  6.496471e+000  8.200575e+001  8.760216e-001
    endloop
  endfacet
  facet normal -1.086133e-001  9.009455e-001  4.201194e-001
    outer loop
      vertex  6.025000e+000  8.227258e+001  1.871739e-001
      vertex  6.025000e+000  8.198682e+001  8.000000e-001
      vertex  6.847126e+000  8.231464e+001  3.095183e-001
    endloop
  endfacet
  facet normal -1.046916e-001  8.989493e-001  4.253586e-001
    outer loop
      vertex  6.847126e+000  8.231464e+001  3.095183e-001
      vertex  6.025000e+000  8.198682e+001  8.000000e-001
      vertex  6.496471e+000  8.200575e+001  8.760216e-001
    endloop
  endfacet
  facet normal -1.000000e+000  1.300249e-006  1.892653e-006
    outer loop
      vertex  7.525002e+000  8.247435e+001  4.450079e+000
      vertex  7.524997e+000  8.230347e+001  2.300000e+000
      vertex  7.525000e+000  8.137428e+001  4.450000e+000
    endloop
  endfacet
  facet normal -1.000000e+000 -2.560112e-006  2.242740e-007
    outer loop
      vertex  7.525000e+000  8.137428e+001  4.450000e+000
      vertex  7.524997e+000  8.230347e+001  2.300000e+000
      vertex  7.525000e+000  8.118594e+001  2.300000e+000
    endloop
  endfacet
  facet normal -9.517130e-001  2.332690e-005 -3.069889e-001
    outer loop
      vertex  7.525000e+000  8.137428e+001  4.450000e+000
      vertex  7.242271e+000  8.132906e+001  5.326499e+000
      vertex  7.525002e+000  8.247435e+001  4.450079e+000
    endloop
  endfacet
  facet normal -9.812596e-001  1.594944e-001 -1.081258e-001
    outer loop
      vertex  7.525002e+000  8.247435e+001  4.450079e+000
      vertex  7.242271e+000  8.132906e+001  5.326499e+000
      vertex  7.487167e+000  8.246848e+001  4.784765e+000
    endloop
  endfacet
  facet normal -9.003474e-001 -1.329279e-002 -4.349688e-001
    outer loop
      vertex  7.242271e+000  8.132906e+001  5.326499e+000
      vertex  7.197026e+000  8.244207e+001  5.386138e+000
      vertex  7.487167e+000  8.246848e+001  4.784765e+000
    endloop
  endfacet
  facet normal -7.207812e-002  9.973583e-001  9.017276e-003
    outer loop
      vertex  7.487167e+000  8.246848e+001  4.784765e+000
      vertex  7.197026e+000  8.244207e+001  5.386138e+000
      vertex  7.375555e+000  8.245753e+001  5.102689e+000
    endloop
  endfacet
  facet normal -4.825038e-001 -1.754826e-002 -8.757182e-001
    outer loop
      vertex  6.522852e+000  8.240209e+001  5.864971e+000
      vertex  6.957000e+000  8.242429e+001  5.625319e+000
      vertex  6.708515e+000  8.127710e+001  5.785218e+000
    endloop
  endfacet
  facet normal -7.068310e-001  5.480096e-002 -7.052566e-001
    outer loop
      vertex  6.708515e+000  8.127710e+001  5.785218e+000
      vertex  6.957000e+000  8.242429e+001  5.625319e+000
      vertex  7.197026e+000  8.244207e+001  5.386138e+000
    endloop
  endfacet
  facet normal -6.525078e-001  1.407267e-002 -7.576513e-001
    outer loop
      vertex  6.708515e+000  8.127710e+001  5.785218e+000
      vertex  7.197026e+000  8.244207e+001  5.386138e+000
      vertex  7.242271e+000  8.132906e+001  5.326499e+000
    endloop
  endfacet
  facet normal -1.689337e-001  4.192996e-002 -9.847351e-001
    outer loop
      vertex  6.522852e+000  8.240209e+001  5.864971e+000
      vertex  6.708515e+000  8.127710e+001  5.785218e+000
      vertex  6.025000e+000  8.239319e+001  5.950000e+000
    endloop
  endfacet
  facet normal -2.343654e-001  -0.000000e+000 -9.721486e-001
    outer loop
      vertex  6.025000e+000  8.239319e+001  5.950000e+000
      vertex  6.708515e+000  8.127710e+001  5.785218e+000
      vertex  6.025000e+000  8.125362e+001  5.950000e+000
    endloop
  endfacet
  facet normal -9.983666e-001 -2.568119e-006  5.713285e-002
    outer loop
      vertex  7.525000e+000  8.118594e+001  2.300000e+000
      vertex  7.524997e+000  8.230347e+001  2.300000e+000
      vertex  7.515202e+000  8.227366e+001  2.128833e+000
    endloop
  endfacet
  facet normal -9.709509e-001  2.863665e-002  2.375586e-001
    outer loop
      vertex  7.525000e+000  8.118594e+001  2.300000e+000
      vertex  7.515202e+000  8.227366e+001  2.128833e+000
      vertex  7.420209e+000  8.220221e+001  1.749191e+000
    endloop
  endfacet
  facet normal -8.924099e-001  1.404003e-001  4.288266e-001
    outer loop
      vertex  7.525000e+000  8.118594e+001  2.300000e+000
      vertex  7.420209e+000  8.220221e+001  1.749191e+000
      vertex  7.286073e+000  8.214803e+001  1.487784e+000
    endloop
  endfacet
  facet normal -9.526566e-001  1.956689e-002  3.034180e-001
    outer loop
      vertex  7.525000e+000  8.118594e+001  2.300000e+000
      vertex  7.286073e+000  8.214803e+001  1.487784e+000
      vertex  7.241185e+000  8.098276e+001  1.421995e+000
    endloop
  endfacet
  facet normal -4.395432e-001 -1.163312e-002  8.981462e-001
    outer loop
      vertex  6.863290e+000  8.204963e+001  1.056107e+000
      vertex  6.496471e+000  8.200575e+001  8.760216e-001
      vertex  6.708096e+000  8.084605e+001  9.645675e-001
    endloop
  endfacet
  facet normal -1.608168e-001  4.593055e-002  9.859149e-001
    outer loop
      vertex  6.708096e+000  8.084605e+001  9.645675e-001
      vertex  6.496471e+000  8.200575e+001  8.760216e-001
      vertex  6.025000e+000  8.198682e+001  8.000000e-001
    endloop
  endfacet
  facet normal -2.342132e-001  0.000000e+000  9.721853e-001
    outer loop
      vertex  6.708096e+000  8.084605e+001  9.645675e-001
      vertex  6.025000e+000  8.198682e+001  8.000000e-001
      vertex  6.025000e+000  8.079148e+001  8.000000e-001
    endloop
  endfacet
  facet normal -7.817447e-001 -5.092388e-003  6.235779e-001
    outer loop
      vertex  7.286073e+000  8.214803e+001  1.487784e+000
      vertex  7.099065e+000  8.209579e+001  1.252916e+000
      vertex  7.241185e+000  8.098276e+001  1.421995e+000
    endloop
  endfacet
  facet normal -6.443425e-001  3.378169e-002  7.639906e-001
    outer loop
      vertex  7.241185e+000  8.098276e+001  1.421995e+000
      vertex  7.099065e+000  8.209579e+001  1.252916e+000
      vertex  6.863290e+000  8.204963e+001  1.056107e+000
    endloop
  endfacet
  facet normal -6.549396e-001  2.701280e-002  7.551983e-001
    outer loop
      vertex  7.241185e+000  8.098276e+001  1.421995e+000
      vertex  6.863290e+000  8.204963e+001  1.056107e+000
      vertex  6.708096e+000  8.084605e+001  9.645675e-001
    endloop
  endfacet
  facet normal  0.000000e+000  0.000000e+000 -9.999999e-001
    outer loop
      vertex  6.025000e+000  8.125362e+001  5.950000e+000
      vertex -4.975000e+000  8.125362e+001  5.950000e+000
      vertex  6.025000e+000  8.239319e+001  5.950000e+000
    endloop
  endfacet
  facet normal  -0.000000e+000  0.000000e+000 -9.999999e-001
    outer loop
      vertex  6.025000e+000  8.239319e+001  5.950000e+000
      vertex -4.975000e+000  8.125362e+001  5.950000e+000
      vertex -4.975000e+000  8.239319e+001  5.950000e+000
    endloop
  endfacet
  facet normal  0.000000e+000  0.000000e+000  1.000000e+000
    outer loop
      vertex  6.025000e+000  8.079148e+001  8.000000e-001
      vertex  6.025000e+000  8.198682e+001  8.000000e-001
      vertex -4.975000e+000  8.079148e+001  8.000000e-001
    endloop
  endfacet
  facet normal  0.000000e+000  0.000000e+000  1.000000e+000
    outer loop
      vertex -4.975000e+000  8.079148e+001  8.000000e-001
      vertex  6.025000e+000  8.198682e+001  8.000000e-001
      vertex -4.975000e+000  8.198682e+001  8.000000e-001
    endloop
  endfacet
  facet normal  6.983778e-001  1.203745e-002 -7.156281e-001
    outer loop
      vertex -6.134610e+000  8.244106e+001  5.401475e+000
      vertex -5.896407e+000  8.242359e+001  5.633643e+000
      vertex -6.192271e+000  8.132906e+001  5.326499e+000
    endloop
  endfacet
  facet normal  4.781030e-001  1.151037e-001 -8.707288e-001
    outer loop
      vertex -6.192271e+000  8.132906e+001  5.326499e+000
      vertex -5.896407e+000  8.242359e+001  5.633643e+000
      vertex -5.464662e+000  8.240180e+001  5.867826e+000
    endloop
  endfacet
  facet normal  6.476384e-001 -5.581256e-002 -7.599009e-001
    outer loop
      vertex -6.192271e+000  8.132906e+001  5.326499e+000
      vertex -5.464662e+000  8.240180e+001  5.867826e+000
      vertex -5.658514e+000  8.127710e+001  5.785218e+000
    endloop
  endfacet
  facet normal  1.660921e-001  4.373001e-002 -9.851401e-001
    outer loop
      vertex -5.658514e+000  8.127710e+001  5.785218e+000
      vertex -5.464662e+000  8.240180e+001  5.867826e+000
      vertex -4.975000e+000  8.239319e+001  5.950000e+000
    endloop
  endfacet
  facet normal  2.343654e-001  0.000000e+000 -9.721486e-001
    outer loop
      vertex -5.658514e+000  8.127710e+001  5.785218e+000
      vertex -4.975000e+000  8.239319e+001  5.950000e+000
      vertex -4.975000e+000  8.125362e+001  5.950000e+000
    endloop
  endfacet
  facet normal  9.508944e-001 -2.852719e-002 -3.081980e-001
    outer loop
      vertex -6.192271e+000  8.132906e+001  5.326499e+000
      vertex -6.475000e+000  8.137428e+001  4.450000e+000
      vertex -6.134610e+000  8.244106e+001  5.401475e+000
    endloop
  endfacet
  facet normal  8.252352e-001  2.057945e-001 -5.259614e-001
    outer loop
      vertex -6.134610e+000  8.244106e+001  5.401475e+000
      vertex -6.475000e+000  8.137428e+001  4.450000e+000
      vertex -6.314076e+000  8.245648e+001  5.125925e+000
    endloop
  endfacet
  facet normal  9.728035e-001  1.728936e-005 -2.316318e-001
    outer loop
      vertex -6.475000e+000  8.137428e+001  4.450000e+000
      vertex -6.475003e+000  8.247435e+001  4.450070e+000
      vertex -6.314076e+000  8.245648e+001  5.125925e+000
    endloop
  endfacet
  facet normal  7.113982e-002  9.974218e-001  9.430587e-003
    outer loop
      vertex -6.314076e+000  8.245648e+001  5.125925e+000
      vertex -6.475003e+000  8.247435e+001  4.450070e+000
      vertex -6.431085e+000  8.246781e+001  4.810303e+000
    endloop
  endfacet
  facet normal  8.817788e-001 -7.069805e-003  4.716103e-001
    outer loop
      vertex -6.159211e+000  8.212432e+001  1.379324e+000
      vertex -6.399410e+000  8.221809e+001  1.829835e+000
      vertex -6.191185e+000  8.098276e+001  1.421995e+000
    endloop
  endfacet
  facet normal  9.833083e-001  1.208341e-001  1.360296e-001
    outer loop
      vertex -6.191185e+000  8.098276e+001  1.421995e+000
      vertex -6.399410e+000  8.221809e+001  1.829835e+000
      vertex -6.474942e+000  8.230347e+001  2.299982e+000
    endloop
  endfacet
  facet normal  9.515196e-001 -4.454468e-005  3.075882e-001
    outer loop
      vertex -6.191185e+000  8.098276e+001  1.421995e+000
      vertex -6.474942e+000  8.230347e+001  2.299982e+000
      vertex -6.475000e+000  8.118594e+001  2.300000e+000
    endloop
  endfacet
  facet normal  5.395013e-001 -3.917972e-003  8.419757e-001
    outer loop
      vertex -5.620747e+000  8.202299e+001  9.461124e-001
      vertex -5.936350e+000  8.207157e+001  1.148563e+000
      vertex -5.658096e+000  8.084605e+001  9.645675e-001
    endloop
  endfacet
  facet normal  7.249448e-001  6.159730e-002  6.860471e-001
    outer loop
      vertex -5.658096e+000  8.084605e+001  9.645675e-001
      vertex -5.936350e+000  8.207157e+001  1.148563e+000
      vertex -6.159211e+000  8.212432e+001  1.379324e+000
    endloop
  endfacet
  facet normal  6.526446e-001  1.003820e-002  7.575976e-001
    outer loop
      vertex -5.658096e+000  8.084605e+001  9.645675e-001
      vertex -6.159211e+000  8.212432e+001  1.379324e+000
      vertex -6.191185e+000  8.098276e+001  1.421995e+000
    endloop
  endfacet
  facet normal  2.211233e-001  8.274686e-003  9.752107e-001
    outer loop
      vertex -5.620747e+000  8.202299e+001  9.461124e-001
      vertex -5.658096e+000  8.084605e+001  9.645675e-001
      vertex -4.975000e+000  8.198682e+001  8.000000e-001
    endloop
  endfacet
  facet normal  2.342132e-001  0.000000e+000  9.721853e-001
    outer loop
      vertex -4.975000e+000  8.198682e+001  8.000000e-001
      vertex -5.658096e+000  8.084605e+001  9.645675e-001
      vertex -4.975000e+000  8.079148e+001  8.000000e-001
    endloop
  endfacet
  facet normal  1.000000e+000  2.598976e-006  2.818073e-005
    outer loop
      vertex -6.475003e+000  8.247435e+001  4.450070e+000
      vertex -6.475000e+000  8.137428e+001  4.450000e+000
      vertex -6.474942e+000  8.230347e+001  2.299982e+000
    endloop
  endfacet
  facet normal  1.000000e+000 -5.205553e-005  4.560231e-006
    outer loop
      vertex -6.474942e+000  8.230347e+001  2.299982e+000
      vertex -6.475000e+000  8.137428e+001  4.450000e+000
      vertex -6.475000e+000  8.118594e+001  2.300000e+000
    endloop
  endfacet
  facet normal -2.405075e-001  9.166974e-001 -3.190957e-001
    outer loop
      vertex  1.744329e+001  8.217912e+001  7.112260e+000
      vertex  1.799455e+001  8.247562e+001  7.548575e+000
      vertex  1.861044e+001  8.228906e+001  6.548415e+000
    endloop
  endfacet
  facet normal -1.096452e-001  8.810236e-001 -4.601904e-001
    outer loop
      vertex  1.655127e+001  8.238120e+001  7.711669e+000
      vertex  1.799455e+001  8.247562e+001  7.548575e+000
      vertex  1.744329e+001  8.217912e+001  7.112260e+000
    endloop
  endfacet
  facet normal -3.753496e-002  9.286914e-001 -3.689492e-001
    outer loop
      vertex  1.614272e+001  8.216038e+001  7.197408e+000
      vertex  1.655127e+001  8.238120e+001  7.711669e+000
      vertex  1.744329e+001  8.217912e+001  7.112260e+000
    endloop
  endfacet
  facet normal  9.435263e-002  8.854067e-001 -4.551401e-001
    outer loop
      vertex  1.539677e+001  8.244717e+001  7.600689e+000
      vertex  1.655127e+001  8.238120e+001  7.711669e+000
      vertex  1.614272e+001  8.216038e+001  7.197408e+000
    endloop
  endfacet
  facet normal  1.749932e-001  9.259048e-001 -3.347801e-001
    outer loop
      vertex  1.490328e+001  8.224574e+001  6.785635e+000
      vertex  1.539677e+001  8.244717e+001  7.600689e+000
      vertex  1.614272e+001  8.216038e+001  7.197408e+000
    endloop
  endfacet
  facet normal  2.643086e-001  8.867689e-001 -3.791859e-001
    outer loop
      vertex  1.403431e+001  8.265540e+001  7.137943e+000
      vertex  1.539677e+001  8.244717e+001  7.600689e+000
      vertex  1.490328e+001  8.224574e+001  6.785635e+000
    endloop
  endfacet
  facet normal  3.238104e-001  9.098926e-001 -2.593112e-001
    outer loop
      vertex  1.403431e+001  8.265540e+001  7.137943e+000
      vertex  1.490328e+001  8.224574e+001  6.785635e+000
      vertex  1.408767e+001  8.235286e+001  6.143018e+000
    endloop
  endfacet
  facet normal  3.510205e-001  9.009403e-001 -2.551295e-001
    outer loop
      vertex  1.403431e+001  8.265540e+001  7.137943e+000
      vertex  1.408767e+001  8.235286e+001  6.143018e+000
      vertex  1.327747e+001  8.277902e+001  6.533205e+000
    endloop
  endfacet
  facet normal -2.670263e-001  9.042866e-001 -3.331107e-001
    outer loop
      vertex  1.799455e+001  8.247562e+001  7.548575e+000
      vertex  1.911560e+001  8.265540e+001  7.137943e+000
      vertex  1.861044e+001  8.228906e+001  6.548415e+000
    endloop
  endfacet
  facet normal -3.516133e-001  8.999162e-001 -2.579129e-001
    outer loop
      vertex  1.861044e+001  8.228906e+001  6.548415e+000
      vertex  1.911560e+001  8.265540e+001  7.137943e+000
      vertex  1.985447e+001  8.277584e+001  6.550908e+000
    endloop
  endfacet
  facet normal -3.537696e-001  9.053101e-001 -2.350758e-001
    outer loop
      vertex  1.861044e+001  8.228906e+001  6.548415e+000
      vertex  1.985447e+001  8.277584e+001  6.550908e+000
      vertex  1.919164e+001  8.237273e+001  5.995995e+000
    endloop
  endfacet
  facet normal -3.925199e-001  9.008349e-001 -1.855385e-001
    outer loop
      vertex  1.919164e+001  8.237273e+001  5.995995e+000
      vertex  1.985447e+001  8.277584e+001  6.550908e+000
      vertex  2.047079e+001  8.288860e+001  5.794492e+000
    endloop
  endfacet
  facet normal -3.908277e-001  9.063158e-001 -1.607649e-001
    outer loop
      vertex  1.919164e+001  8.237273e+001  5.995995e+000
      vertex  2.047079e+001  8.288860e+001  5.794492e+000
      vertex  1.962575e+001  8.244109e+001  5.325974e+000
    endloop
  endfacet
  facet normal -4.151220e-001  9.026633e-001 -1.134580e-001
    outer loop
      vertex  1.962575e+001  8.244109e+001  5.325974e+000
      vertex  2.047079e+001  8.288860e+001  5.794492e+000
      vertex  2.095285e+001  8.297002e+001  4.678496e+000
    endloop
  endfacet
  facet normal -4.104608e-001  9.062726e-001 -1.009558e-001
    outer loop
      vertex  1.962575e+001  8.244109e+001  5.325974e+000
      vertex  2.095285e+001  8.297002e+001  4.678496e+000
      vertex  1.991414e+001  8.247584e+001  4.465406e+000
    endloop
  endfacet
  facet normal -4.204346e-001  9.058660e-001 -5.139589e-002
    outer loop
      vertex  1.991414e+001  8.247584e+001  4.465406e+000
      vertex  2.095285e+001  8.297002e+001  4.678496e+000
      vertex  2.104704e+001  8.296413e+001  3.804342e+000
    endloop
  endfacet
  facet normal -4.225830e-001  9.045913e-001 -5.601914e-002
    outer loop
      vertex  1.991414e+001  8.247584e+001  4.465406e+000
      vertex  2.104704e+001  8.296413e+001  3.804342e+000
      vertex  1.997499e+001  8.246461e+001  3.825018e+000
    endloop
  endfacet
  facet normal  3.927972e-001  9.035441e-001 -1.712259e-001
    outer loop
      vertex  1.350682e+001  8.244373e+001  5.290025e+000
      vertex  1.327747e+001  8.277902e+001  6.533205e+000
      vertex  1.408767e+001  8.235286e+001  6.143018e+000
    endloop
  endfacet
  facet normal  3.836277e-001  9.069774e-001 -1.738436e-001
    outer loop
      vertex  1.327747e+001  8.277902e+001  6.533205e+000
      vertex  1.350682e+001  8.244373e+001  5.290025e+000
      vertex  1.265129e+001  8.289376e+001  5.750013e+000
    endloop
  endfacet
  facet normal  4.176978e-001  9.023836e-001 -1.059822e-001
    outer loop
      vertex  1.265129e+001  8.289376e+001  5.750013e+000
      vertex  1.350682e+001  8.244373e+001  5.290025e+000
      vertex  1.325921e+001  8.247460e+001  4.577003e+000
    endloop
  endfacet
  facet normal  4.071076e-001  9.063761e-001 -1.128973e-001
    outer loop
      vertex  1.265129e+001  8.289376e+001  5.750013e+000
      vertex  1.325921e+001  8.247460e+001  4.577003e+000
      vertex  1.223730e+001  8.296490e+001  4.828265e+000
    endloop
  endfacet
  facet normal  4.199789e-001  9.056104e-001 -5.905442e-002
    outer loop
      vertex  1.223730e+001  8.296490e+001  4.828265e+000
      vertex  1.325921e+001  8.247460e+001  4.577003e+000
      vertex  1.317500e+001  8.246461e+001  3.825018e+000
    endloop
  endfacet
  facet normal  4.225435e-001  9.046015e-001 -5.615420e-002
    outer loop
      vertex  1.223730e+001  8.296490e+001  4.828265e+000
      vertex  1.317500e+001  8.246461e+001  3.825018e+000
      vertex  1.210275e+001  8.296418e+001  3.804234e+000
    endloop
  endfacet
  facet normal  4.222338e-001  9.064741e-001  4.831923e-003
    outer loop
      vertex  1.317500e+001  8.246461e+001  3.825018e+000
      vertex  1.235188e+001  8.285460e+001  2.591695e+000
      vertex  1.210275e+001  8.296418e+001  3.804234e+000
    endloop
  endfacet
  facet normal  3.193879e-001  8.922766e-001  3.191141e-001
    outer loop
      vertex  1.517180e+001  8.195933e+001  7.280965e-001
      vertex  1.494842e+001  8.225282e+001  1.310453e-001
      vertex  1.442081e+001  8.206133e+001  1.194512e+000
    endloop
  endfacet
  facet normal  2.903762e-001  9.062491e-001  3.072366e-001
    outer loop
      vertex  1.442081e+001  8.206133e+001  1.194512e+000
      vertex  1.494842e+001  8.225282e+001  1.310453e-001
      vertex  1.400546e+001  8.240270e+001  5.801352e-001
    endloop
  endfacet
  facet normal  4.430282e-001  8.766605e-001  1.875962e-001
    outer loop
      vertex  1.442081e+001  8.206133e+001  1.194512e+000
      vertex  1.400546e+001  8.240270e+001  5.801352e-001
      vertex  1.363693e+001  8.226073e+001  2.113936e+000
    endloop
  endfacet
  facet normal  3.287389e-001  9.298846e-001  1.650620e-001
    outer loop
      vertex  1.363693e+001  8.226073e+001  2.113936e+000
      vertex  1.400546e+001  8.240270e+001  5.801352e-001
      vertex  1.355501e+001  8.250249e+001  9.151105e-001
    endloop
  endfacet
  facet normal  4.044491e-001  9.014742e-001  1.541594e-001
    outer loop
      vertex  1.363693e+001  8.226073e+001  2.113936e+000
      vertex  1.355501e+001  8.250249e+001  9.151105e-001
      vertex  1.291110e+001  8.267472e+001  1.597296e+000
    endloop
  endfacet
  facet normal  4.620353e-001  8.848347e-001  5.992320e-002
    outer loop
      vertex  1.363693e+001  8.226073e+001  2.113936e+000
      vertex  1.291110e+001  8.267472e+001  1.597296e+000
      vertex  1.333462e+001  8.237243e+001  2.795462e+000
    endloop
  endfacet
  facet normal  4.263139e-001  9.013170e-001  7.670812e-002
    outer loop
      vertex  1.333462e+001  8.237243e+001  2.795462e+000
      vertex  1.291110e+001  8.267472e+001  1.597296e+000
      vertex  1.235188e+001  8.285460e+001  2.591695e+000
    endloop
  endfacet
  facet normal  4.424009e-001  8.967410e-001 -1.170526e-002
    outer loop
      vertex  1.333462e+001  8.237243e+001  2.795462e+000
      vertex  1.235188e+001  8.285460e+001  2.591695e+000
      vertex  1.317500e+001  8.246461e+001  3.825018e+000
    endloop
  endfacet
  facet normal  1.351713e-001  8.688602e-001  4.762464e-001
    outer loop
      vertex  1.494842e+001  8.225282e+001  1.310453e-001
      vertex  1.584993e+001  8.190857e+001  5.032119e-001
      vertex  1.657493e+001  8.214069e+001 -1.260471e-001
    endloop
  endfacet
  facet normal  1.919875e-001  9.072765e-001  3.741527e-001
    outer loop
      vertex  1.494842e+001  8.225282e+001  1.310453e-001
      vertex  1.517180e+001  8.195933e+001  7.280965e-001
      vertex  1.584993e+001  8.190857e+001  5.032119e-001
    endloop
  endfacet
  facet normal -1.920066e-001  9.072888e-001  3.741127e-001
    outer loop
      vertex  1.797824e+001  8.195937e+001  7.281004e-001
      vertex  1.820156e+001  8.225282e+001  1.310277e-001
      vertex  1.730001e+001  8.190857e+001  5.031993e-001
    endloop
  endfacet
  facet normal -1.351620e-001  8.688536e-001  4.762612e-001
    outer loop
      vertex  1.730001e+001  8.190857e+001  5.031993e-001
      vertex  1.820156e+001  8.225282e+001  1.310277e-001
      vertex  1.657493e+001  8.214069e+001 -1.260471e-001
    endloop
  endfacet
  facet normal  2.987677e-006  9.382006e-001  3.460918e-001
    outer loop
      vertex  1.730001e+001  8.190857e+001  5.031993e-001
      vertex  1.657493e+001  8.214069e+001 -1.260471e-001
      vertex  1.584993e+001  8.190857e+001  5.032119e-001
    endloop
  endfacet
  facet normal -4.297898e-001  9.028800e-001 -9.396885e-003
    outer loop
      vertex  1.997499e+001  8.246461e+001  3.825018e+000
      vertex  2.087843e+001  8.288419e+001  2.818612e+000
      vertex  1.975687e+001  8.234830e+001  2.626795e+000
    endloop
  endfacet
  facet normal -4.223785e-001  9.064187e-001 -1.268591e-003
    outer loop
      vertex  1.997499e+001  8.246461e+001  3.825018e+000
      vertex  2.104704e+001  8.296413e+001  3.804342e+000
      vertex  2.087843e+001  8.288419e+001  2.818612e+000
    endloop
  endfacet
  facet normal -4.403869e-001  8.946146e-001  7.565603e-002
    outer loop
      vertex  1.975687e+001  8.234830e+001  2.626795e+000
      vertex  2.087843e+001  8.288419e+001  2.818612e+000
      vertex  2.026386e+001  8.268211e+001  1.630729e+000
    endloop
  endfacet
  facet normal -4.261535e-001  9.006558e-001  8.492525e-002
    outer loop
      vertex  1.975687e+001  8.234830e+001  2.626795e+000
      vertex  2.026386e+001  8.268211e+001  1.630729e+000
      vertex  1.912881e+001  8.214980e+001  1.580439e+000
    endloop
  endfacet
  facet normal -2.757826e-001  8.994793e-001  3.389409e-001
    outer loop
      vertex  1.820156e+001  8.225282e+001  1.310277e-001
      vertex  1.797824e+001  8.195937e+001  7.281004e-001
      vertex  1.885801e+001  8.234853e+001  4.111802e-001
    endloop
  endfacet
  facet normal -2.925529e-001  9.073084e-001  3.020005e-001
    outer loop
      vertex  1.885801e+001  8.234853e+001  4.111802e-001
      vertex  1.797824e+001  8.195937e+001  7.281004e-001
      vertex  1.860152e+001  8.203823e+001  1.094945e+000
    endloop
  endfacet
  facet normal -3.589197e-001  8.932444e-001  2.707234e-001
    outer loop
      vertex  1.885801e+001  8.234853e+001  4.111802e-001
      vertex  1.860152e+001  8.203823e+001  1.094945e+000
      vertex  1.946496e+001  8.247189e+001  8.088114e-001
    endloop
  endfacet
  facet normal -3.827575e-001  8.999192e-001  2.089070e-001
    outer loop
      vertex  1.946496e+001  8.247189e+001  8.088114e-001
      vertex  1.860152e+001  8.203823e+001  1.094945e+000
      vertex  1.912881e+001  8.214980e+001  1.580439e+000
    endloop
  endfacet
  facet normal -4.239677e-001  8.865070e-001  1.853557e-001
    outer loop
      vertex  1.946496e+001  8.247189e+001  8.088114e-001
      vertex  1.912881e+001  8.214980e+001  1.580439e+000
      vertex  2.026386e+001  8.268211e+001  1.630729e+000
    endloop
  endfacet
  facet normal -9.482382e-001  1.819540e-002 -3.170382e-001
    outer loop
      vertex  1.962575e+001  8.244109e+001  5.325974e+000
      vertex  1.991414e+001  8.247584e+001  4.465406e+000
      vertex  1.956463e+001  8.131758e+001  5.444286e+000
    endloop
  endfacet
  facet normal -9.724848e-001  2.122079e-001 -9.613060e-002
    outer loop
      vertex  1.956463e+001  8.131758e+001  5.444286e+000
      vertex  1.991414e+001  8.247584e+001  4.465406e+000
      vertex  1.997499e+001  8.246461e+001  3.825018e+000
    endloop
  endfacet
  facet normal -9.693565e-001 -9.416975e-007 -2.456583e-001
    outer loop
      vertex  1.956463e+001  8.131758e+001  5.444286e+000
      vertex  1.997499e+001  8.246461e+001  3.825018e+000
      vertex  1.997500e+001  8.136356e+001  3.825000e+000
    endloop
  endfacet
  facet normal -6.872026e-001 -2.090493e-002 -7.261649e-001
    outer loop
      vertex  1.861044e+001  8.228906e+001  6.548415e+000
      vertex  1.919164e+001  8.237273e+001  5.995995e+000
      vertex  1.892452e+001  8.119841e+001  6.282586e+000
    endloop
  endfacet
  facet normal -8.405143e-001  5.977147e-002 -5.384823e-001
    outer loop
      vertex  1.892452e+001  8.119841e+001  6.282586e+000
      vertex  1.919164e+001  8.237273e+001  5.995995e+000
      vertex  1.962575e+001  8.244109e+001  5.325974e+000
    endloop
  endfacet
  facet normal -7.931734e-001 -2.094653e-002 -6.086355e-001
    outer loop
      vertex  1.892452e+001  8.119841e+001  6.282586e+000
      vertex  1.962575e+001  8.244109e+001  5.325974e+000
      vertex  1.956463e+001  8.131758e+001  5.444286e+000
    endloop
  endfacet
  facet normal -5.737117e-001  3.424400e-002 -8.183411e-001
    outer loop
      vertex  1.892452e+001  8.119841e+001  6.282586e+000
      vertex  1.805908e+001  8.107146e+001  6.884004e+000
      vertex  1.861044e+001  8.228906e+001  6.548415e+000
    endloop
  endfacet
  facet normal -4.302791e-001 -5.351777e-002 -9.011081e-001
    outer loop
      vertex  1.861044e+001  8.228906e+001  6.548415e+000
      vertex  1.805908e+001  8.107146e+001  6.884004e+000
      vertex  1.744329e+001  8.217912e+001  7.112260e+000
    endloop
  endfacet
  facet normal -2.368393e-001  6.804840e-002 -9.691628e-001
    outer loop
      vertex  1.805908e+001  8.107146e+001  6.884004e+000
      vertex  1.664113e+001  8.098376e+001  7.224357e+000
      vertex  1.744329e+001  8.217912e+001  7.112260e+000
    endloop
  endfacet
  facet normal -6.452777e-002 -5.016116e-002 -9.966545e-001
    outer loop
      vertex  1.744329e+001  8.217912e+001  7.112260e+000
      vertex  1.664113e+001  8.098376e+001  7.224357e+000
      vertex  1.614272e+001  8.216038e+001  7.197408e+000
    endloop
  endfacet
  facet normal  9.937890e-001  6.259877e-008 -1.112798e-001
    outer loop
      vertex  1.317500e+001  8.246461e+001  3.825018e+000
      vertex  1.325921e+001  8.247460e+001  4.577003e+000
      vertex  1.317500e+001  8.136356e+001  3.825000e+000
    endloop
  endfacet
  facet normal  9.366119e-001  1.449224e-001 -3.189914e-001
    outer loop
      vertex  1.317500e+001  8.136356e+001  3.825000e+000
      vertex  1.325921e+001  8.247460e+001  4.577003e+000
      vertex  1.350682e+001  8.244373e+001  5.290025e+000
    endloop
  endfacet
  facet normal  9.762203e-001 -5.984997e-003 -2.166986e-001
    outer loop
      vertex  1.317500e+001  8.136356e+001  3.825000e+000
      vertex  1.350682e+001  8.244373e+001  5.290025e+000
      vertex  1.349399e+001  8.133472e+001  5.262839e+000
    endloop
  endfacet
  facet normal  8.267614e-001  4.222264e-003 -5.625370e-001
    outer loop
      vertex  1.349399e+001  8.133472e+001  5.262839e+000
      vertex  1.350682e+001  8.244373e+001  5.290025e+000
      vertex  1.408767e+001  8.235286e+001  6.143018e+000
    endloop
  endfacet
  facet normal  8.294120e-001 -6.949513e-004 -5.586369e-001
    outer loop
      vertex  1.349399e+001  8.133472e+001  5.262839e+000
      vertex  1.408767e+001  8.235286e+001  6.143018e+000
      vertex  1.408423e+001  8.122349e+001  6.139303e+000
    endloop
  endfacet
  facet normal  6.189381e-001  6.937823e-004 -7.854394e-001
    outer loop
      vertex  1.408423e+001  8.122349e+001  6.139303e+000
      vertex  1.408767e+001  8.235286e+001  6.143018e+000
      vertex  1.490328e+001  8.224574e+001  6.785635e+000
    endloop
  endfacet
  facet normal  6.182987e-001  1.523638e-003 -7.859417e-001
    outer loop
      vertex  1.408423e+001  8.122349e+001  6.139303e+000
      vertex  1.490328e+001  8.224574e+001  6.785635e+000
      vertex  1.491324e+001  8.109335e+001  6.791237e+000
    endloop
  endfacet
  facet normal  3.151633e-001 -1.889515e-003 -9.490356e-001
    outer loop
      vertex  1.491324e+001  8.109335e+001  6.791237e+000
      vertex  1.490328e+001  8.224574e+001  6.785635e+000
      vertex  1.614272e+001  8.216038e+001  7.197408e+000
    endloop
  endfacet
  facet normal  2.472371e-001  8.261765e-002 -9.654264e-001
    outer loop
      vertex  1.491324e+001  8.109335e+001  6.791237e+000
      vertex  1.614272e+001  8.216038e+001  7.197408e+000
      vertex  1.664113e+001  8.098376e+001  7.224357e+000
    endloop
  endfacet
  facet normal  7.566429e-001 -3.574917e-002  6.528503e-001
    outer loop
      vertex  1.442081e+001  8.206133e+001  1.194512e+000
      vertex  1.363693e+001  8.226073e+001  2.113936e+000
      vertex  1.379761e+001  8.109454e+001  1.863847e+000
    endloop
  endfacet
  facet normal  9.157996e-001  4.049185e-002  3.995894e-001
    outer loop
      vertex  1.379761e+001  8.109454e+001  1.863847e+000
      vertex  1.363693e+001  8.226073e+001  2.113936e+000
      vertex  1.333462e+001  8.237243e+001  2.795462e+000
    endloop
  endfacet
  facet normal  9.086076e-001  2.527702e-002  4.168852e-001
    outer loop
      vertex  1.379761e+001  8.109454e+001  1.863847e+000
      vertex  1.333462e+001  8.237243e+001  2.795462e+000
      vertex  1.328378e+001  8.129099e+001  2.971837e+000
    endloop
  endfacet
  facet normal  9.876847e-001 -2.114818e-002  1.550214e-001
    outer loop
      vertex  1.328378e+001  8.129099e+001  2.971837e+000
      vertex  1.333462e+001  8.237243e+001  2.795462e+000
      vertex  1.317500e+001  8.246461e+001  3.825018e+000
    endloop
  endfacet
  facet normal  9.919689e-001 -3.745094e-006  1.264815e-001
    outer loop
      vertex  1.328378e+001  8.129099e+001  2.971837e+000
      vertex  1.317500e+001  8.246461e+001  3.825018e+000
      vertex  1.317500e+001  8.136356e+001  3.825000e+000
    endloop
  endfacet
  facet normal -3.136715e-001 -1.535433e-002  9.494074e-001
    outer loop
      vertex  1.797824e+001  8.195937e+001  7.281004e-001
      vertex  1.730001e+001  8.190857e+001  5.031993e-001
      vertex  1.768205e+001  8.072495e+001  6.102793e-001
    endloop
  endfacet
  facet normal  8.594702e-006  9.010268e-002  9.959324e-001
    outer loop
      vertex  1.768205e+001  8.072495e+001  6.102793e-001
      vertex  1.730001e+001  8.190857e+001  5.031993e-001
      vertex  1.584993e+001  8.190857e+001  5.032119e-001
    endloop
  endfacet
  facet normal -1.486561e-001 -1.415728e-001  9.787025e-001
    outer loop
      vertex  1.768205e+001  8.072495e+001  6.102793e-001
      vertex  1.584993e+001  8.190857e+001  5.032119e-001
      vertex  1.652964e+001  8.065627e+001  4.253026e-001
    endloop
  endfacet
  facet normal  3.204357e-001  1.154277e-001  9.402113e-001
    outer loop
      vertex  1.652964e+001  8.065627e+001  4.253026e-001
      vertex  1.584993e+001  8.190857e+001  5.032119e-001
      vertex  1.517180e+001  8.195933e+001  7.280965e-001
    endloop
  endfacet
  facet normal  2.217696e-001  4.509561e-003  9.750887e-001
    outer loop
      vertex  1.652964e+001  8.065627e+001  4.253026e-001
      vertex  1.517180e+001  8.195933e+001  7.280965e-001
      vertex  1.514778e+001  8.077053e+001  7.390571e-001
    endloop
  endfacet
  facet normal  5.273169e-001 -2.820070e-003  8.496640e-001
    outer loop
      vertex  1.514778e+001  8.077053e+001  7.390571e-001
      vertex  1.517180e+001  8.195933e+001  7.280965e-001
      vertex  1.442081e+001  8.206133e+001  1.194512e+000
    endloop
  endfacet
  facet normal  6.510047e-001  1.011952e-001  7.522981e-001
    outer loop
      vertex  1.514778e+001  8.077053e+001  7.390571e-001
      vertex  1.442081e+001  8.206133e+001  1.194512e+000
      vertex  1.379761e+001  8.109454e+001  1.863847e+000
    endloop
  endfacet
  facet normal -8.541727e-001 -3.290064e-002  5.189475e-001
    outer loop
      vertex  1.975687e+001  8.234830e+001  2.626795e+000
      vertex  1.912881e+001  8.214980e+001  1.580439e+000
      vertex  1.965799e+001  8.120275e+001  2.391413e+000
    endloop
  endfacet
  facet normal -6.858265e-001  2.127561e-001  6.959718e-001
    outer loop
      vertex  1.965799e+001  8.120275e+001  2.391413e+000
      vertex  1.912881e+001  8.214980e+001  1.580439e+000
      vertex  1.860152e+001  8.203823e+001  1.094945e+000
    endloop
  endfacet
  facet normal -7.863205e-001 -3.734715e-002  6.166888e-001
    outer loop
      vertex  1.965799e+001  8.120275e+001  2.391413e+000
      vertex  1.860152e+001  8.203823e+001  1.094945e+000
      vertex  1.873915e+001  8.091993e+001  1.202696e+000
    endloop
  endfacet
  facet normal -5.090349e-001  2.026874e-002  8.605071e-001
    outer loop
      vertex  1.873915e+001  8.091993e+001  1.202696e+000
      vertex  1.860152e+001  8.203823e+001  1.094945e+000
      vertex  1.797824e+001  8.195937e+001  7.281004e-001
    endloop
  endfacet
  facet normal -4.935480e-001  3.548085e-002  8.689944e-001
    outer loop
      vertex  1.873915e+001  8.091993e+001  1.202696e+000
      vertex  1.797824e+001  8.195937e+001  7.281004e-001
      vertex  1.768205e+001  8.072495e+001  6.102793e-001
    endloop
  endfacet
  facet normal -9.834743e-001  4.908314e-002  1.742674e-001
    outer loop
      vertex  1.975687e+001  8.234830e+001  2.626795e+000
      vertex  1.965799e+001  8.120275e+001  2.391413e+000
      vertex  1.997499e+001  8.246461e+001  3.825018e+000
    endloop
  endfacet
  facet normal -9.764119e-001 -8.674417e-006  2.159162e-001
    outer loop
      vertex  1.997499e+001  8.246461e+001  3.825018e+000
      vertex  1.965799e+001  8.120275e+001  2.391413e+000
      vertex  1.997500e+001  8.136356e+001  3.825000e+000
    endloop
  endfacet
  facet normal  1.035320e-002  9.965294e-001 -8.259519e-002
    outer loop
      vertex  2.104704e+001  8.296413e+001  3.804342e+000
      vertex  3.481377e+001  8.261806e+001  1.354489e+000
      vertex  2.087843e+001  8.288419e+001  2.818612e+000
    endloop
  endfacet
  facet normal  4.081079e-003  9.930817e-001 -1.173538e-001
    outer loop
      vertex  3.337500e+001  8.297500e+001  4.324994e+000
      vertex  3.481377e+001  8.261806e+001  1.354489e+000
      vertex  2.104704e+001  8.296413e+001  3.804342e+000
    endloop
  endfacet
  facet normal -5.943582e-004  9.999767e-001 -6.792977e-003
    outer loop
      vertex  3.337500e+001  8.297500e+001  4.324994e+000
      vertex  2.104704e+001  8.296413e+001  3.804342e+000
      vertex  2.095285e+001  8.297002e+001  4.678496e+000
    endloop
  endfacet
  facet normal  1.691396e-003  9.972944e-001  7.349128e-002
    outer loop
      vertex  3.337500e+001  8.297500e+001  4.324994e+000
      vertex  2.095285e+001  8.297002e+001  4.678496e+000
      vertex  2.047079e+001  8.288860e+001  5.794492e+000
    endloop
  endfacet
  facet normal  1.119065e-002  9.876398e-001  1.563402e-001
    outer loop
      vertex  3.337500e+001  8.297500e+001  4.324994e+000
      vertex  2.047079e+001  8.288860e+001  5.794492e+000
      vertex  1.985447e+001  8.277584e+001  6.550908e+000
    endloop
  endfacet
  facet normal  2.338140e-002  9.731244e-001  2.290898e-001
    outer loop
      vertex  3.337500e+001  8.297500e+001  4.324994e+000
      vertex  1.985447e+001  8.277584e+001  6.550908e+000
      vertex  1.911560e+001  8.265540e+001  7.137943e+000
    endloop
  endfacet
  facet normal  -0.000000e+000  9.936072e-001  1.128921e-001
    outer loop
      vertex  3.337500e+001  8.297500e+001  4.324994e+000
      vertex  1.911560e+001  8.265540e+001  7.137943e+000
      vertex  3.523977e+001  8.265540e+001  7.137943e+000
    endloop
  endfacet
  facet normal  6.132584e-004  9.615025e-001 -2.747954e-001
    outer loop
      vertex  3.525316e+001  8.234589e+001  4.031767e-001
      vertex  1.946496e+001  8.247189e+001  8.088114e-001
      vertex  3.481377e+001  8.261806e+001  1.354489e+000
    endloop
  endfacet
  facet normal -4.313449e-004  9.689139e-001 -2.473980e-001
    outer loop
      vertex  3.481377e+001  8.261806e+001  1.354489e+000
      vertex  1.946496e+001  8.247189e+001  8.088114e-001
      vertex  2.026386e+001  8.268211e+001  1.630729e+000
    endloop
  endfacet
  facet normal  1.144883e-003  9.857391e-001 -1.682776e-001
    outer loop
      vertex  3.481377e+001  8.261806e+001  1.354489e+000
      vertex  2.026386e+001  8.268211e+001  1.630729e+000
      vertex  2.087843e+001  8.288419e+001  2.818612e+000
    endloop
  endfacet
  facet normal  7.740046e-007  9.461839e-001 -3.236296e-001
    outer loop
      vertex  3.485523e+001  8.225282e+001  1.310453e-001
      vertex  1.820156e+001  8.225282e+001  1.310277e-001
      vertex  3.525316e+001  8.234589e+001  4.031767e-001
    endloop
  endfacet
  facet normal -5.877862e-006  9.463114e-001 -3.232564e-001
    outer loop
      vertex  3.525316e+001  8.234589e+001  4.031767e-001
      vertex  1.820156e+001  8.225282e+001  1.310277e-001
      vertex  1.885801e+001  8.234853e+001  4.111802e-001
    endloop
  endfacet
  facet normal  8.673374e-006  9.550844e-001 -2.963336e-001
    outer loop
      vertex  3.525316e+001  8.234589e+001  4.031767e-001
      vertex  1.885801e+001  8.234853e+001  4.111802e-001
      vertex  1.946496e+001  8.247189e+001  8.088114e-001
    endloop
  endfacet
  facet normal -6.222751e-001  1.770256e-003 -7.827967e-001
    outer loop
      vertex -1.023145e+001  8.130171e+001  5.589134e+000
      vertex -9.742696e+000  8.294413e+001  5.204319e+000
      vertex -9.737669e+000  8.134021e+001  5.196696e+000
    endloop
  endfacet
  facet normal -9.571353e-001 -1.623141e-003 -2.896366e-001
    outer loop
      vertex -9.737669e+000  8.134021e+001  5.196696e+000
      vertex -9.742696e+000  8.294413e+001  5.204319e+000
      vertex -9.575000e+000  8.297079e+001  4.650000e+000
    endloop
  endfacet
  facet normal -9.584702e-001  -0.000000e+000 -2.851926e-001
    outer loop
      vertex -9.737669e+000  8.134021e+001  5.196696e+000
      vertex -9.575000e+000  8.297079e+001  4.650000e+000
      vertex -9.575000e+000  8.137017e+001  4.650000e+000
    endloop
  endfacet
  facet normal -6.135454e-001 -2.434550e-003 -7.896556e-001
    outer loop
      vertex -9.742696e+000  8.294413e+001  5.204319e+000
      vertex -1.023145e+001  8.130171e+001  5.589134e+000
      vertex -1.024331e+001  8.291068e+001  5.593389e+000
    endloop
  endfacet
  facet normal -2.961303e-002  2.424690e-003 -9.995585e-001
    outer loop
      vertex -1.024331e+001  8.291068e+001  5.593389e+000
      vertex -1.023145e+001  8.130171e+001  5.589134e+000
      vertex -1.086237e+001  8.129952e+001  5.607821e+000
    endloop
  endfacet
  facet normal -1.879374e-002 -1.734772e-003 -9.998219e-001
    outer loop
      vertex -1.024331e+001  8.291068e+001  5.593389e+000
      vertex -1.086237e+001  8.129952e+001  5.607821e+000
      vertex -1.087100e+001  8.290948e+001  5.605189e+000
    endloop
  endfacet
  facet normal  5.749865e-001  1.744945e-003 -8.181610e-001
    outer loop
      vertex -1.087100e+001  8.290948e+001  5.605189e+000
      vertex -1.086237e+001  8.129952e+001  5.607821e+000
      vertex -1.137871e+001  8.133624e+001  5.245026e+000
    endloop
  endfacet
  facet normal  5.794621e-001 -4.232449e-004 -8.149991e-001
    outer loop
      vertex -1.087100e+001  8.290948e+001  5.605189e+000
      vertex -1.137871e+001  8.133624e+001  5.245026e+000
      vertex -1.138000e+001  8.294133e+001  5.243270e+000
    endloop
  endfacet
  facet normal  9.496669e-001  4.247233e-004 -3.132613e-001
    outer loop
      vertex -1.138000e+001  8.294133e+001  5.243270e+000
      vertex -1.137871e+001  8.133624e+001  5.245026e+000
      vertex -1.157500e+001  8.137017e+001  4.650000e+000
    endloop
  endfacet
  facet normal  9.500012e-001  0.000000e+000 -3.122463e-001
    outer loop
      vertex -1.138000e+001  8.294133e+001  5.243270e+000
      vertex -1.157500e+001  8.137017e+001  4.650000e+000
      vertex -1.157500e+001  8.297079e+001  4.650000e+000
    endloop
  endfacet
  facet normal  6.222620e-001  1.778643e-003  7.828071e-001
    outer loop
      vertex -1.091853e+001  8.135775e+001  3.710857e+000
      vertex -1.140736e+001  8.297291e+001  4.095768e+000
      vertex -1.141240e+001  8.137276e+001  4.103407e+000
    endloop
  endfacet
  facet normal  9.571744e-001 -1.630075e-003  2.895076e-001
    outer loop
      vertex -1.141240e+001  8.137276e+001  4.103407e+000
      vertex -1.140736e+001  8.297291e+001  4.095768e+000
      vertex -1.157500e+001  8.297079e+001  4.650000e+000
    endloop
  endfacet
  facet normal  9.584880e-001  0.000000e+000  2.851326e-001
    outer loop
      vertex -1.141240e+001  8.137276e+001  4.103407e+000
      vertex -1.157500e+001  8.297079e+001  4.650000e+000
      vertex -1.157500e+001  8.137017e+001  4.650000e+000
    endloop
  endfacet
  facet normal  6.136457e-001 -2.442692e-003  7.895778e-001
    outer loop
      vertex -1.140736e+001  8.297291e+001  4.095768e+000
      vertex -1.091853e+001  8.135775e+001  3.710857e+000
      vertex -1.090668e+001  8.295974e+001  3.706610e+000
    endloop
  endfacet
  facet normal  2.971947e-002  2.430333e-003  9.995554e-001
    outer loop
      vertex -1.090668e+001  8.295974e+001  3.706610e+000
      vertex -1.091853e+001  8.135775e+001  3.710857e+000
      vertex -1.028787e+001  8.135667e+001  3.692108e+000
    endloop
  endfacet
  facet normal  1.888320e-002 -1.755084e-003  9.998202e-001
    outer loop
      vertex -1.090668e+001  8.295974e+001  3.706610e+000
      vertex -1.028787e+001  8.135667e+001  3.692108e+000
      vertex -1.027918e+001  8.295915e+001  3.694757e+000
    endloop
  endfacet
  facet normal -5.746527e-001  1.764123e-003  8.183954e-001
    outer loop
      vertex -1.027918e+001  8.295915e+001  3.694757e+000
      vertex -1.028787e+001  8.135667e+001  3.692108e+000
      vertex -9.771561e+000  8.137166e+001  4.054613e+000
    endloop
  endfacet
  facet normal -5.792624e-001 -4.475720e-004  8.151410e-001
    outer loop
      vertex -1.027918e+001  8.295915e+001  3.694757e+000
      vertex -9.771561e+000  8.137166e+001  4.054613e+000
      vertex -9.770193e+000  8.297212e+001  4.056463e+000
    endloop
  endfacet
  facet normal -9.495888e-001  4.489121e-004  3.134978e-001
    outer loop
      vertex -9.770193e+000  8.297212e+001  4.056463e+000
      vertex -9.771561e+000  8.137166e+001  4.054613e+000
      vertex -9.575000e+000  8.137017e+001  4.650000e+000
    endloop
  endfacet
  facet normal -9.499491e-001  0.000000e+000  3.124047e-001
    outer loop
      vertex -9.770193e+000  8.297212e+001  4.056463e+000
      vertex -9.575000e+000  8.137017e+001  4.650000e+000
      vertex -9.575000e+000  8.297079e+001  4.650000e+000
    endloop
  endfacet
  facet normal -2.343608e-001  0.000000e+000  9.721497e-001
    outer loop
      vertex -1.614717e+001  8.126604e+001  2.784925e+000
      vertex -1.637500e+001  8.287314e+001  2.730000e+000
      vertex -1.637500e+001  8.125809e+001  2.730000e+000
    endloop
  endfacet
  facet normal -3.103078e-001 -1.150450e-002  9.505666e-001
    outer loop
      vertex -1.637500e+001  8.287314e+001  2.730000e+000
      vertex -1.614717e+001  8.126604e+001  2.784925e+000
      vertex -1.607963e+001  8.288515e+001  2.826566e+000
    endloop
  endfacet
  facet normal -6.522178e-001  7.709048e-003  7.579924e-001
    outer loop
      vertex -1.607963e+001  8.288515e+001  2.826566e+000
      vertex -1.614717e+001  8.126604e+001  2.784925e+000
      vertex -1.596929e+001  8.128668e+001  2.937770e+000
    endloop
  endfacet
  facet normal -7.637401e-001 -7.817154e-003  6.454766e-001
    outer loop
      vertex -1.607963e+001  8.288515e+001  2.826566e+000
      vertex -1.596929e+001  8.128668e+001  2.937770e+000
      vertex -1.592768e+001  8.290549e+001  3.006608e+000
    endloop
  endfacet
  facet normal -9.520078e-001  1.146396e-002  3.058588e-001
    outer loop
      vertex -1.592768e+001  8.290549e+001  3.006608e+000
      vertex -1.596929e+001  8.128668e+001  2.937770e+000
      vertex -1.587500e+001  8.132005e+001  3.230000e+000
    endloop
  endfacet
  facet normal -9.733041e-001  0.000000e+000  2.295194e-001
    outer loop
      vertex -1.592768e+001  8.290549e+001  3.006608e+000
      vertex -1.587500e+001  8.132005e+001  3.230000e+000
      vertex -1.587500e+001  8.292709e+001  3.230000e+000
    endloop
  endfacet
  facet normal -1.000000e+000  0.000000e+000  0.000000e+000
    outer loop
      vertex -1.587500e+001  8.292709e+001  3.230000e+000
      vertex -1.587500e+001  8.132005e+001  3.230000e+000
      vertex -1.587500e+001  8.294230e+001  5.230000e+000
    endloop
  endfacet
  facet normal -1.000000e+000  -0.000000e+000  0.000000e+000
    outer loop
      vertex -1.587500e+001  8.294230e+001  5.230000e+000
      vertex -1.587500e+001  8.132005e+001  3.230000e+000
      vertex -1.587500e+001  8.133750e+001  5.230000e+000
    endloop
  endfacet
  facet normal -9.517004e-001  -0.000000e+000 -3.070282e-001
    outer loop
      vertex -1.596927e+001  8.130929e+001  5.522198e+000
      vertex -1.587500e+001  8.294230e+001  5.230000e+000
      vertex -1.587500e+001  8.133750e+001  5.230000e+000
    endloop
  endfacet
  facet normal -9.734760e-001  1.534872e-002 -2.282735e-001
    outer loop
      vertex -1.587500e+001  8.294230e+001  5.230000e+000
      vertex -1.596927e+001  8.130929e+001  5.522198e+000
      vertex -1.592766e+001  8.292413e+001  5.453360e+000
    endloop
  endfacet
  facet normal -6.507769e-001 -1.559370e-002 -7.591088e-001
    outer loop
      vertex -1.592766e+001  8.292413e+001  5.453360e+000
      vertex -1.596927e+001  8.130929e+001  5.522198e+000
      vertex -1.614716e+001  8.129137e+001  5.675071e+000
    endloop
  endfacet
  facet normal -7.648774e-001  1.537664e-002 -6.439923e-001
    outer loop
      vertex -1.592766e+001  8.292413e+001  5.453360e+000
      vertex -1.614716e+001  8.129137e+001  5.675071e+000
      vertex -1.607962e+001  8.290655e+001  5.633426e+000
    endloop
  endfacet
  facet normal -2.339002e-001 -1.528515e-002 -9.721404e-001
    outer loop
      vertex -1.607962e+001  8.290655e+001  5.633426e+000
      vertex -1.614716e+001  8.129137e+001  5.675071e+000
      vertex -1.637500e+001  8.128439e+001  5.730000e+000
    endloop
  endfacet
  facet normal -3.107640e-001  0.000000e+000 -9.504871e-001
    outer loop
      vertex -1.607962e+001  8.290655e+001  5.633426e+000
      vertex -1.637500e+001  8.128439e+001  5.730000e+000
      vertex -1.637500e+001  8.289603e+001  5.730000e+000
    endloop
  endfacet
  facet normal -1.843202e-004 -9.924661e-001 -1.225192e-001
    outer loop
      vertex -1.086237e+001  8.129952e+001  5.607821e+000
      vertex -1.023145e+001  8.130171e+001  5.589134e+000
      vertex -1.057500e+001  8.128420e+001  5.731486e+000
    endloop
  endfacet
  facet normal -9.554951e-003 -9.569430e-001 -2.901182e-001
    outer loop
      vertex -2.511948e+001  8.103265e+001  7.040226e+000
      vertex -1.057500e+001  8.128420e+001  5.731486e+000
      vertex -2.557500e+001  8.100392e+001  7.150000e+000
    endloop
  endfacet
  facet normal -1.892328e-005 -9.896759e-001  1.433234e-001
    outer loop
      vertex -1.057500e+001  8.126984e+001  2.811844e+000
      vertex -1.614717e+001  8.126604e+001  2.784925e+000
      vertex -1.637500e+001  8.125809e+001  2.730000e+000
    endloop
  endfacet
  facet normal  2.810649e-005 -9.910116e-001  1.337764e-001
    outer loop
      vertex -1.614717e+001  8.126604e+001  2.784925e+000
      vertex -1.057500e+001  8.126984e+001  2.811844e+000
      vertex -1.596929e+001  8.128668e+001  2.937770e+000
    endloop
  endfacet
  facet normal -7.526748e-005 -9.490912e-001  3.150014e-001
    outer loop
      vertex  1.514778e+001  8.077053e+001  7.390571e-001
      vertex  6.708096e+000  8.084605e+001  9.645675e-001
      vertex  6.025000e+000  8.079148e+001  8.000000e-001
    endloop
  endfacet
  facet normal -6.073530e-004 -9.992339e-001  3.913293e-002
    outer loop
      vertex  3.389645e+001  8.134087e+001  3.461500e+000
      vertex  3.337500e+001  8.137500e+001  4.324994e+000
      vertex  1.997500e+001  8.136356e+001  3.825000e+000
    endloop
  endfacet
  facet normal -3.500736e-007 -9.920378e-001 -1.259406e-001
    outer loop
      vertex -1.637500e+001  8.128439e+001  5.730000e+000
      vertex -1.614716e+001  8.129137e+001  5.675071e+000
      vertex -1.057500e+001  8.128420e+001  5.731486e+000
    endloop
  endfacet
  facet normal  1.603006e-005 -9.820579e-001 -1.885802e-001
    outer loop
      vertex -1.637500e+001  8.128439e+001  5.730000e+000
      vertex -1.057500e+001  8.128420e+001  5.731486e+000
      vertex -2.511948e+001  8.103265e+001  7.040226e+000
    endloop
  endfacet
  facet normal -8.600801e-003 -9.698038e-001 -2.437347e-001
    outer loop
      vertex -1.637500e+001  8.128439e+001  5.730000e+000
      vertex -2.511948e+001  8.103265e+001  7.040226e+000
      vertex -2.476395e+001  8.110622e+001  6.734979e+000
    endloop
  endfacet
  facet normal  0.000000e+000 -9.846445e-001 -1.745716e-001
    outer loop
      vertex -1.637500e+001  8.128439e+001  5.730000e+000
      vertex -2.476395e+001  8.110622e+001  6.734979e+000
      vertex -2.287500e+001  8.128439e+001  5.730000e+000
    endloop
  endfacet
  facet normal  0.000000e+000 -9.266144e-001  3.760130e-001
    outer loop
      vertex -3.315300e+001  8.048368e+001  0.000000e+000
      vertex  3.315300e+001  8.048368e+001  0.000000e+000
      vertex  1.652964e+001  8.065627e+001  4.253026e-001
    endloop
  endfacet
  facet normal  3.223356e-004 -9.391696e-001  3.434534e-001
    outer loop
      vertex -3.315300e+001  8.048368e+001  0.000000e+000
      vertex  1.652964e+001  8.065627e+001  4.253026e-001
      vertex  1.514778e+001  8.077053e+001  7.390571e-001
    endloop
  endfacet
  facet normal  1.931690e-004 -9.364374e-001  3.508347e-001
    outer loop
      vertex -3.315300e+001  8.048368e+001  0.000000e+000
      vertex  1.514778e+001  8.077053e+001  7.390571e-001
      vertex  6.025000e+000  8.079148e+001  8.000000e-001
    endloop
  endfacet
  facet normal  0.000000e+000 -9.333034e-001  3.590888e-001
    outer loop
      vertex -3.315300e+001  8.048368e+001  0.000000e+000
      vertex  6.025000e+000  8.079148e+001  8.000000e-001
      vertex -4.975000e+000  8.079148e+001  8.000000e-001
    endloop
  endfacet
  facet normal  1.279903e-003 -9.475847e-001  3.195021e-001
    outer loop
      vertex -3.315300e+001  8.048368e+001  0.000000e+000
      vertex -4.975000e+000  8.079148e+001  8.000000e-001
      vertex -5.658096e+000  8.084605e+001  9.645675e-001
    endloop
  endfacet
  facet normal  2.478217e-003 -9.573248e-001  2.890035e-001
    outer loop
      vertex -3.315300e+001  8.048368e+001  0.000000e+000
      vertex -5.658096e+000  8.084605e+001  9.645675e-001
      vertex -6.191185e+000  8.098276e+001  1.421995e+000
    endloop
  endfacet
  facet normal  6.037641e-003 -9.738063e-001  2.272993e-001
    outer loop
      vertex -3.315300e+001  8.048368e+001  0.000000e+000
      vertex -6.191185e+000  8.098276e+001  1.421995e+000
      vertex -6.475000e+000  8.118594e+001  2.300000e+000
    endloop
  endfacet
  facet normal  7.040270e-003 -9.762742e-001  2.164232e-001
    outer loop
      vertex -3.315300e+001  8.048368e+001  0.000000e+000
      vertex -6.475000e+000  8.118594e+001  2.300000e+000
      vertex -1.057500e+001  8.126984e+001  2.811844e+000
    endloop
  endfacet
  facet normal -9.456673e-002 -4.536249e-001  8.861611e-001
    outer loop
      vertex -3.315300e+001  8.048368e+001  0.000000e+000
      vertex -1.057500e+001  8.126984e+001  2.811844e+000
      vertex -2.557500e+001  8.085741e+001  1.000000e+000
    endloop
  endfacet
  facet normal  0.000000e+000 -9.367186e-001  3.500831e-001
    outer loop
      vertex -3.315300e+001  8.048368e+001  0.000000e+000
      vertex -2.557500e+001  8.085741e+001  1.000000e+000
      vertex -3.157500e+001  8.085741e+001  1.000000e+000
    endloop
  endfacet
  facet normal -3.029637e-003 -9.351372e-001  3.542729e-001
    outer loop
      vertex -3.315300e+001  8.048368e+001  0.000000e+000
      vertex -3.157500e+001  8.085741e+001  1.000000e+000
      vertex -3.550301e+001  8.076197e+001  7.144759e-001
    endloop
  endfacet
  facet normal -9.018331e-003 -9.414493e-001  3.370338e-001
    outer loop
      vertex -3.315300e+001  8.048368e+001  0.000000e+000
      vertex -3.550301e+001  8.076197e+001  7.144759e-001
      vertex -3.446165e+001  8.057066e+001  2.079342e-001
    endloop
  endfacet
  facet normal  3.845793e-003 -9.780450e-001  2.083580e-001
    outer loop
      vertex  3.550301e+001  8.076197e+001  7.144759e-001
      vertex  3.389645e+001  8.134087e+001  3.461500e+000
      vertex  1.997500e+001  8.136356e+001  3.825000e+000
    endloop
  endfacet
  facet normal -1.547673e-002 -9.932632e-001  1.148415e-001
    outer loop
      vertex  3.550301e+001  8.076197e+001  7.144759e-001
      vertex  1.997500e+001  8.136356e+001  3.825000e+000
      vertex  1.965799e+001  8.120275e+001  2.391413e+000
    endloop
  endfacet
  facet normal -2.371369e-003 -9.724272e-001  2.331946e-001
    outer loop
      vertex  3.550301e+001  8.076197e+001  7.144759e-001
      vertex  1.965799e+001  8.120275e+001  2.391413e+000
      vertex  1.873915e+001  8.091993e+001  1.202696e+000
    endloop
  endfacet
  facet normal  1.471017e-004 -9.499511e-001  3.123986e-001
    outer loop
      vertex  3.550301e+001  8.076197e+001  7.144759e-001
      vertex  1.873915e+001  8.091993e+001  1.202696e+000
      vertex  1.768205e+001  8.072495e+001  6.102793e-001
    endloop
  endfacet
  facet normal -1.237009e-004 -9.354158e-001  3.535495e-001
    outer loop
      vertex  3.550301e+001  8.076197e+001  7.144759e-001
      vertex  1.768205e+001  8.072495e+001  6.102793e-001
      vertex  3.446165e+001  8.057066e+001  2.079342e-001
    endloop
  endfacet
  facet normal -1.678763e-002 -9.060678e-001 -4.227992e-001
    outer loop
      vertex -3.504912e+001  8.052574e+001  8.550929e+000
      vertex -3.479782e+001  8.056215e+001  8.462929e+000
      vertex -2.557500e+001  8.100392e+001  7.150000e+000
    endloop
  endfacet
  facet normal -3.237173e-002 -8.584192e-001 -5.119264e-001
    outer loop
      vertex -3.504912e+001  8.052574e+001  8.550929e+000
      vertex -2.557500e+001  8.100392e+001  7.150000e+000
      vertex -1.057500e+001  8.128420e+001  5.731486e+000
    endloop
  endfacet
  facet normal  3.661226e-003 -9.731802e-001 -2.300150e-001
    outer loop
      vertex -3.504912e+001  8.052574e+001  8.550929e+000
      vertex -1.057500e+001  8.128420e+001  5.731486e+000
      vertex -4.975000e+000  8.125362e+001  5.950000e+000
    endloop
  endfacet
  facet normal  0.000000e+000 -9.630003e-001 -2.695002e-001
    outer loop
      vertex -3.504912e+001  8.052574e+001  8.550929e+000
      vertex -4.975000e+000  8.125362e+001  5.950000e+000
      vertex  6.025000e+000  8.125362e+001  5.950000e+000
    endloop
  endfacet
  facet normal  2.006911e-003 -9.707751e-001 -2.399827e-001
    outer loop
      vertex -3.504912e+001  8.052574e+001  8.550929e+000
      vertex  6.025000e+000  8.125362e+001  5.950000e+000
      vertex  1.408423e+001  8.122349e+001  6.139303e+000
    endloop
  endfacet
  facet normal  4.060335e-003 -9.796418e-001 -2.007125e-001
    outer loop
      vertex -3.504912e+001  8.052574e+001  8.550929e+000
      vertex  1.408423e+001  8.122349e+001  6.139303e+000
      vertex  1.491324e+001  8.109335e+001  6.791237e+000
    endloop
  endfacet
  facet normal  2.077612e-003 -9.674450e-001 -2.530731e-001
    outer loop
      vertex -3.504912e+001  8.052574e+001  8.550929e+000
      vertex  1.491324e+001  8.109335e+001  6.791237e+000
      vertex  1.664113e+001  8.098376e+001  7.224357e+000
    endloop
  endfacet
  facet normal  2.794724e-005 -9.455801e-001 -3.253897e-001
    outer loop
      vertex -3.504912e+001  8.052574e+001  8.550929e+000
      vertex  1.664113e+001  8.098376e+001  7.224357e+000
      vertex  3.487229e+001  8.053753e+001  8.522680e+000
    endloop
  endfacet
  facet normal  0.000000e+000 -9.228786e-001 -3.850909e-001
    outer loop
      vertex -3.504912e+001  8.052574e+001  8.550929e+000
      vertex  3.487229e+001  8.053753e+001  8.522680e+000
      vertex  3.504912e+001  8.052574e+001  8.550929e+000
    endloop
  endfacet
  facet normal  -0.000000e+000 -9.477851e-001 -3.189095e-001
    outer loop
      vertex -3.157500e+001  8.100392e+001  7.150000e+000
      vertex -2.557500e+001  8.100392e+001  7.150000e+000
      vertex -3.479782e+001  8.056215e+001  8.462929e+000
    endloop
  endfacet
  facet normal -2.125174e-002 -9.306442e-001 -3.653080e-001
    outer loop
      vertex -3.157500e+001  8.100392e+001  7.150000e+000
      vertex -3.479782e+001  8.056215e+001  8.462929e+000
      vertex -3.484716e+001  8.061556e+001  8.329725e+000
    endloop
  endfacet
  facet normal -1.279007e-002 -9.387025e-001 -3.444910e-001
    outer loop
      vertex -3.157500e+001  8.100392e+001  7.150000e+000
      vertex -3.484716e+001  8.061556e+001  8.329725e+000
      vertex -3.501200e+001  8.065858e+001  8.218615e+000
    endloop
  endfacet
  facet normal -8.010732e-003 -9.436910e-001 -3.307312e-001
    outer loop
      vertex -3.157500e+001  8.100392e+001  7.150000e+000
      vertex -3.501200e+001  8.065858e+001  8.218615e+000
      vertex -3.550297e+001  8.076199e+001  7.935445e+000
    endloop
  endfacet
  facet normal  3.710496e-002 -9.819931e-001 -1.852374e-001
    outer loop
      vertex -3.550297e+001  8.076199e+001  7.935445e+000
      vertex -3.389645e+001  8.134087e+001  5.188488e+000
      vertex -3.238605e+001  8.110622e+001  6.734979e+000
    endloop
  endfacet
  facet normal  1.178458e-002 -9.688872e-001 -2.472220e-001
    outer loop
      vertex -3.550297e+001  8.076199e+001  7.935445e+000
      vertex -3.238605e+001  8.110622e+001  6.734979e+000
      vertex -3.203052e+001  8.103265e+001  7.040226e+000
    endloop
  endfacet
  facet normal  4.866255e-003 -9.622689e-001 -2.720564e-001
    outer loop
      vertex -3.550297e+001  8.076199e+001  7.935445e+000
      vertex -3.203052e+001  8.103265e+001  7.040226e+000
      vertex -3.157500e+001  8.100392e+001  7.150000e+000
    endloop
  endfacet
  facet normal  1.115865e-003 -9.529295e-001  3.031899e-001
    outer loop
      vertex -3.550301e+001  8.076197e+001  7.144759e-001
      vertex -3.157500e+001  8.085741e+001  1.000000e+000
      vertex -3.203043e+001  8.089179e+001  1.109727e+000
    endloop
  endfacet
  facet normal  3.542373e-003 -9.588704e-001  2.838224e-001
    outer loop
      vertex -3.550301e+001  8.076197e+001  7.144759e-001
      vertex -3.203043e+001  8.089179e+001  1.109727e+000
      vertex -3.238578e+001  8.098074e+001  1.414650e+000
    endloop
  endfacet
  facet normal  1.337988e-002 -9.698219e-001  2.434468e-001
    outer loop
      vertex -3.550301e+001  8.076197e+001  7.144759e-001
      vertex -3.238578e+001  8.098074e+001  1.414650e+000
      vertex -3.257500e+001  8.112506e+001  2.000000e+000
    endloop
  endfacet
  facet normal  4.161060e-002 -9.822935e-001  1.826688e-001
    outer loop
      vertex -3.550301e+001  8.076197e+001  7.144759e-001
      vertex -3.257500e+001  8.112506e+001  2.000000e+000
      vertex -3.389645e+001  8.134087e+001  3.461500e+000
    endloop
  endfacet
  facet normal -9.329991e-002 -9.930461e-001 -7.179511e-002
    outer loop
      vertex -2.457500e+001  8.122169e+001  6.150000e+000
      vertex -2.457500e+001  8.137204e+001  4.070374e+000
      vertex -2.337500e+001  8.132005e+001  3.230000e+000
    endloop
  endfacet
  facet normal  1.026513e-001 -9.946795e-001  8.677796e-003
    outer loop
      vertex -2.457500e+001  8.122169e+001  6.150000e+000
      vertex -2.337500e+001  8.132005e+001  3.230000e+000
      vertex -2.337500e+001  8.133750e+001  5.230000e+000
    endloop
  endfacet
  facet normal  1.793019e-002 -9.946409e-001 -1.018232e-001
    outer loop
      vertex -2.457500e+001  8.122169e+001  6.150000e+000
      vertex -2.337500e+001  8.133750e+001  5.230000e+000
      vertex -2.328074e+001  8.130929e+001  5.522198e+000
    endloop
  endfacet
  facet normal  6.861818e-003 -9.922205e-001 -1.243038e-001
    outer loop
      vertex -2.457500e+001  8.122169e+001  6.150000e+000
      vertex -2.328074e+001  8.130929e+001  5.522198e+000
      vertex -2.310284e+001  8.129137e+001  5.675071e+000
    endloop
  endfacet
  facet normal  2.701383e-003 -9.905731e-001 -1.369583e-001
    outer loop
      vertex -2.457500e+001  8.122169e+001  6.150000e+000
      vertex -2.310284e+001  8.129137e+001  5.675071e+000
      vertex -2.287500e+001  8.128439e+001  5.730000e+000
    endloop
  endfacet
  facet normal -1.265669e-002 -9.802062e-001 -1.975742e-001
    outer loop
      vertex -2.457500e+001  8.122169e+001  6.150000e+000
      vertex -2.287500e+001  8.128439e+001  5.730000e+000
      vertex -2.476395e+001  8.110622e+001  6.734979e+000
    endloop
  endfacet
  facet normal -3.104986e-002 -9.680756e-001  2.487281e-001
    outer loop
      vertex -2.457500e+001  8.112506e+001  2.000000e+000
      vertex -2.476422e+001  8.098074e+001  1.414650e+000
      vertex -2.287500e+001  8.125809e+001  2.730000e+000
    endloop
  endfacet
  facet normal  5.708850e-003 -9.860420e-001  1.663997e-001
    outer loop
      vertex -2.457500e+001  8.112506e+001  2.000000e+000
      vertex -2.287500e+001  8.125809e+001  2.730000e+000
      vertex -2.310283e+001  8.126604e+001  2.784925e+000
    endloop
  endfacet
  facet normal  1.450313e-002 -9.885261e-001  1.503518e-001
    outer loop
      vertex -2.457500e+001  8.112506e+001  2.000000e+000
      vertex -2.310283e+001  8.126604e+001  2.784925e+000
      vertex -2.328071e+001  8.128668e+001  2.937770e+000
    endloop
  endfacet
  facet normal  3.386610e-002 -9.916827e-001  1.241715e-001
    outer loop
      vertex -2.457500e+001  8.112506e+001  2.000000e+000
      vertex -2.328071e+001  8.128668e+001  2.937770e+000
      vertex -2.337500e+001  8.132005e+001  3.230000e+000
    endloop
  endfacet
  facet normal  3.990427e-002 -9.921688e-001  1.183576e-001
    outer loop
      vertex -2.457500e+001  8.112506e+001  2.000000e+000
      vertex -2.337500e+001  8.132005e+001  3.230000e+000
      vertex -2.457500e+001  8.137204e+001  4.070374e+000
    endloop
  endfacet
  facet normal -3.561665e-003 -9.934065e-001  1.145904e-001
    outer loop
      vertex -1.587500e+001  8.132005e+001  3.230000e+000
      vertex -1.596929e+001  8.128668e+001  2.937770e+000
      vertex -1.091853e+001  8.135775e+001  3.710857e+000
    endloop
  endfacet
  facet normal  3.469649e-003 -9.990878e-001  4.255990e-002
    outer loop
      vertex -1.587500e+001  8.132005e+001  3.230000e+000
      vertex -1.091853e+001  8.135775e+001  3.710857e+000
      vertex -1.141240e+001  8.137276e+001  4.103407e+000
    endloop
  endfacet
  facet normal  1.203460e-002 -9.999268e-001 -1.151372e-003
    outer loop
      vertex -1.587500e+001  8.132005e+001  3.230000e+000
      vertex -1.141240e+001  8.137276e+001  4.103407e+000
      vertex -1.157500e+001  8.137017e+001  4.650000e+000
    endloop
  endfacet
  facet normal  3.411251e-002 -9.970946e-001 -6.810697e-002
    outer loop
      vertex -1.587500e+001  8.132005e+001  3.230000e+000
      vertex -1.157500e+001  8.137017e+001  4.650000e+000
      vertex -1.137871e+001  8.133624e+001  5.245026e+000
    endloop
  endfacet
  facet normal -3.091177e-004 -9.999618e-001  8.723880e-003
    outer loop
      vertex -1.587500e+001  8.132005e+001  3.230000e+000
      vertex -1.137871e+001  8.133624e+001  5.245026e+000
      vertex -1.587500e+001  8.133750e+001  5.230000e+000
    endloop
  endfacet
  facet normal -3.816980e-003 -9.789500e-001 -2.040641e-001
    outer loop
      vertex  3.389645e+001  8.134087e+001  5.188488e+000
      vertex  3.550297e+001  8.076199e+001  7.935445e+000
      vertex  1.664113e+001  8.098376e+001  7.224357e+000
    endloop
  endfacet
  facet normal -1.808607e-002 -9.474225e-001 -3.194740e-001
    outer loop
      vertex  3.389645e+001  8.134087e+001  5.188488e+000
      vertex  1.664113e+001  8.098376e+001  7.224357e+000
      vertex  1.805908e+001  8.107146e+001  6.884004e+000
    endloop
  endfacet
  facet normal -6.449227e-003 -9.765049e-001 -2.153981e-001
    outer loop
      vertex  3.389645e+001  8.134087e+001  5.188488e+000
      vertex  1.805908e+001  8.107146e+001  6.884004e+000
      vertex  1.892452e+001  8.119841e+001  6.282586e+000
    endloop
  endfacet
  facet normal -9.158773e-004 -9.899480e-001 -1.414285e-001
    outer loop
      vertex  3.389645e+001  8.134087e+001  5.188488e+000
      vertex  1.892452e+001  8.119841e+001  6.282586e+000
      vertex  1.956463e+001  8.131758e+001  5.444286e+000
    endloop
  endfacet
  facet normal  1.122505e-003 -9.996045e-001 -2.810099e-002
    outer loop
      vertex  3.389645e+001  8.134087e+001  5.188488e+000
      vertex  1.956463e+001  8.131758e+001  5.444286e+000
      vertex  1.997500e+001  8.136356e+001  3.825000e+000
    endloop
  endfacet
  facet normal  2.380122e-003 -9.991590e-001 -4.093406e-002
    outer loop
      vertex  3.389645e+001  8.134087e+001  5.188488e+000
      vertex  1.997500e+001  8.136356e+001  3.825000e+000
      vertex  3.337500e+001  8.137500e+001  4.324994e+000
    endloop
  endfacet
  facet normal  1.773805e-003 -9.403113e-001 -3.403109e-001
    outer loop
      vertex  1.664113e+001  8.098376e+001  7.224357e+000
      vertex  3.550297e+001  8.076199e+001  7.935445e+000
      vertex  3.501200e+001  8.065858e+001  8.218615e+000
    endloop
  endfacet
  facet normal  2.585996e-003 -9.353564e-001 -3.536972e-001
    outer loop
      vertex  1.664113e+001  8.098376e+001  7.224357e+000
      vertex  3.501200e+001  8.065858e+001  8.218615e+000
      vertex  3.494041e+001  8.064344e+001  8.258141e+000
    endloop
  endfacet
  facet normal  3.391351e-003 -9.304728e-001 -3.663453e-001
    outer loop
      vertex  1.664113e+001  8.098376e+001  7.224357e+000
      vertex  3.494041e+001  8.064344e+001  8.258141e+000
      vertex  3.479440e+001  8.056573e+001  8.454151e+000
    endloop
  endfacet
  facet normal  4.854165e-003 -9.227702e-001 -3.853200e-001
    outer loop
      vertex  1.664113e+001  8.098376e+001  7.224357e+000
      vertex  3.479440e+001  8.056573e+001  8.454151e+000
      vertex  3.487229e+001  8.053753e+001  8.522680e+000
    endloop
  endfacet
  facet normal -2.437924e-001 -8.170766e-001  5.224472e-001
    outer loop
      vertex -2.476422e+001  8.098074e+001  1.414650e+000
      vertex -2.511957e+001  8.089179e+001  1.109727e+000
      vertex -2.287500e+001  8.125809e+001  2.730000e+000
    endloop
  endfacet
  facet normal  0.000000e+000 -9.753848e-001  2.205096e-001
    outer loop
      vertex -2.287500e+001  8.125809e+001  2.730000e+000
      vertex -2.511957e+001  8.089179e+001  1.109727e+000
      vertex -1.637500e+001  8.125809e+001  2.730000e+000
    endloop
  endfacet
  facet normal -5.980466e-002 -8.545278e-001  5.159512e-001
    outer loop
      vertex -2.511957e+001  8.089179e+001  1.109727e+000
      vertex -2.557500e+001  8.085741e+001  1.000000e+000
      vertex -1.637500e+001  8.125809e+001  2.730000e+000
    endloop
  endfacet
  facet normal -1.307946e-003 -9.726599e-001  2.322306e-001
    outer loop
      vertex -1.637500e+001  8.125809e+001  2.730000e+000
      vertex -2.557500e+001  8.085741e+001  1.000000e+000
      vertex -1.057500e+001  8.126984e+001  2.811844e+000
    endloop
  endfacet
  facet normal  2.540647e-004 -9.231152e-001  3.845235e-001
    outer loop
      vertex  3.315300e+001  8.048368e+001  0.000000e+000
      vertex  3.446165e+001  8.057066e+001  2.079342e-001
      vertex  1.652964e+001  8.065627e+001  4.253026e-001
    endloop
  endfacet
  facet normal -2.381984e-004 -9.369828e-001  3.493754e-001
    outer loop
      vertex  1.652964e+001  8.065627e+001  4.253026e-001
      vertex  3.446165e+001  8.057066e+001  2.079342e-001
      vertex  1.768205e+001  8.072495e+001  6.102793e-001
    endloop
  endfacet
  facet normal  4.238552e-004 -9.952742e-001 -9.710237e-002
    outer loop
      vertex -1.023145e+001  8.130171e+001  5.589134e+000
      vertex -9.737669e+000  8.134021e+001  5.196696e+000
      vertex -6.192271e+000  8.132906e+001  5.326499e+000
    endloop
  endfacet
  facet normal -1.125670e-003 -9.984826e-001 -5.505491e-002
    outer loop
      vertex -6.192271e+000  8.132906e+001  5.326499e+000
      vertex -9.737669e+000  8.134021e+001  5.196696e+000
      vertex -9.575000e+000  8.137017e+001  4.650000e+000
    endloop
  endfacet
  facet normal -1.959114e-003 -9.987018e-001 -5.090072e-002
    outer loop
      vertex -6.192271e+000  8.132906e+001  5.326499e+000
      vertex -9.575000e+000  8.137017e+001  4.650000e+000
      vertex -6.475000e+000  8.137428e+001  4.450000e+000
    endloop
  endfacet
  facet normal  1.141011e-003 -9.999952e-001 -2.875443e-003
    outer loop
      vertex -6.475000e+000  8.137428e+001  4.450000e+000
      vertex -9.575000e+000  8.137017e+001  4.650000e+000
      vertex -9.771561e+000  8.137166e+001  4.054613e+000
    endloop
  endfacet
  facet normal -9.673428e-003 -9.961382e-001  8.726490e-002
    outer loop
      vertex -6.475000e+000  8.137428e+001  4.450000e+000
      vertex -9.771561e+000  8.137166e+001  4.054613e+000
      vertex -6.475000e+000  8.118594e+001  2.300000e+000
    endloop
  endfacet
  facet normal -1.948093e-002 -9.974282e-001  6.897510e-002
    outer loop
      vertex -6.475000e+000  8.118594e+001  2.300000e+000
      vertex -9.771561e+000  8.137166e+001  4.054613e+000
      vertex -1.028787e+001  8.135667e+001  3.692108e+000
    endloop
  endfacet
  facet normal -7.789254e-003 -9.948878e-001  1.006861e-001
    outer loop
      vertex -6.475000e+000  8.118594e+001  2.300000e+000
      vertex -1.028787e+001  8.135667e+001  3.692108e+000
      vertex -1.057500e+001  8.126984e+001  2.811844e+000
    endloop
  endfacet
  facet normal  1.209350e-003 -9.952071e-001  9.778236e-002
    outer loop
      vertex -1.057500e+001  8.126984e+001  2.811844e+000
      vertex -1.028787e+001  8.135667e+001  3.692108e+000
      vertex -1.091853e+001  8.135775e+001  3.710857e+000
    endloop
  endfacet
  facet normal -8.436283e-004 -9.952835e-001  9.700536e-002
    outer loop
      vertex -1.057500e+001  8.126984e+001  2.811844e+000
      vertex -1.091853e+001  8.135775e+001  3.710857e+000
      vertex -1.596929e+001  8.128668e+001  2.937770e+000
    endloop
  endfacet
  facet normal  6.806811e-002 -9.743879e-001 -2.143242e-001
    outer loop
      vertex -3.238605e+001  8.110622e+001  6.734979e+000
      vertex -3.389645e+001  8.134087e+001  5.188488e+000
      vertex -3.257500e+001  8.122169e+001  6.150000e+000
    endloop
  endfacet
  facet normal -4.254479e-002 -9.969712e-001 -6.510253e-002
    outer loop
      vertex -3.257500e+001  8.122169e+001  6.150000e+000
      vertex -3.389645e+001  8.134087e+001  5.188488e+000
      vertex -3.337500e+001  8.137500e+001  4.324994e+000
    endloop
  endfacet
  facet normal -2.663186e-002 -9.970430e-001 -7.208408e-002
    outer loop
      vertex -3.257500e+001  8.122169e+001  6.150000e+000
      vertex -3.337500e+001  8.137500e+001  4.324994e+000
      vertex -3.257500e+001  8.137204e+001  4.070374e+000
    endloop
  endfacet
  facet normal  7.444582e-003 -9.993593e-001  3.500896e-002
    outer loop
      vertex -3.257500e+001  8.137204e+001  4.070374e+000
      vertex -3.337500e+001  8.137500e+001  4.324994e+000
      vertex -3.389645e+001  8.134087e+001  3.461500e+000
    endloop
  endfacet
  facet normal -3.113860e-002 -9.924783e-001  1.183945e-001
    outer loop
      vertex -3.257500e+001  8.137204e+001  4.070374e+000
      vertex -3.389645e+001  8.134087e+001  3.461500e+000
      vertex -3.257500e+001  8.112506e+001  2.000000e+000
    endloop
  endfacet
  facet normal -9.695296e-005 -9.931854e-001 -1.165449e-001
    outer loop
      vertex -1.614716e+001  8.129137e+001  5.675071e+000
      vertex -1.596927e+001  8.130929e+001  5.522198e+000
      vertex -1.057500e+001  8.128420e+001  5.731486e+000
    endloop
  endfacet
  facet normal  1.701272e-004 -9.923657e-001 -1.233304e-001
    outer loop
      vertex -1.057500e+001  8.128420e+001  5.731486e+000
      vertex -1.596927e+001  8.130929e+001  5.522198e+000
      vertex -1.086237e+001  8.129952e+001  5.607821e+000
    endloop
  endfacet
  facet normal -2.904389e-004 -9.953617e-001 -9.620206e-002
    outer loop
      vertex -1.596927e+001  8.130929e+001  5.522198e+000
      vertex -1.587500e+001  8.133750e+001  5.230000e+000
      vertex -1.086237e+001  8.129952e+001  5.607821e+000
    endloop
  endfacet
  facet normal  5.824340e-005 -9.949085e-001 -1.007825e-001
    outer loop
      vertex -1.086237e+001  8.129952e+001  5.607821e+000
      vertex -1.587500e+001  8.133750e+001  5.230000e+000
      vertex -1.137871e+001  8.133624e+001  5.245026e+000
    endloop
  endfacet
  facet normal  1.164157e-004 -9.899361e-001 -1.415144e-001
    outer loop
      vertex -4.975000e+000  8.125362e+001  5.950000e+000
      vertex -1.057500e+001  8.128420e+001  5.731486e+000
      vertex -5.658514e+000  8.127710e+001  5.785218e+000
    endloop
  endfacet
  facet normal -9.713820e-005 -9.924917e-001 -1.223120e-001
    outer loop
      vertex -5.658514e+000  8.127710e+001  5.785218e+000
      vertex -1.057500e+001  8.128420e+001  5.731486e+000
      vertex -1.023145e+001  8.130171e+001  5.589134e+000
    endloop
  endfacet
  facet normal -5.496611e-004 -9.937180e-001 -1.119125e-001
    outer loop
      vertex -5.658514e+000  8.127710e+001  5.785218e+000
      vertex -1.023145e+001  8.130171e+001  5.589134e+000
      vertex -6.192271e+000  8.132906e+001  5.326499e+000
    endloop
  endfacet
  facet normal -2.479643e-004 -9.936143e-001 -1.128288e-001
    outer loop
      vertex  7.242271e+000  8.132906e+001  5.326499e+000
      vertex  1.349399e+001  8.133472e+001  5.262839e+000
      vertex  6.708515e+000  8.127710e+001  5.785218e+000
    endloop
  endfacet
  facet normal -1.205624e-003 -9.921427e-001 -1.251061e-001
    outer loop
      vertex  6.708515e+000  8.127710e+001  5.785218e+000
      vertex  1.349399e+001  8.133472e+001  5.262839e+000
      vertex  1.408423e+001  8.122349e+001  6.139303e+000
    endloop
  endfacet
  facet normal -3.544188e-004 -9.897974e-001 -1.424818e-001
    outer loop
      vertex  6.708515e+000  8.127710e+001  5.785218e+000
      vertex  1.408423e+001  8.122349e+001  6.139303e+000
      vertex  6.025000e+000  8.125362e+001  5.950000e+000
    endloop
  endfacet
  facet normal -2.282511e-003 -9.848218e-001  1.735529e-001
    outer loop
      vertex  1.379761e+001  8.109454e+001  1.863847e+000
      vertex  1.328378e+001  8.129099e+001  2.971837e+000
      vertex  7.525000e+000  8.118594e+001  2.300000e+000
    endloop
  endfacet
  facet normal  8.164665e-003 -9.962794e-001  8.579431e-002
    outer loop
      vertex  7.525000e+000  8.118594e+001  2.300000e+000
      vertex  1.328378e+001  8.129099e+001  2.971837e+000
      vertex  1.317500e+001  8.136356e+001  3.825000e+000
    endloop
  endfacet
  facet normal  7.763427e-003 -9.961548e-001  8.726634e-002
    outer loop
      vertex  7.525000e+000  8.118594e+001  2.300000e+000
      vertex  1.317500e+001  8.136356e+001  3.825000e+000
      vertex  7.525000e+000  8.137428e+001  4.450000e+000
    endloop
  endfacet
  facet normal -4.016582e-003 -9.998084e-001 -1.916232e-002
    outer loop
      vertex  7.525000e+000  8.137428e+001  4.450000e+000
      vertex  1.317500e+001  8.136356e+001  3.825000e+000
      vertex  1.349399e+001  8.133472e+001  5.262839e+000
    endloop
  endfacet
  facet normal  3.820576e-004 -9.986777e-001 -5.140818e-002
    outer loop
      vertex  7.525000e+000  8.137428e+001  4.450000e+000
      vertex  1.349399e+001  8.133472e+001  5.262839e+000
      vertex  7.242271e+000  8.132906e+001  5.326499e+000
    endloop
  endfacet
  facet normal -8.934524e-004 -9.578373e-001  2.873098e-001
    outer loop
      vertex  6.708096e+000  8.084605e+001  9.645675e-001
      vertex  1.514778e+001  8.077053e+001  7.390571e-001
      vertex  7.241185e+000  8.098276e+001  1.421995e+000
    endloop
  endfacet
  facet normal -2.103299e-003 -9.615933e-001  2.744702e-001
    outer loop
      vertex  7.241185e+000  8.098276e+001  1.421995e+000
      vertex  1.514778e+001  8.077053e+001  7.390571e-001
      vertex  1.379761e+001  8.109454e+001  1.863847e+000
    endloop
  endfacet
  facet normal  1.447733e-003 -9.743561e-001  2.250069e-001
    outer loop
      vertex  7.241185e+000  8.098276e+001  1.421995e+000
      vertex  1.379761e+001  8.109454e+001  1.863847e+000
      vertex  7.525000e+000  8.118594e+001  2.300000e+000
    endloop
  endfacet
  facet normal  0.000000e+000 -1.000000e+000  0.000000e+000
    outer loop
      vertex  3.031468e+001  5.925599e+001 -8.000000e-001
      vertex  2.784204e+001  5.925599e+001 -8.000000e-001
      vertex  3.031468e+001  5.925599e+001 -1.200000e+000
    endloop
  endfacet
  facet normal  0.000000e+000 -1.000000e+000  0.000000e+000
    outer loop
      vertex  3.031468e+001  5.925599e+001 -1.200000e+000
      vertex  2.784204e+001  5.925599e+001 -8.000000e-001
      vertex  2.784204e+001  5.925599e+001 -1.200000e+000
    endloop
  endfacet
  facet normal -1.000000e+000  -0.000000e+000  0.000000e+000
    outer loop
      vertex  2.784204e+001  5.925599e+001 -8.000000e-001
      vertex  2.784204e+001  6.010904e+001 -8.000000e-001
      vertex  2.784204e+001  5.925599e+001 -1.200000e+000
    endloop
  endfacet
  facet normal -1.000000e+000  0.000000e+000  0.000000e+000
    outer loop
      vertex  2.784204e+001  5.925599e+001 -1.200000e+000
      vertex  2.784204e+001  6.010904e+001 -8.000000e-001
      vertex  2.784204e+001  6.010904e+001 -1.200000e+000
    endloop
  endfacet
  facet normal  0.000000e+000  1.000000e+000  0.000000e+000
    outer loop
      vertex  2.784204e+001  6.010904e+001 -8.000000e-001
      vertex  3.031468e+001  6.010904e+001 -8.000000e-001
      vertex  2.784204e+001  6.010904e+001 -1.200000e+000
    endloop
  endfacet
  facet normal  0.000000e+000  1.000000e+000  0.000000e+000
    outer loop
      vertex  2.784204e+001  6.010904e+001 -1.200000e+000
      vertex  3.031468e+001  6.010904e+001 -8.000000e-001
      vertex  3.031468e+001  6.010904e+001 -1.200000e+000
    endloop
  endfacet
  facet normal  1.000000e+000  -0.000000e+000  0.000000e+000
    outer loop
      vertex  3.031468e+001  6.010904e+001 -8.000000e-001
      vertex  3.031468e+001  5.925599e+001 -8.000000e-001
      vertex  3.031468e+001  6.010904e+001 -1.200000e+000
    endloop
  endfacet
  facet normal  1.000000e+000  0.000000e+000  0.000000e+000
    outer loop
      vertex  3.031468e+001  6.010904e+001 -1.200000e+000
      vertex  3.031468e+001  5.925599e+001 -8.000000e-001
      vertex  3.031468e+001  5.925599e+001 -1.200000e+000
    endloop
  endfacet
  facet normal -1.764720e-001  9.843056e-001  0.000000e+000
    outer loop
      vertex  3.066357e+001  5.838042e+001 -1.200000e+000
      vertex  3.066357e+001  5.838042e+001 -8.000000e-001
      vertex  3.074710e+001  5.839540e+001 -1.200000e+000
    endloop
  endfacet
  facet normal -1.764720e-001  9.843056e-001  0.000000e+000
    outer loop
      vertex  3.074710e+001  5.839540e+001 -1.200000e+000
      vertex  3.066357e+001  5.838042e+001 -8.000000e-001
      vertex  3.074710e+001  5.839540e+001 -8.000000e-001
    endloop
  endfacet
  facet normal -3.208269e-001  9.471379e-001  0.000000e+000
    outer loop
      vertex  3.074710e+001  5.839540e+001 -1.200000e+000
      vertex  3.074710e+001  5.839540e+001 -8.000000e-001
      vertex  3.082081e+001  5.842037e+001 -1.200000e+000
    endloop
  endfacet
  facet normal -3.208269e-001  9.471379e-001  0.000000e+000
    outer loop
      vertex  3.082081e+001  5.842037e+001 -1.200000e+000
      vertex  3.074710e+001  5.839540e+001 -8.000000e-001
      vertex  3.082081e+001  5.842037e+001 -8.000000e-001
    endloop
  endfacet
  facet normal -4.799052e-001  8.773203e-001  0.000000e+000
    outer loop
      vertex  3.082081e+001  5.842037e+001 -1.200000e+000
      vertex  3.082081e+001  5.842037e+001 -8.000000e-001
      vertex  3.088469e+001  5.845531e+001 -1.200000e+000
    endloop
  endfacet
  facet normal -4.799052e-001  8.773203e-001  0.000000e+000
    outer loop
      vertex  3.088469e+001  5.845531e+001 -1.200000e+000
      vertex  3.082081e+001  5.842037e+001 -8.000000e-001
      vertex  3.088469e+001  5.845531e+001 -8.000000e-001
    endloop
  endfacet
  facet normal -6.392445e-001  7.690036e-001  0.000000e+000
    outer loop
      vertex  3.088469e+001  5.845531e+001 -1.200000e+000
      vertex  3.088469e+001  5.845531e+001 -8.000000e-001
      vertex  3.093875e+001  5.850024e+001 -1.200000e+000
    endloop
  endfacet
  facet normal -6.392445e-001  7.690036e-001  0.000000e+000
    outer loop
      vertex  3.093875e+001  5.850024e+001 -1.200000e+000
      vertex  3.088469e+001  5.845531e+001 -8.000000e-001
      vertex  3.093875e+001  5.850024e+001 -8.000000e-001
    endloop
  endfacet
  facet normal -7.788537e-001  6.272056e-001  0.000000e+000
    outer loop
      vertex  3.093875e+001  5.850024e+001 -1.200000e+000
      vertex  3.093875e+001  5.850024e+001 -8.000000e-001
      vertex  3.098297e+001  5.855516e+001 -1.200000e+000
    endloop
  endfacet
  facet normal -7.788537e-001  6.272056e-001  0.000000e+000
    outer loop
      vertex  3.098297e+001  5.855516e+001 -1.200000e+000
      vertex  3.093875e+001  5.850024e+001 -8.000000e-001
      vertex  3.098297e+001  5.855516e+001 -8.000000e-001
    endloop
  endfacet
  facet normal -8.835819e-001  4.682766e-001  0.000000e+000
    outer loop
      vertex  3.098297e+001  5.855516e+001 -1.200000e+000
      vertex  3.098297e+001  5.855516e+001 -8.000000e-001
      vertex  3.101737e+001  5.862006e+001 -1.200000e+000
    endloop
  endfacet
  facet normal -8.835819e-001  4.682766e-001  0.000000e+000
    outer loop
      vertex  3.101737e+001  5.862006e+001 -1.200000e+000
      vertex  3.098297e+001  5.855516e+001 -8.000000e-001
      vertex  3.101737e+001  5.862006e+001 -8.000000e-001
    endloop
  endfacet
  facet normal -9.501731e-001  3.117226e-001  0.000000e+000
    outer loop
      vertex  3.101737e+001  5.862006e+001 -1.200000e+000
      vertex  3.101737e+001  5.862006e+001 -8.000000e-001
      vertex  3.104193e+001  5.869495e+001 -1.200000e+000
    endloop
  endfacet
  facet normal -9.501731e-001  3.117226e-001  0.000000e+000
    outer loop
      vertex  3.104193e+001  5.869495e+001 -1.200000e+000
      vertex  3.101737e+001  5.862006e+001 -8.000000e-001
      vertex  3.104193e+001  5.869495e+001 -8.000000e-001
    endloop
  endfacet
  facet normal -9.852458e-001  1.711449e-001  0.000000e+000
    outer loop
      vertex  3.104193e+001  5.869495e+001 -1.200000e+000
      vertex  3.104193e+001  5.869495e+001 -8.000000e-001
      vertex  3.105668e+001  5.877982e+001 -1.200000e+000
    endloop
  endfacet
  facet normal -9.852458e-001  1.711449e-001  0.000000e+000
    outer loop
      vertex  3.105668e+001  5.877982e+001 -1.200000e+000
      vertex  3.104193e+001  5.869495e+001 -8.000000e-001
      vertex  3.105668e+001  5.877982e+001 -8.000000e-001
    endloop
  endfacet
  facet normal -9.986612e-001  5.172829e-002  0.000000e+000
    outer loop
      vertex  3.105668e+001  5.877982e+001 -1.200000e+000
      vertex  3.105668e+001  5.877982e+001 -8.000000e-001
      vertex  3.106159e+001  5.887468e+001 -1.200000e+000
    endloop
  endfacet
  facet normal -9.986612e-001  5.172829e-002  0.000000e+000
    outer loop
      vertex  3.106159e+001  5.887468e+001 -1.200000e+000
      vertex  3.105668e+001  5.877982e+001 -8.000000e-001
      vertex  3.106159e+001  5.887468e+001 -8.000000e-001
    endloop
  endfacet
  facet normal -1.000000e+000  -0.000000e+000  0.000000e+000
    outer loop
      vertex  3.106159e+001  5.887468e+001 -8.000000e-001
      vertex  3.106159e+001  6.048642e+001 -8.000000e-001
      vertex  3.106159e+001  5.887468e+001 -1.200000e+000
    endloop
  endfacet
  facet normal -1.000000e+000  0.000000e+000  0.000000e+000
    outer loop
      vertex  3.106159e+001  5.887468e+001 -1.200000e+000
      vertex  3.106159e+001  6.048642e+001 -8.000000e-001
      vertex  3.106159e+001  6.048642e+001 -1.200000e+000
    endloop
  endfacet
  facet normal -9.987024e-001 -5.092758e-002  -0.000000e+000
    outer loop
      vertex  3.106159e+001  6.048642e+001 -1.200000e+000
      vertex  3.106159e+001  6.048642e+001 -8.000000e-001
      vertex  3.105668e+001  6.058277e+001 -1.200000e+000
    endloop
  endfacet
  facet normal -9.987024e-001 -5.092758e-002  0.000000e+000
    outer loop
      vertex  3.105668e+001  6.058277e+001 -1.200000e+000
      vertex  3.106159e+001  6.048642e+001 -8.000000e-001
      vertex  3.105668e+001  6.058277e+001 -8.000000e-001
    endloop
  endfacet
  facet normal -9.856883e-001 -1.685776e-001  -0.000000e+000
    outer loop
      vertex  3.105668e+001  6.058277e+001 -1.200000e+000
      vertex  3.105668e+001  6.058277e+001 -8.000000e-001
      vertex  3.104193e+001  6.066898e+001 -1.200000e+000
    endloop
  endfacet
  facet normal -9.856883e-001 -1.685776e-001  0.000000e+000
    outer loop
      vertex  3.104193e+001  6.066898e+001 -1.200000e+000
      vertex  3.105668e+001  6.058277e+001 -8.000000e-001
      vertex  3.104193e+001  6.066898e+001 -8.000000e-001
    endloop
  endfacet
  facet normal -9.516050e-001 -3.073234e-001  -0.000000e+000
    outer loop
      vertex  3.104193e+001  6.066898e+001 -1.200000e+000
      vertex  3.104193e+001  6.066898e+001 -8.000000e-001
      vertex  3.101737e+001  6.074505e+001 -1.200000e+000
    endloop
  endfacet
  facet normal -9.516050e-001 -3.073234e-001  0.000000e+000
    outer loop
      vertex  3.101737e+001  6.074505e+001 -1.200000e+000
      vertex  3.104193e+001  6.066898e+001 -8.000000e-001
      vertex  3.101737e+001  6.074505e+001 -8.000000e-001
    endloop
  endfacet
  facet normal -8.865675e-001 -4.625993e-001  -0.000000e+000
    outer loop
      vertex  3.101737e+001  6.074505e+001 -1.200000e+000
      vertex  3.101737e+001  6.074505e+001 -8.000000e-001
      vertex  3.098297e+001  6.081097e+001 -1.200000e+000
    endloop
  endfacet
  facet normal -8.865675e-001 -4.625993e-001  0.000000e+000
    outer loop
      vertex  3.098297e+001  6.081097e+001 -1.200000e+000
      vertex  3.101737e+001  6.074505e+001 -8.000000e-001
      vertex  3.098297e+001  6.081097e+001 -8.000000e-001
    endloop
  endfacet
  facet normal -7.836165e-001 -6.212450e-001  -0.000000e+000
    outer loop
      vertex  3.098297e+001  6.081097e+001 -1.200000e+000
      vertex  3.098297e+001  6.081097e+001 -8.000000e-001
      vertex  3.093875e+001  6.086675e+001 -1.200000e+000
    endloop
  endfacet
  facet normal -7.836165e-001 -6.212450e-001  0.000000e+000
    outer loop
      vertex  3.093875e+001  6.086675e+001 -1.200000e+000
      vertex  3.098297e+001  6.081097e+001 -8.000000e-001
      vertex  3.093875e+001  6.086675e+001 -8.000000e-001
    endloop
  endfacet
  facet normal -6.451249e-001 -7.640772e-001  -0.000000e+000
    outer loop
      vertex  3.093875e+001  6.086675e+001 -1.200000e+000
      vertex  3.093875e+001  6.086675e+001 -8.000000e-001
      vertex  3.088469e+001  6.091239e+001 -1.200000e+000
    endloop
  endfacet
  facet normal -6.451249e-001 -7.640772e-001  0.000000e+000
    outer loop
      vertex  3.088469e+001  6.091239e+001 -1.200000e+000
      vertex  3.093875e+001  6.086675e+001 -8.000000e-001
      vertex  3.088469e+001  6.091239e+001 -8.000000e-001
    endloop
  endfacet
  facet normal -4.857604e-001 -8.740920e-001  -0.000000e+000
    outer loop
      vertex  3.088469e+001  6.091239e+001 -1.200000e+000
      vertex  3.088469e+001  6.091239e+001 -8.000000e-001
      vertex  3.082081e+001  6.094789e+001 -1.200000e+000
    endloop
  endfacet
  facet normal -4.857604e-001 -8.740920e-001  0.000000e+000
    outer loop
      vertex  3.082081e+001  6.094789e+001 -1.200000e+000
      vertex  3.088469e+001  6.091239e+001 -8.000000e-001
      vertex  3.082081e+001  6.094789e+001 -8.000000e-001
    endloop
  endfacet
  facet normal -3.252576e-001 -9.456255e-001  -0.000000e+000
    outer loop
      vertex  3.082081e+001  6.094789e+001 -1.200000e+000
      vertex  3.082081e+001  6.094789e+001 -8.000000e-001
      vertex  3.074710e+001  6.097324e+001 -1.200000e+000
    endloop
  endfacet
  facet normal -3.252576e-001 -9.456255e-001  0.000000e+000
    outer loop
      vertex  3.074710e+001  6.097324e+001 -1.200000e+000
      vertex  3.082081e+001  6.094789e+001 -8.000000e-001
      vertex  3.074710e+001  6.097324e+001 -8.000000e-001
    endloop
  endfacet
  facet normal -1.792136e-001 -9.838102e-001  -0.000000e+000
    outer loop
      vertex  3.074710e+001  6.097324e+001 -1.200000e+000
      vertex  3.074710e+001  6.097324e+001 -8.000000e-001
      vertex  3.066357e+001  6.098846e+001 -1.200000e+000
    endloop
  endfacet
  facet normal -1.792136e-001 -9.838102e-001  0.000000e+000
    outer loop
      vertex  3.066357e+001  6.098846e+001 -1.200000e+000
      vertex  3.074710e+001  6.097324e+001 -8.000000e-001
      vertex  3.066357e+001  6.098846e+001 -8.000000e-001
    endloop
  endfacet
  facet normal -5.422043e-002 -9.985290e-001  -0.000000e+000
    outer loop
      vertex  3.066357e+001  6.098846e+001 -1.200000e+000
      vertex  3.066357e+001  6.098846e+001 -8.000000e-001
      vertex  3.057021e+001  6.099353e+001 -1.200000e+000
    endloop
  endfacet
  facet normal -5.422043e-002 -9.985290e-001  0.000000e+000
    outer loop
      vertex  3.057021e+001  6.099353e+001 -1.200000e+000
      vertex  3.066357e+001  6.098846e+001 -8.000000e-001
      vertex  3.057021e+001  6.099353e+001 -8.000000e-001
    endloop
  endfacet
  facet normal  0.000000e+000 -1.000000e+000  0.000000e+000
    outer loop
      vertex  3.057021e+001  6.099353e+001 -8.000000e-001
      vertex  2.758258e+001  6.099353e+001 -8.000000e-001
      vertex  3.057021e+001  6.099353e+001 -1.200000e+000
    endloop
  endfacet
  facet normal  0.000000e+000 -1.000000e+000  0.000000e+000
    outer loop
      vertex  3.057021e+001  6.099353e+001 -1.200000e+000
      vertex  2.758258e+001  6.099353e+001 -8.000000e-001
      vertex  2.758258e+001  6.099353e+001 -1.200000e+000
    endloop
  endfacet
  facet normal  5.422264e-002 -9.985289e-001  0.000000e+000
    outer loop
      vertex  2.758258e+001  6.099353e+001 -1.200000e+000
      vertex  2.758258e+001  6.099353e+001 -8.000000e-001
      vertex  2.748922e+001  6.098846e+001 -1.200000e+000
    endloop
  endfacet
  facet normal  5.422264e-002 -9.985289e-001  0.000000e+000
    outer loop
      vertex  2.748922e+001  6.098846e+001 -1.200000e+000
      vertex  2.758258e+001  6.099353e+001 -8.000000e-001
      vertex  2.748922e+001  6.098846e+001 -8.000000e-001
    endloop
  endfacet
  facet normal  1.792136e-001 -9.838102e-001  0.000000e+000
    outer loop
      vertex  2.748922e+001  6.098846e+001 -1.200000e+000
      vertex  2.748922e+001  6.098846e+001 -8.000000e-001
      vertex  2.740569e+001  6.097324e+001 -1.200000e+000
    endloop
  endfacet
  facet normal  1.792136e-001 -9.838102e-001  0.000000e+000
    outer loop
      vertex  2.740569e+001  6.097324e+001 -1.200000e+000
      vertex  2.748922e+001  6.098846e+001 -8.000000e-001
      vertex  2.740569e+001  6.097324e+001 -8.000000e-001
    endloop
  endfacet
  facet normal  3.252500e-001 -9.456280e-001  0.000000e+000
    outer loop
      vertex  2.740569e+001  6.097324e+001 -1.200000e+000
      vertex  2.740569e+001  6.097324e+001 -8.000000e-001
      vertex  2.733198e+001  6.094789e+001 -1.200000e+000
    endloop
  endfacet
  facet normal  3.252500e-001 -9.456280e-001  0.000000e+000
    outer loop
      vertex  2.733198e+001  6.094789e+001 -1.200000e+000
      vertex  2.740569e+001  6.097324e+001 -8.000000e-001
      vertex  2.733198e+001  6.094789e+001 -8.000000e-001
    endloop
  endfacet
  facet normal  4.857493e-001 -8.740982e-001  0.000000e+000
    outer loop
      vertex  2.733198e+001  6.094789e+001 -1.200000e+000
      vertex  2.733198e+001  6.094789e+001 -8.000000e-001
      vertex  2.726810e+001  6.091239e+001 -1.200000e+000
    endloop
  endfacet
  facet normal  4.857493e-001 -8.740982e-001  0.000000e+000
    outer loop
      vertex  2.726810e+001  6.091239e+001 -1.200000e+000
      vertex  2.733198e+001  6.094789e+001 -8.000000e-001
      vertex  2.726810e+001  6.091239e+001 -8.000000e-001
    endloop
  endfacet
  facet normal  6.451514e-001 -7.640547e-001  0.000000e+000
    outer loop
      vertex  2.726810e+001  6.091239e+001 -1.200000e+000
      vertex  2.726810e+001  6.091239e+001 -8.000000e-001
      vertex  2.721405e+001  6.086675e+001 -1.200000e+000
    endloop
  endfacet
  facet normal  6.451514e-001 -7.640547e-001  0.000000e+000
    outer loop
      vertex  2.721405e+001  6.086675e+001 -1.200000e+000
      vertex  2.726810e+001  6.091239e+001 -8.000000e-001
      vertex  2.721405e+001  6.086675e+001 -8.000000e-001
    endloop
  endfacet
  facet normal  7.836034e-001 -6.212614e-001  0.000000e+000
    outer loop
      vertex  2.721405e+001  6.086675e+001 -1.200000e+000
      vertex  2.721405e+001  6.086675e+001 -8.000000e-001
      vertex  2.716982e+001  6.081097e+001 -1.200000e+000
    endloop
  endfacet
  facet normal  7.836034e-001 -6.212614e-001  0.000000e+000
    outer loop
      vertex  2.716982e+001  6.081097e+001 -1.200000e+000
      vertex  2.721405e+001  6.086675e+001 -8.000000e-001
      vertex  2.716982e+001  6.081097e+001 -8.000000e-001
    endloop
  endfacet
  facet normal  8.865779e-001 -4.625791e-001  0.000000e+000
    outer loop
      vertex  2.716982e+001  6.081097e+001 -1.200000e+000
      vertex  2.716982e+001  6.081097e+001 -8.000000e-001
      vertex  2.713543e+001  6.074505e+001 -1.200000e+000
    endloop
  endfacet
  facet normal  8.865779e-001 -4.625791e-001  0.000000e+000
    outer loop
      vertex  2.713543e+001  6.074505e+001 -1.200000e+000
      vertex  2.716982e+001  6.081097e+001 -8.000000e-001
      vertex  2.713543e+001  6.074505e+001 -8.000000e-001
    endloop
  endfacet
  facet normal  9.515912e-001 -3.073666e-001  0.000000e+000
    outer loop
      vertex  2.713543e+001  6.074505e+001 -1.200000e+000
      vertex  2.713543e+001  6.074505e+001 -8.000000e-001
      vertex  2.711086e+001  6.066898e+001 -1.200000e+000
    endloop
  endfacet
  facet normal  9.515912e-001 -3.073666e-001  0.000000e+000
    outer loop
      vertex  2.711086e+001  6.066898e+001 -1.200000e+000
      vertex  2.713543e+001  6.074505e+001 -8.000000e-001
      vertex  2.711086e+001  6.066898e+001 -8.000000e-001
    endloop
  endfacet
  facet normal  9.856883e-001 -1.685776e-001  0.000000e+000
    outer loop
      vertex  2.711086e+001  6.066898e+001 -1.200000e+000
      vertex  2.711086e+001  6.066898e+001 -8.000000e-001
      vertex  2.709611e+001  6.058277e+001 -1.200000e+000
    endloop
  endfacet
  facet normal  9.856883e-001 -1.685776e-001  0.000000e+000
    outer loop
      vertex  2.709611e+001  6.058277e+001 -1.200000e+000
      vertex  2.711086e+001  6.066898e+001 -8.000000e-001
      vertex  2.709611e+001  6.058277e+001 -8.000000e-001
    endloop
  endfacet
  facet normal  9.987024e-001 -5.092758e-002  0.000000e+000
    outer loop
      vertex  2.709611e+001  6.058277e+001 -1.200000e+000
      vertex  2.709611e+001  6.058277e+001 -8.000000e-001
      vertex  2.709120e+001  6.048642e+001 -1.200000e+000
    endloop
  endfacet
  facet normal  9.987024e-001 -5.092758e-002  0.000000e+000
    outer loop
      vertex  2.709120e+001  6.048642e+001 -1.200000e+000
      vertex  2.709611e+001  6.058277e+001 -8.000000e-001
      vertex  2.709120e+001  6.048642e+001 -8.000000e-001
    endloop
  endfacet
  facet normal  1.000000e+000  -0.000000e+000  0.000000e+000
    outer loop
      vertex  2.709120e+001  6.048642e+001 -8.000000e-001
      vertex  2.709120e+001  5.887468e+001 -8.000000e-001
      vertex  2.709120e+001  6.048642e+001 -1.200000e+000
    endloop
  endfacet
  facet normal  1.000000e+000  0.000000e+000  0.000000e+000
    outer loop
      vertex  2.709120e+001  6.048642e+001 -1.200000e+000
      vertex  2.709120e+001  5.887468e+001 -8.000000e-001
      vertex  2.709120e+001  5.887468e+001 -1.200000e+000
    endloop
  endfacet
  facet normal  9.986591e-001  5.176834e-002  0.000000e+000
    outer loop
      vertex  2.709120e+001  5.887468e+001 -1.200000e+000
      vertex  2.709120e+001  5.887468e+001 -8.000000e-001
      vertex  2.709612e+001  5.877982e+001 -1.200000e+000
    endloop
  endfacet
  facet normal  9.986591e-001  5.176834e-002  -0.000000e+000
    outer loop
      vertex  2.709612e+001  5.877982e+001 -1.200000e+000
      vertex  2.709120e+001  5.887468e+001 -8.000000e-001
      vertex  2.709612e+001  5.877982e+001 -8.000000e-001
    endloop
  endfacet
  facet normal  9.852533e-001  1.711020e-001  0.000000e+000
    outer loop
      vertex  2.709612e+001  5.877982e+001 -1.200000e+000
      vertex  2.709612e+001  5.877982e+001 -8.000000e-001
      vertex  2.711086e+001  5.869495e+001 -1.200000e+000
    endloop
  endfacet
  facet normal  9.852533e-001  1.711020e-001  -0.000000e+000
    outer loop
      vertex  2.711086e+001  5.869495e+001 -1.200000e+000
      vertex  2.709612e+001  5.877982e+001 -8.000000e-001
      vertex  2.711086e+001  5.869495e+001 -8.000000e-001
    endloop
  endfacet
  facet normal  9.501588e-001  3.117663e-001  0.000000e+000
    outer loop
      vertex  2.711086e+001  5.869495e+001 -1.200000e+000
      vertex  2.711086e+001  5.869495e+001 -8.000000e-001
      vertex  2.713543e+001  5.862006e+001 -1.200000e+000
    endloop
  endfacet
  facet normal  9.501588e-001  3.117663e-001  -0.000000e+000
    outer loop
      vertex  2.713543e+001  5.862006e+001 -1.200000e+000
      vertex  2.711086e+001  5.869495e+001 -8.000000e-001
      vertex  2.713543e+001  5.862006e+001 -8.000000e-001
    endloop
  endfacet
  facet normal  8.835927e-001  4.682563e-001  0.000000e+000
    outer loop
      vertex  2.713543e+001  5.862006e+001 -1.200000e+000
      vertex  2.713543e+001  5.862006e+001 -8.000000e-001
      vertex  2.716982e+001  5.855516e+001 -1.200000e+000
    endloop
  endfacet
  facet normal  8.835927e-001  4.682563e-001  -0.000000e+000
    outer loop
      vertex  2.716982e+001  5.855516e+001 -1.200000e+000
      vertex  2.713543e+001  5.862006e+001 -8.000000e-001
      vertex  2.716982e+001  5.855516e+001 -8.000000e-001
    endloop
  endfacet
  facet normal  7.788405e-001  6.272220e-001  0.000000e+000
    outer loop
      vertex  2.716982e+001  5.855516e+001 -1.200000e+000
      vertex  2.716982e+001  5.855516e+001 -8.000000e-001
      vertex  2.721405e+001  5.850024e+001 -1.200000e+000
    endloop
  endfacet
  facet normal  7.788405e-001  6.272220e-001  -0.000000e+000
    outer loop
      vertex  2.721405e+001  5.850024e+001 -1.200000e+000
      vertex  2.716982e+001  5.855516e+001 -8.000000e-001
      vertex  2.721405e+001  5.850024e+001 -8.000000e-001
    endloop
  endfacet
  facet normal  6.392390e-001  7.690081e-001  0.000000e+000
    outer loop
      vertex  2.721405e+001  5.850024e+001 -1.200000e+000
      vertex  2.721405e+001  5.850024e+001 -8.000000e-001
      vertex  2.726810e+001  5.845531e+001 -1.200000e+000
    endloop
  endfacet
  facet normal  6.392390e-001  7.690081e-001  -0.000000e+000
    outer loop
      vertex  2.726810e+001  5.845531e+001 -1.200000e+000
      vertex  2.721405e+001  5.850024e+001 -8.000000e-001
      vertex  2.726810e+001  5.845531e+001 -8.000000e-001
    endloop
  endfacet
  facet normal  4.799346e-001  8.773043e-001  0.000000e+000
    outer loop
      vertex  2.726810e+001  5.845531e+001 -1.200000e+000
      vertex  2.726810e+001  5.845531e+001 -8.000000e-001
      vertex  2.733198e+001  5.842037e+001 -1.200000e+000
    endloop
  endfacet
  facet normal  4.799346e-001  8.773043e-001  -0.000000e+000
    outer loop
      vertex  2.733198e+001  5.842037e+001 -1.200000e+000
      vertex  2.726810e+001  5.845531e+001 -8.000000e-001
      vertex  2.733198e+001  5.842037e+001 -8.000000e-001
    endloop
  endfacet
  facet normal  3.208195e-001  9.471405e-001  0.000000e+000
    outer loop
      vertex  2.733198e+001  5.842037e+001 -1.200000e+000
      vertex  2.733198e+001  5.842037e+001 -8.000000e-001
      vertex  2.740569e+001  5.839540e+001 -1.200000e+000
    endloop
  endfacet
  facet normal  3.208195e-001  9.471405e-001  -0.000000e+000
    outer loop
      vertex  2.740569e+001  5.839540e+001 -1.200000e+000
      vertex  2.733198e+001  5.842037e+001 -8.000000e-001
      vertex  2.740569e+001  5.839540e+001 -8.000000e-001
    endloop
  endfacet
  facet normal  1.764720e-001  9.843056e-001  0.000000e+000
    outer loop
      vertex  2.740569e+001  5.839540e+001 -1.200000e+000
      vertex  2.740569e+001  5.839540e+001 -8.000000e-001
      vertex  2.748922e+001  5.838042e+001 -1.200000e+000
    endloop
  endfacet
  facet normal  1.764720e-001  9.843056e-001  -0.000000e+000
    outer loop
      vertex  2.748922e+001  5.838042e+001 -1.200000e+000
      vertex  2.740569e+001  5.839540e+001 -8.000000e-001
      vertex  2.748922e+001  5.838042e+001 -8.000000e-001
    endloop
  endfacet
  facet normal -5.340682e-002  9.985728e-001  0.000000e+000
    outer loop
      vertex  3.057021e+001  5.837543e+001 -1.200000e+000
      vertex  3.057021e+001  5.837543e+001 -8.000000e-001
      vertex  3.066357e+001  5.838042e+001 -1.200000e+000
    endloop
  endfacet
  facet normal -5.340682e-002  9.985728e-001  0.000000e+000
    outer loop
      vertex  3.066357e+001  5.838042e+001 -1.200000e+000
      vertex  3.057021e+001  5.837543e+001 -8.000000e-001
      vertex  3.066357e+001  5.838042e+001 -8.000000e-001
    endloop
  endfacet
  facet normal  5.340899e-002  9.985727e-001  0.000000e+000
    outer loop
      vertex  2.748922e+001  5.838042e+001 -1.200000e+000
      vertex  2.748922e+001  5.838042e+001 -8.000000e-001
      vertex  2.758258e+001  5.837543e+001 -1.200000e+000
    endloop
  endfacet
  facet normal  5.340899e-002  9.985727e-001  -0.000000e+000
    outer loop
      vertex  2.758258e+001  5.837543e+001 -1.200000e+000
      vertex  2.748922e+001  5.838042e+001 -8.000000e-001
      vertex  2.758258e+001  5.837543e+001 -8.000000e-001
    endloop
  endfacet
  facet normal  0.000000e+000  0.000000e+000 -1.000000e+000
    outer loop
      vertex  3.031468e+001  6.010904e+001 -8.000000e-001
      vertex  2.784204e+001  6.010904e+001 -8.000000e-001
      vertex  2.758258e+001  6.099353e+001 -8.000000e-001
    endloop
  endfacet
  facet normal  0.000000e+000  0.000000e+000 -1.000000e+000
    outer loop
      vertex  3.031468e+001  6.010904e+001 -8.000000e-001
      vertex  2.758258e+001  6.099353e+001 -8.000000e-001
      vertex  3.057021e+001  6.099353e+001 -8.000000e-001
    endloop
  endfacet
  facet normal  0.000000e+000  -0.000000e+000 -1.000000e+000
    outer loop
      vertex  3.031468e+001  6.010904e+001 -8.000000e-001
      vertex  3.057021e+001  6.099353e+001 -8.000000e-001
      vertex  3.066357e+001  6.098846e+001 -8.000000e-001
    endloop
  endfacet
  facet normal  0.000000e+000  -0.000000e+000 -1.000000e+000
    outer loop
      vertex  3.031468e+001  6.010904e+001 -8.000000e-001
      vertex  3.066357e+001  6.098846e+001 -8.000000e-001
      vertex  3.074710e+001  6.097324e+001 -8.000000e-001
    endloop
  endfacet
  facet normal  0.000000e+000  -0.000000e+000 -9.999999e-001
    outer loop
      vertex  3.031468e+001  6.010904e+001 -8.000000e-001
      vertex  3.074710e+001  6.097324e+001 -8.000000e-001
      vertex  3.082081e+001  6.094789e+001 -8.000000e-001
    endloop
  endfacet
  facet normal  0.000000e+000  -0.000000e+000 -1.000000e+000
    outer loop
      vertex  3.031468e+001  6.010904e+001 -8.000000e-001
      vertex  3.082081e+001  6.094789e+001 -8.000000e-001
      vertex  3.088469e+001  6.091239e+001 -8.000000e-001
    endloop
  endfacet
  facet normal  0.000000e+000  -0.000000e+000 -1.000000e+000
    outer loop
      vertex  3.031468e+001  6.010904e+001 -8.000000e-001
      vertex  3.088469e+001  6.091239e+001 -8.000000e-001
      vertex  3.093875e+001  6.086675e+001 -8.000000e-001
    endloop
  endfacet
  facet normal  0.000000e+000  -0.000000e+000 -1.000000e+000
    outer loop
      vertex  3.031468e+001  6.010904e+001 -8.000000e-001
      vertex  3.093875e+001  6.086675e+001 -8.000000e-001
      vertex  3.098297e+001  6.081097e+001 -8.000000e-001
    endloop
  endfacet
  facet normal  0.000000e+000  -0.000000e+000 -1.000000e+000
    outer loop
      vertex  3.031468e+001  6.010904e+001 -8.000000e-001
      vertex  3.098297e+001  6.081097e+001 -8.000000e-001
      vertex  3.101737e+001  6.074505e+001 -8.000000e-001
    endloop
  endfacet
  facet normal  0.000000e+000  -0.000000e+000 -1.000000e+000
    outer loop
      vertex  3.031468e+001  6.010904e+001 -8.000000e-001
      vertex  3.101737e+001  6.074505e+001 -8.000000e-001
      vertex  3.104193e+001  6.066898e+001 -8.000000e-001
    endloop
  endfacet
  facet normal  0.000000e+000  -0.000000e+000 -1.000000e+000
    outer loop
      vertex  3.031468e+001  6.010904e+001 -8.000000e-001
      vertex  3.104193e+001  6.066898e+001 -8.000000e-001
      vertex  3.105668e+001  6.058277e+001 -8.000000e-001
    endloop
  endfacet
  facet normal  0.000000e+000  -0.000000e+000 -1.000000e+000
    outer loop
      vertex  3.031468e+001  6.010904e+001 -8.000000e-001
      vertex  3.105668e+001  6.058277e+001 -8.000000e-001
      vertex  3.106159e+001  6.048642e+001 -8.000000e-001
    endloop
  endfacet
  facet normal  0.000000e+000  -0.000000e+000 -1.000000e+000
    outer loop
      vertex  3.031468e+001  6.010904e+001 -8.000000e-001
      vertex  3.106159e+001  6.048642e+001 -8.000000e-001
      vertex  3.106159e+001  5.887468e+001 -8.000000e-001
    endloop
  endfacet
  facet normal  0.000000e+000  0.000000e+000 -1.000000e+000
    outer loop
      vertex  3.031468e+001  6.010904e+001 -8.000000e-001
      vertex  3.106159e+001  5.887468e+001 -8.000000e-001
      vertex  3.031468e+001  5.925599e+001 -8.000000e-001
    endloop
  endfacet
  facet normal  -0.000000e+000  0.000000e+000 -1.000000e+000
    outer loop
      vertex  2.784204e+001  6.010904e+001 -8.000000e-001
      vertex  2.784204e+001  5.925599e+001 -8.000000e-001
      vertex  2.709120e+001  5.887468e+001 -8.000000e-001
    endloop
  endfacet
  facet normal  0.000000e+000  0.000000e+000 -1.000000e+000
    outer loop
      vertex  2.784204e+001  6.010904e+001 -8.000000e-001
      vertex  2.709120e+001  5.887468e+001 -8.000000e-001
      vertex  2.709120e+001  6.048642e+001 -8.000000e-001
    endloop
  endfacet
  facet normal  0.000000e+000  0.000000e+000 -1.000000e+000
    outer loop
      vertex  2.784204e+001  6.010904e+001 -8.000000e-001
      vertex  2.709120e+001  6.048642e+001 -8.000000e-001
      vertex  2.709611e+001  6.058277e+001 -8.000000e-001
    endloop
  endfacet
  facet normal  0.000000e+000  0.000000e+000 -1.000000e+000
    outer loop
      vertex  2.784204e+001  6.010904e+001 -8.000000e-001
      vertex  2.709611e+001  6.058277e+001 -8.000000e-001
      vertex  2.711086e+001  6.066898e+001 -8.000000e-001
    endloop
  endfacet
  facet normal  0.000000e+000  0.000000e+000 -1.000000e+000
    outer loop
      vertex  2.784204e+001  6.010904e+001 -8.000000e-001
      vertex  2.711086e+001  6.066898e+001 -8.000000e-001
      vertex  2.713543e+001  6.074505e+001 -8.000000e-001
    endloop
  endfacet
  facet normal  0.000000e+000  0.000000e+000 -1.000000e+000
    outer loop
      vertex  2.784204e+001  6.010904e+001 -8.000000e-001
      vertex  2.713543e+001  6.074505e+001 -8.000000e-001
      vertex  2.716982e+001  6.081097e+001 -8.000000e-001
    endloop
  endfacet
  facet normal  0.000000e+000  0.000000e+000 -1.000000e+000
    outer loop
      vertex  2.784204e+001  6.010904e+001 -8.000000e-001
      vertex  2.716982e+001  6.081097e+001 -8.000000e-001
      vertex  2.721405e+001  6.086675e+001 -8.000000e-001
    endloop
  endfacet
  facet normal  0.000000e+000  0.000000e+000 -1.000000e+000
    outer loop
      vertex  2.784204e+001  6.010904e+001 -8.000000e-001
      vertex  2.721405e+001  6.086675e+001 -8.000000e-001
      vertex  2.726810e+001  6.091239e+001 -8.000000e-001
    endloop
  endfacet
  facet normal  0.000000e+000  0.000000e+000 -1.000000e+000
    outer loop
      vertex  2.784204e+001  6.010904e+001 -8.000000e-001
      vertex  2.726810e+001  6.091239e+001 -8.000000e-001
      vertex  2.733198e+001  6.094789e+001 -8.000000e-001
    endloop
  endfacet
  facet normal  0.000000e+000  0.000000e+000 -1.000000e+000
    outer loop
      vertex  2.784204e+001  6.010904e+001 -8.000000e-001
      vertex  2.733198e+001  6.094789e+001 -8.000000e-001
      vertex  2.740569e+001  6.097324e+001 -8.000000e-001
    endloop
  endfacet
  facet normal  0.000000e+000  0.000000e+000 -1.000000e+000
    outer loop
      vertex  2.784204e+001  6.010904e+001 -8.000000e-001
      vertex  2.740569e+001  6.097324e+001 -8.000000e-001
      vertex  2.748922e+001  6.098846e+001 -8.000000e-001
    endloop
  endfacet
  facet normal  0.000000e+000  0.000000e+000 -1.000000e+000
    outer loop
      vertex  2.784204e+001  6.010904e+001 -8.000000e-001
      vertex  2.748922e+001  6.098846e+001 -8.000000e-001
      vertex  2.758258e+001  6.099353e+001 -8.000000e-001
    endloop
  endfacet
  facet normal  -0.000000e+000  -0.000000e+000 -1.000000e+000
    outer loop
      vertex  2.784204e+001  5.925599e+001 -8.000000e-001
      vertex  3.031468e+001  5.925599e+001 -8.000000e-001
      vertex  3.057021e+001  5.837543e+001 -8.000000e-001
    endloop
  endfacet
  facet normal  0.000000e+000  0.000000e+000 -1.000000e+000
    outer loop
      vertex  2.784204e+001  5.925599e+001 -8.000000e-001
      vertex  3.057021e+001  5.837543e+001 -8.000000e-001
      vertex  2.758258e+001  5.837543e+001 -8.000000e-001
    endloop
  endfacet
  facet normal  0.000000e+000  0.000000e+000 -1.000000e+000
    outer loop
      vertex  2.784204e+001  5.925599e+001 -8.000000e-001
      vertex  2.758258e+001  5.837543e+001 -8.000000e-001
      vertex  2.748922e+001  5.838042e+001 -8.000000e-001
    endloop
  endfacet
  facet normal  0.000000e+000  0.000000e+000 -1.000000e+000
    outer loop
      vertex  2.784204e+001  5.925599e+001 -8.000000e-001
      vertex  2.748922e+001  5.838042e+001 -8.000000e-001
      vertex  2.740569e+001  5.839540e+001 -8.000000e-001
    endloop
  endfacet
  facet normal  0.000000e+000  0.000000e+000 -1.000000e+000
    outer loop
      vertex  2.784204e+001  5.925599e+001 -8.000000e-001
      vertex  2.740569e+001  5.839540e+001 -8.000000e-001
      vertex  2.733198e+001  5.842037e+001 -8.000000e-001
    endloop
  endfacet
  facet normal  0.000000e+000  0.000000e+000 -1.000000e+000
    outer loop
      vertex  2.784204e+001  5.925599e+001 -8.000000e-001
      vertex  2.733198e+001  5.842037e+001 -8.000000e-001
      vertex  2.726810e+001  5.845531e+001 -8.000000e-001
    endloop
  endfacet
  facet normal  0.000000e+000  0.000000e+000 -1.000000e+000
    outer loop
      vertex  2.784204e+001  5.925599e+001 -8.000000e-001
      vertex  2.726810e+001  5.845531e+001 -8.000000e-001
      vertex  2.721405e+001  5.850024e+001 -8.000000e-001
    endloop
  endfacet
  facet normal  0.000000e+000  0.000000e+000 -1.000000e+000
    outer loop
      vertex  2.784204e+001  5.925599e+001 -8.000000e-001
      vertex  2.721405e+001  5.850024e+001 -8.000000e-001
      vertex  2.716982e+001  5.855516e+001 -8.000000e-001
    endloop
  endfacet
  facet normal  0.000000e+000  0.000000e+000 -1.000000e+000
    outer loop
      vertex  2.784204e+001  5.925599e+001 -8.000000e-001
      vertex  2.716982e+001  5.855516e+001 -8.000000e-001
      vertex  2.713543e+001  5.862006e+001 -8.000000e-001
    endloop
  endfacet
  facet normal  0.000000e+000  0.000000e+000 -1.000000e+000
    outer loop
      vertex  2.784204e+001  5.925599e+001 -8.000000e-001
      vertex  2.713543e+001  5.862006e+001 -8.000000e-001
      vertex  2.711086e+001  5.869495e+001 -8.000000e-001
    endloop
  endfacet
  facet normal  0.000000e+000  0.000000e+000 -1.000000e+000
    outer loop
      vertex  2.784204e+001  5.925599e+001 -8.000000e-001
      vertex  2.711086e+001  5.869495e+001 -8.000000e-001
      vertex  2.709612e+001  5.877982e+001 -8.000000e-001
    endloop
  endfacet
  facet normal  0.000000e+000  0.000000e+000 -1.000000e+000
    outer loop
      vertex  2.784204e+001  5.925599e+001 -8.000000e-001
      vertex  2.709612e+001  5.877982e+001 -8.000000e-001
      vertex  2.709120e+001  5.887468e+001 -8.000000e-001
    endloop
  endfacet
  facet normal  -0.000000e+000  0.000000e+000 -1.000000e+000
    outer loop
      vertex  3.031468e+001  5.925599e+001 -8.000000e-001
      vertex  3.106159e+001  5.887468e+001 -8.000000e-001
      vertex  3.105668e+001  5.877982e+001 -8.000000e-001
    endloop
  endfacet
  facet normal  -0.000000e+000  0.000000e+000 -1.000000e+000
    outer loop
      vertex  3.031468e+001  5.925599e+001 -8.000000e-001
      vertex  3.105668e+001  5.877982e+001 -8.000000e-001
      vertex  3.104193e+001  5.869495e+001 -8.000000e-001
    endloop
  endfacet
  facet normal  -0.000000e+000  0.000000e+000 -1.000000e+000
    outer loop
      vertex  3.031468e+001  5.925599e+001 -8.000000e-001
      vertex  3.104193e+001  5.869495e+001 -8.000000e-001
      vertex  3.101737e+001  5.862006e+001 -8.000000e-001
    endloop
  endfacet
  facet normal  -0.000000e+000  0.000000e+000 -1.000000e+000
    outer loop
      vertex  3.031468e+001  5.925599e+001 -8.000000e-001
      vertex  3.101737e+001  5.862006e+001 -8.000000e-001
      vertex  3.098297e+001  5.855516e+001 -8.000000e-001
    endloop
  endfacet
  facet normal  -0.000000e+000  0.000000e+000 -1.000000e+000
    outer loop
      vertex  3.031468e+001  5.925599e+001 -8.000000e-001
      vertex  3.098297e+001  5.855516e+001 -8.000000e-001
      vertex  3.093875e+001  5.850024e+001 -8.000000e-001
    endloop
  endfacet
  facet normal  -0.000000e+000  0.000000e+000 -1.000000e+000
    outer loop
      vertex  3.031468e+001  5.925599e+001 -8.000000e-001
      vertex  3.093875e+001  5.850024e+001 -8.000000e-001
      vertex  3.088469e+001  5.845531e+001 -8.000000e-001
    endloop
  endfacet
  facet normal  -0.000000e+000  0.000000e+000 -1.000000e+000
    outer loop
      vertex  3.031468e+001  5.925599e+001 -8.000000e-001
      vertex  3.088469e+001  5.845531e+001 -8.000000e-001
      vertex  3.082081e+001  5.842037e+001 -8.000000e-001
    endloop
  endfacet
  facet normal  -0.000000e+000  0.000000e+000 -1.000000e+000
    outer loop
      vertex  3.031468e+001  5.925599e+001 -8.000000e-001
      vertex  3.082081e+001  5.842037e+001 -8.000000e-001
      vertex  3.074710e+001  5.839540e+001 -8.000000e-001
    endloop
  endfacet
  facet normal  -0.000000e+000  0.000000e+000 -1.000000e+000
    outer loop
      vertex  3.031468e+001  5.925599e+001 -8.000000e-001
      vertex  3.074710e+001  5.839540e+001 -8.000000e-001
      vertex  3.066357e+001  5.838042e+001 -8.000000e-001
    endloop
  endfacet
  facet normal  -0.000000e+000  0.000000e+000 -1.000000e+000
    outer loop
      vertex  3.031468e+001  5.925599e+001 -8.000000e-001
      vertex  3.066357e+001  5.838042e+001 -8.000000e-001
      vertex  3.057021e+001  5.837543e+001 -8.000000e-001
    endloop
  endfacet
  facet normal  0.000000e+000  1.000000e+000  0.000000e+000
    outer loop
      vertex  2.758258e+001  5.837543e+001 -8.000000e-001
      vertex  3.057021e+001  5.837543e+001 -8.000000e-001
      vertex  2.758258e+001  5.837543e+001 -1.200000e+000
    endloop
  endfacet
  facet normal  0.000000e+000  1.000000e+000  0.000000e+000
    outer loop
      vertex  2.758258e+001  5.837543e+001 -1.200000e+000
      vertex  3.057021e+001  5.837543e+001 -8.000000e-001
      vertex  3.057021e+001  5.837543e+001 -1.200000e+000
    endloop
  endfacet
  facet normal  0.000000e+000 -1.000000e+000  0.000000e+000
    outer loop
      vertex  2.870294e+001  6.554179e+001 -8.000000e-001
      vertex  2.775162e+001  6.554179e+001 -8.000000e-001
      vertex  2.870294e+001  6.554179e+001 -1.200000e+000
    endloop
  endfacet
  facet normal  0.000000e+000 -1.000000e+000  0.000000e+000
    outer loop
      vertex  2.870294e+001  6.554179e+001 -1.200000e+000
      vertex  2.775162e+001  6.554179e+001 -8.000000e-001
      vertex  2.775162e+001  6.554179e+001 -1.200000e+000
    endloop
  endfacet
  facet normal -1.000000e+000  -0.000000e+000  0.000000e+000
    outer loop
      vertex  2.775162e+001  6.554179e+001 -8.000000e-001
      vertex  2.775162e+001  6.638697e+001 -8.000000e-001
      vertex  2.775162e+001  6.554179e+001 -1.200000e+000
    endloop
  endfacet
  facet normal -1.000000e+000  0.000000e+000  0.000000e+000
    outer loop
      vertex  2.775162e+001  6.554179e+001 -1.200000e+000
      vertex  2.775162e+001  6.638697e+001 -8.000000e-001
      vertex  2.775162e+001  6.638697e+001 -1.200000e+000
    endloop
  endfacet
  facet normal  0.000000e+000  1.000000e+000  0.000000e+000
    outer loop
      vertex  2.775162e+001  6.638697e+001 -8.000000e-001
      vertex  2.870294e+001  6.638697e+001 -8.000000e-001
      vertex  2.775162e+001  6.638697e+001 -1.200000e+000
    endloop
  endfacet
  facet normal  0.000000e+000  1.000000e+000  0.000000e+000
    outer loop
      vertex  2.775162e+001  6.638697e+001 -1.200000e+000
      vertex  2.870294e+001  6.638697e+001 -8.000000e-001
      vertex  2.870294e+001  6.638697e+001 -1.200000e+000
    endloop
  endfacet
  facet normal  1.000000e+000  -0.000000e+000  0.000000e+000
    outer loop
      vertex  2.870294e+001  6.638697e+001 -8.000000e-001
      vertex  2.870294e+001  6.554179e+001 -8.000000e-001
      vertex  2.870294e+001  6.638697e+001 -1.200000e+000
    endloop
  endfacet
  facet normal  1.000000e+000  0.000000e+000  0.000000e+000
    outer loop
      vertex  2.870294e+001  6.638697e+001 -1.200000e+000
      vertex  2.870294e+001  6.554179e+001 -8.000000e-001
      vertex  2.870294e+001  6.554179e+001 -1.200000e+000
    endloop
  endfacet
  facet normal -1.791701e-001  9.838181e-001  0.000000e+000
    outer loop
      vertex  3.066357e+001  6.468595e+001 -1.200000e+000
      vertex  3.066357e+001  6.468595e+001 -8.000000e-001
      vertex  3.074710e+001  6.470116e+001 -1.200000e+000
    endloop
  endfacet
  facet normal -1.791701e-001  9.838181e-001  0.000000e+000
    outer loop
      vertex  3.074710e+001  6.470116e+001 -1.200000e+000
      vertex  3.066357e+001  6.468595e+001 -8.000000e-001
      vertex  3.074710e+001  6.470116e+001 -8.000000e-001
    endloop
  endfacet
  facet normal -3.253451e-001  9.455954e-001  0.000000e+000
    outer loop
      vertex  3.074710e+001  6.470116e+001 -1.200000e+000
      vertex  3.074710e+001  6.470116e+001 -8.000000e-001
      vertex  3.082081e+001  6.472652e+001 -1.200000e+000
    endloop
  endfacet
  facet normal -3.253451e-001  9.455954e-001  0.000000e+000
    outer loop
      vertex  3.082081e+001  6.472652e+001 -1.200000e+000
      vertex  3.074710e+001  6.470116e+001 -8.000000e-001
      vertex  3.082081e+001  6.472652e+001 -8.000000e-001
    endloop
  endfacet
  facet normal -4.856806e-001  8.741364e-001  0.000000e+000
    outer loop
      vertex  3.082081e+001  6.472652e+001 -1.200000e+000
      vertex  3.082081e+001  6.472652e+001 -8.000000e-001
      vertex  3.088469e+001  6.476202e+001 -1.200000e+000
    endloop
  endfacet
  facet normal -4.856806e-001  8.741364e-001  0.000000e+000
    outer loop
      vertex  3.088469e+001  6.476202e+001 -1.200000e+000
      vertex  3.082081e+001  6.472652e+001 -8.000000e-001
      vertex  3.088469e+001  6.476202e+001 -8.000000e-001
    endloop
  endfacet
  facet normal -6.451249e-001  7.640772e-001  0.000000e+000
    outer loop
      vertex  3.088469e+001  6.476202e+001 -1.200000e+000
      vertex  3.088469e+001  6.476202e+001 -8.000000e-001
      vertex  3.093875e+001  6.480766e+001 -1.200000e+000
    endloop
  endfacet
  facet normal -6.451249e-001  7.640772e-001  0.000000e+000
    outer loop
      vertex  3.093875e+001  6.480766e+001 -1.200000e+000
      vertex  3.088469e+001  6.476202e+001 -8.000000e-001
      vertex  3.093875e+001  6.480766e+001 -8.000000e-001
    endloop
  endfacet
  facet normal -7.836371e-001  6.212189e-001  0.000000e+000
    outer loop
      vertex  3.093875e+001  6.480766e+001 -1.200000e+000
      vertex  3.093875e+001  6.480766e+001 -8.000000e-001
      vertex  3.098297e+001  6.486344e+001 -1.200000e+000
    endloop
  endfacet
  facet normal -7.836371e-001  6.212189e-001  0.000000e+000
    outer loop
      vertex  3.098297e+001  6.486344e+001 -1.200000e+000
      vertex  3.093875e+001  6.480766e+001 -8.000000e-001
      vertex  3.098297e+001  6.486344e+001 -8.000000e-001
    endloop
  endfacet
  facet normal -8.865785e-001  4.625783e-001  0.000000e+000
    outer loop
      vertex  3.098297e+001  6.486344e+001 -1.200000e+000
      vertex  3.098297e+001  6.486344e+001 -8.000000e-001
      vertex  3.101737e+001  6.492937e+001 -1.200000e+000
    endloop
  endfacet
  facet normal -8.865785e-001  4.625783e-001  0.000000e+000
    outer loop
      vertex  3.101737e+001  6.492937e+001 -1.200000e+000
      vertex  3.098297e+001  6.486344e+001 -8.000000e-001
      vertex  3.101737e+001  6.492937e+001 -8.000000e-001
    endloop
  endfacet
  facet normal -9.516006e-001  3.073374e-001  0.000000e+000
    outer loop
      vertex  3.101737e+001  6.492937e+001 -1.200000e+000
      vertex  3.101737e+001  6.492937e+001 -8.000000e-001
      vertex  3.104193e+001  6.500543e+001 -1.200000e+000
    endloop
  endfacet
  facet normal -9.516006e-001  3.073374e-001  0.000000e+000
    outer loop
      vertex  3.104193e+001  6.500543e+001 -1.200000e+000
      vertex  3.101737e+001  6.492937e+001 -8.000000e-001
      vertex  3.104193e+001  6.500543e+001 -8.000000e-001
    endloop
  endfacet
  facet normal -9.856896e-001  1.685704e-001  0.000000e+000
    outer loop
      vertex  3.104193e+001  6.500543e+001 -1.200000e+000
      vertex  3.104193e+001  6.500543e+001 -8.000000e-001
      vertex  3.105668e+001  6.509164e+001 -1.200000e+000
    endloop
  endfacet
  facet normal -9.856896e-001  1.685704e-001  0.000000e+000
    outer loop
      vertex  3.105668e+001  6.509164e+001 -1.200000e+000
      vertex  3.104193e+001  6.500543e+001 -8.000000e-001
      vertex  3.105668e+001  6.509164e+001 -8.000000e-001
    endloop
  endfacet
  facet normal -9.987021e-001  5.093159e-002  0.000000e+000
    outer loop
      vertex  3.105668e+001  6.509164e+001 -1.200000e+000
      vertex  3.105668e+001  6.509164e+001 -8.000000e-001
      vertex  3.106159e+001  6.518799e+001 -1.200000e+000
    endloop
  endfacet
  facet normal -9.987021e-001  5.093159e-002  0.000000e+000
    outer loop
      vertex  3.106159e+001  6.518799e+001 -1.200000e+000
      vertex  3.105668e+001  6.509164e+001 -8.000000e-001
      vertex  3.106159e+001  6.518799e+001 -8.000000e-001
    endloop
  endfacet
  facet normal -1.000000e+000  -0.000000e+000  0.000000e+000
    outer loop
      vertex  3.106159e+001  6.518799e+001 -8.000000e-001
      vertex  3.106159e+001  6.674077e+001 -8.000000e-001
      vertex  3.106159e+001  6.518799e+001 -1.200000e+000
    endloop
  endfacet
  facet normal -1.000000e+000  0.000000e+000  0.000000e+000
    outer loop
      vertex  3.106159e+001  6.518799e+001 -1.200000e+000
      vertex  3.106159e+001  6.674077e+001 -8.000000e-001
      vertex  3.106159e+001  6.674077e+001 -1.200000e+000
    endloop
  endfacet
  facet normal -9.987024e-001 -5.092758e-002  -0.000000e+000
    outer loop
      vertex  3.106159e+001  6.674077e+001 -1.200000e+000
      vertex  3.106159e+001  6.674077e+001 -8.000000e-001
      vertex  3.105668e+001  6.683712e+001 -1.200000e+000
    endloop
  endfacet
  facet normal -9.987024e-001 -5.092758e-002  0.000000e+000
    outer loop
      vertex  3.105668e+001  6.683712e+001 -1.200000e+000
      vertex  3.106159e+001  6.674077e+001 -8.000000e-001
      vertex  3.105668e+001  6.683712e+001 -8.000000e-001
    endloop
  endfacet
  facet normal -9.856871e-001 -1.685849e-001  -0.000000e+000
    outer loop
      vertex  3.105668e+001  6.683712e+001 -1.200000e+000
      vertex  3.105668e+001  6.683712e+001 -8.000000e-001
      vertex  3.104193e+001  6.692332e+001 -1.200000e+000
    endloop
  endfacet
  facet normal -9.856871e-001 -1.685849e-001  0.000000e+000
    outer loop
      vertex  3.104193e+001  6.692332e+001 -1.200000e+000
      vertex  3.105668e+001  6.683712e+001 -8.000000e-001
      vertex  3.104193e+001  6.692332e+001 -8.000000e-001
    endloop
  endfacet
  facet normal -9.516096e-001 -3.073095e-001  -0.000000e+000
    outer loop
      vertex  3.104193e+001  6.692332e+001 -1.200000e+000
      vertex  3.104193e+001  6.692332e+001 -8.000000e-001
      vertex  3.101737e+001  6.699940e+001 -1.200000e+000
    endloop
  endfacet
  facet normal -9.516096e-001 -3.073095e-001  0.000000e+000
    outer loop
      vertex  3.101737e+001  6.699940e+001 -1.200000e+000
      vertex  3.104193e+001  6.692332e+001 -8.000000e-001
      vertex  3.101737e+001  6.699940e+001 -8.000000e-001
    endloop
  endfacet
  facet normal -8.865565e-001 -4.626204e-001  -0.000000e+000
    outer loop
      vertex  3.101737e+001  6.699940e+001 -1.200000e+000
      vertex  3.101737e+001  6.699940e+001 -8.000000e-001
      vertex  3.098297e+001  6.706532e+001 -1.200000e+000
    endloop
  endfacet
  facet normal -8.865565e-001 -4.626204e-001  0.000000e+000
    outer loop
      vertex  3.098297e+001  6.706532e+001 -1.200000e+000
      vertex  3.101737e+001  6.699940e+001 -8.000000e-001
      vertex  3.098297e+001  6.706532e+001 -8.000000e-001
    endloop
  endfacet
  facet normal -7.836371e-001 -6.212189e-001  -0.000000e+000
    outer loop
      vertex  3.098297e+001  6.706532e+001 -1.200000e+000
      vertex  3.098297e+001  6.706532e+001 -8.000000e-001
      vertex  3.093875e+001  6.712110e+001 -1.200000e+000
    endloop
  endfacet
  facet normal -7.836371e-001 -6.212189e-001  0.000000e+000
    outer loop
      vertex  3.093875e+001  6.712110e+001 -1.200000e+000
      vertex  3.098297e+001  6.706532e+001 -8.000000e-001
      vertex  3.093875e+001  6.712110e+001 -8.000000e-001
    endloop
  endfacet
  facet normal -6.451249e-001 -7.640772e-001  -0.000000e+000
    outer loop
      vertex  3.093875e+001  6.712110e+001 -1.200000e+000
      vertex  3.093875e+001  6.712110e+001 -8.000000e-001
      vertex  3.088469e+001  6.716674e+001 -1.200000e+000
    endloop
  endfacet
  facet normal -6.451249e-001 -7.640772e-001  0.000000e+000
    outer loop
      vertex  3.088469e+001  6.716674e+001 -1.200000e+000
      vertex  3.093875e+001  6.712110e+001 -8.000000e-001
      vertex  3.088469e+001  6.716674e+001 -8.000000e-001
    endloop
  endfacet
  facet normal -4.856806e-001 -8.741364e-001  -0.000000e+000
    outer loop
      vertex  3.088469e+001  6.716674e+001 -1.200000e+000
      vertex  3.088469e+001  6.716674e+001 -8.000000e-001
      vertex  3.082081e+001  6.720223e+001 -1.200000e+000
    endloop
  endfacet
  facet normal -4.856806e-001 -8.741364e-001  0.000000e+000
    outer loop
      vertex  3.082081e+001  6.720223e+001 -1.200000e+000
      vertex  3.088469e+001  6.716674e+001 -8.000000e-001
      vertex  3.082081e+001  6.720223e+001 -8.000000e-001
    endloop
  endfacet
  facet normal -3.253451e-001 -9.455954e-001  -0.000000e+000
    outer loop
      vertex  3.082081e+001  6.720223e+001 -1.200000e+000
      vertex  3.082081e+001  6.720223e+001 -8.000000e-001
      vertex  3.074710e+001  6.722759e+001 -1.200000e+000
    endloop
  endfacet
  facet normal -3.253451e-001 -9.455954e-001  0.000000e+000
    outer loop
      vertex  3.074710e+001  6.722759e+001 -1.200000e+000
      vertex  3.082081e+001  6.720223e+001 -8.000000e-001
      vertex  3.074710e+001  6.722759e+001 -8.000000e-001
    endloop
  endfacet
  facet normal -1.791701e-001 -9.838181e-001  -0.000000e+000
    outer loop
      vertex  3.074710e+001  6.722759e+001 -1.200000e+000
      vertex  3.074710e+001  6.722759e+001 -8.000000e-001
      vertex  3.066357e+001  6.724281e+001 -1.200000e+000
    endloop
  endfacet
  facet normal -1.791701e-001 -9.838181e-001  0.000000e+000
    outer loop
      vertex  3.066357e+001  6.724281e+001 -1.200000e+000
      vertex  3.074710e+001  6.722759e+001 -8.000000e-001
      vertex  3.066357e+001  6.724281e+001 -8.000000e-001
    endloop
  endfacet
  facet normal -5.426111e-002 -9.985268e-001  -0.000000e+000
    outer loop
      vertex  3.066357e+001  6.724281e+001 -1.200000e+000
      vertex  3.066357e+001  6.724281e+001 -8.000000e-001
      vertex  3.057021e+001  6.724788e+001 -1.200000e+000
    endloop
  endfacet
  facet normal -5.426111e-002 -9.985268e-001  0.000000e+000
    outer loop
      vertex  3.057021e+001  6.724788e+001 -1.200000e+000
      vertex  3.066357e+001  6.724281e+001 -8.000000e-001
      vertex  3.057021e+001  6.724788e+001 -8.000000e-001
    endloop
  endfacet
  facet normal  0.000000e+000 -1.000000e+000  0.000000e+000
    outer loop
      vertex  3.057021e+001  6.724788e+001 -8.000000e-001
      vertex  2.758258e+001  6.724788e+001 -8.000000e-001
      vertex  3.057021e+001  6.724788e+001 -1.200000e+000
    endloop
  endfacet
  facet normal  0.000000e+000 -1.000000e+000  0.000000e+000
    outer loop
      vertex  3.057021e+001  6.724788e+001 -1.200000e+000
      vertex  2.758258e+001  6.724788e+001 -8.000000e-001
      vertex  2.758258e+001  6.724788e+001 -1.200000e+000
    endloop
  endfacet
  facet normal  5.426332e-002 -9.985267e-001  0.000000e+000
    outer loop
      vertex  2.758258e+001  6.724788e+001 -1.200000e+000
      vertex  2.758258e+001  6.724788e+001 -8.000000e-001
      vertex  2.748922e+001  6.724281e+001 -1.200000e+000
    endloop
  endfacet
  facet normal  5.426332e-002 -9.985267e-001  0.000000e+000
    outer loop
      vertex  2.748922e+001  6.724281e+001 -1.200000e+000
      vertex  2.758258e+001  6.724788e+001 -8.000000e-001
      vertex  2.748922e+001  6.724281e+001 -8.000000e-001
    endloop
  endfacet
  facet normal  1.791701e-001 -9.838181e-001  0.000000e+000
    outer loop
      vertex  2.748922e+001  6.724281e+001 -1.200000e+000
      vertex  2.748922e+001  6.724281e+001 -8.000000e-001
      vertex  2.740569e+001  6.722759e+001 -1.200000e+000
    endloop
  endfacet
  facet normal  1.791701e-001 -9.838181e-001  0.000000e+000
    outer loop
      vertex  2.740569e+001  6.722759e+001 -1.200000e+000
      vertex  2.748922e+001  6.724281e+001 -8.000000e-001
      vertex  2.740569e+001  6.722759e+001 -8.000000e-001
    endloop
  endfacet
  facet normal  3.253376e-001 -9.455980e-001  0.000000e+000
    outer loop
      vertex  2.740569e+001  6.722759e+001 -1.200000e+000
      vertex  2.740569e+001  6.722759e+001 -8.000000e-001
      vertex  2.733198e+001  6.720223e+001 -1.200000e+000
    endloop
  endfacet
  facet normal  3.253376e-001 -9.455980e-001  0.000000e+000
    outer loop
      vertex  2.733198e+001  6.720223e+001 -1.200000e+000
      vertex  2.740569e+001  6.722759e+001 -8.000000e-001
      vertex  2.733198e+001  6.720223e+001 -8.000000e-001
    endloop
  endfacet
  facet normal  4.856696e-001 -8.741425e-001  0.000000e+000
    outer loop
      vertex  2.733198e+001  6.720223e+001 -1.200000e+000
      vertex  2.733198e+001  6.720223e+001 -8.000000e-001
      vertex  2.726810e+001  6.716674e+001 -1.200000e+000
    endloop
  endfacet
  facet normal  4.856696e-001 -8.741425e-001  0.000000e+000
    outer loop
      vertex  2.726810e+001  6.716674e+001 -1.200000e+000
      vertex  2.733198e+001  6.720223e+001 -8.000000e-001
      vertex  2.726810e+001  6.716674e+001 -8.000000e-001
    endloop
  endfacet
  facet normal  6.451514e-001 -7.640547e-001  0.000000e+000
    outer loop
      vertex  2.726810e+001  6.716674e+001 -1.200000e+000
      vertex  2.726810e+001  6.716674e+001 -8.000000e-001
      vertex  2.721405e+001  6.712110e+001 -1.200000e+000
    endloop
  endfacet
  facet normal  6.451514e-001 -7.640547e-001  0.000000e+000
    outer loop
      vertex  2.721405e+001  6.712110e+001 -1.200000e+000
      vertex  2.726810e+001  6.716674e+001 -8.000000e-001
      vertex  2.721405e+001  6.712110e+001 -8.000000e-001
    endloop
  endfacet
  facet normal  7.836241e-001 -6.212353e-001  0.000000e+000
    outer loop
      vertex  2.721405e+001  6.712110e+001 -1.200000e+000
      vertex  2.721405e+001  6.712110e+001 -8.000000e-001
      vertex  2.716982e+001  6.706532e+001 -1.200000e+000
    endloop
  endfacet
  facet normal  7.836241e-001 -6.212353e-001  0.000000e+000
    outer loop
      vertex  2.716982e+001  6.706532e+001 -1.200000e+000
      vertex  2.721405e+001  6.712110e+001 -8.000000e-001
      vertex  2.716982e+001  6.706532e+001 -8.000000e-001
    endloop
  endfacet
  facet normal  8.865670e-001 -4.626002e-001  0.000000e+000
    outer loop
      vertex  2.716982e+001  6.706532e+001 -1.200000e+000
      vertex  2.716982e+001  6.706532e+001 -8.000000e-001
      vertex  2.713543e+001  6.699940e+001 -1.200000e+000
    endloop
  endfacet
  facet normal  8.865670e-001 -4.626002e-001  0.000000e+000
    outer loop
      vertex  2.713543e+001  6.699940e+001 -1.200000e+000
      vertex  2.716982e+001  6.706532e+001 -8.000000e-001
      vertex  2.713543e+001  6.699940e+001 -8.000000e-001
    endloop
  endfacet
  facet normal  9.515957e-001 -3.073527e-001  0.000000e+000
    outer loop
      vertex  2.713543e+001  6.699940e+001 -1.200000e+000
      vertex  2.713543e+001  6.699940e+001 -8.000000e-001
      vertex  2.711086e+001  6.692332e+001 -1.200000e+000
    endloop
  endfacet
  facet normal  9.515957e-001 -3.073527e-001  0.000000e+000
    outer loop
      vertex  2.711086e+001  6.692332e+001 -1.200000e+000
      vertex  2.713543e+001  6.699940e+001 -8.000000e-001
      vertex  2.711086e+001  6.692332e+001 -8.000000e-001
    endloop
  endfacet
  facet normal  9.856871e-001 -1.685849e-001  0.000000e+000
    outer loop
      vertex  2.711086e+001  6.692332e+001 -1.200000e+000
      vertex  2.711086e+001  6.692332e+001 -8.000000e-001
      vertex  2.709611e+001  6.683712e+001 -1.200000e+000
    endloop
  endfacet
  facet normal  9.856871e-001 -1.685849e-001  0.000000e+000
    outer loop
      vertex  2.709611e+001  6.683712e+001 -1.200000e+000
      vertex  2.711086e+001  6.692332e+001 -8.000000e-001
      vertex  2.709611e+001  6.683712e+001 -8.000000e-001
    endloop
  endfacet
  facet normal  9.987024e-001 -5.092758e-002  0.000000e+000
    outer loop
      vertex  2.709611e+001  6.683712e+001 -1.200000e+000
      vertex  2.709611e+001  6.683712e+001 -8.000000e-001
      vertex  2.709120e+001  6.674077e+001 -1.200000e+000
    endloop
  endfacet
  facet normal  9.987024e-001 -5.092758e-002  0.000000e+000
    outer loop
      vertex  2.709120e+001  6.674077e+001 -1.200000e+000
      vertex  2.709611e+001  6.683712e+001 -8.000000e-001
      vertex  2.709120e+001  6.674077e+001 -8.000000e-001
    endloop
  endfacet
  facet normal  1.000000e+000  -0.000000e+000  0.000000e+000
    outer loop
      vertex  2.709120e+001  6.674077e+001 -8.000000e-001
      vertex  2.709120e+001  6.518799e+001 -8.000000e-001
      vertex  2.709120e+001  6.674077e+001 -1.200000e+000
    endloop
  endfacet
  facet normal  1.000000e+000  0.000000e+000  0.000000e+000
    outer loop
      vertex  2.709120e+001  6.674077e+001 -1.200000e+000
      vertex  2.709120e+001  6.518799e+001 -8.000000e-001
      vertex  2.709120e+001  6.518799e+001 -1.200000e+000
    endloop
  endfacet
  facet normal  9.987002e-001  5.097103e-002  0.000000e+000
    outer loop
      vertex  2.709120e+001  6.518799e+001 -1.200000e+000
      vertex  2.709120e+001  6.518799e+001 -8.000000e-001
      vertex  2.709612e+001  6.509164e+001 -1.200000e+000
    endloop
  endfacet
  facet normal  9.987002e-001  5.097103e-002  -0.000000e+000
    outer loop
      vertex  2.709612e+001  6.509164e+001 -1.200000e+000
      vertex  2.709120e+001  6.518799e+001 -8.000000e-001
      vertex  2.709612e+001  6.509164e+001 -8.000000e-001
    endloop
  endfacet
  facet normal  9.856969e-001  1.685280e-001  0.000000e+000
    outer loop
      vertex  2.709612e+001  6.509164e+001 -1.200000e+000
      vertex  2.709612e+001  6.509164e+001 -8.000000e-001
      vertex  2.711086e+001  6.500543e+001 -1.200000e+000
    endloop
  endfacet
  facet normal  9.856969e-001  1.685280e-001  -0.000000e+000
    outer loop
      vertex  2.711086e+001  6.500543e+001 -1.200000e+000
      vertex  2.709612e+001  6.509164e+001 -8.000000e-001
      vertex  2.711086e+001  6.500543e+001 -8.000000e-001
    endloop
  endfacet
  facet normal  9.515867e-001  3.073806e-001  0.000000e+000
    outer loop
      vertex  2.711086e+001  6.500543e+001 -1.200000e+000
      vertex  2.711086e+001  6.500543e+001 -8.000000e-001
      vertex  2.713543e+001  6.492937e+001 -1.200000e+000
    endloop
  endfacet
  facet normal  9.515867e-001  3.073806e-001  -0.000000e+000
    outer loop
      vertex  2.713543e+001  6.492937e+001 -1.200000e+000
      vertex  2.711086e+001  6.500543e+001 -8.000000e-001
      vertex  2.713543e+001  6.492937e+001 -8.000000e-001
    endloop
  endfacet
  facet normal  8.865889e-001  4.625581e-001  0.000000e+000
    outer loop
      vertex  2.713543e+001  6.492937e+001 -1.200000e+000
      vertex  2.713543e+001  6.492937e+001 -8.000000e-001
      vertex  2.716982e+001  6.486344e+001 -1.200000e+000
    endloop
  endfacet
  facet normal  8.865889e-001  4.625581e-001  -0.000000e+000
    outer loop
      vertex  2.716982e+001  6.486344e+001 -1.200000e+000
      vertex  2.713543e+001  6.492937e+001 -8.000000e-001
      vertex  2.716982e+001  6.486344e+001 -8.000000e-001
    endloop
  endfacet
  facet normal  7.836241e-001  6.212353e-001  0.000000e+000
    outer loop
      vertex  2.716982e+001  6.486344e+001 -1.200000e+000
      vertex  2.716982e+001  6.486344e+001 -8.000000e-001
      vertex  2.721405e+001  6.480766e+001 -1.200000e+000
    endloop
  endfacet
  facet normal  7.836241e-001  6.212353e-001  -0.000000e+000
    outer loop
      vertex  2.721405e+001  6.480766e+001 -1.200000e+000
      vertex  2.716982e+001  6.486344e+001 -8.000000e-001
      vertex  2.721405e+001  6.480766e+001 -8.000000e-001
    endloop
  endfacet
  facet normal  6.451514e-001  7.640547e-001  0.000000e+000
    outer loop
      vertex  2.721405e+001  6.480766e+001 -1.200000e+000
      vertex  2.721405e+001  6.480766e+001 -8.000000e-001
      vertex  2.726810e+001  6.476202e+001 -1.200000e+000
    endloop
  endfacet
  facet normal  6.451514e-001  7.640547e-001  -0.000000e+000
    outer loop
      vertex  2.726810e+001  6.476202e+001 -1.200000e+000
      vertex  2.721405e+001  6.480766e+001 -8.000000e-001
      vertex  2.726810e+001  6.476202e+001 -8.000000e-001
    endloop
  endfacet
  facet normal  4.856696e-001  8.741425e-001  0.000000e+000
    outer loop
      vertex  2.726810e+001  6.476202e+001 -1.200000e+000
      vertex  2.726810e+001  6.476202e+001 -8.000000e-001
      vertex  2.733198e+001  6.472652e+001 -1.200000e+000
    endloop
  endfacet
  facet normal  4.856696e-001  8.741425e-001  -0.000000e+000
    outer loop
      vertex  2.733198e+001  6.472652e+001 -1.200000e+000
      vertex  2.726810e+001  6.476202e+001 -8.000000e-001
      vertex  2.733198e+001  6.472652e+001 -8.000000e-001
    endloop
  endfacet
  facet normal  3.253376e-001  9.455980e-001  0.000000e+000
    outer loop
      vertex  2.733198e+001  6.472652e+001 -1.200000e+000
      vertex  2.733198e+001  6.472652e+001 -8.000000e-001
      vertex  2.740569e+001  6.470116e+001 -1.200000e+000
    endloop
  endfacet
  facet normal  3.253376e-001  9.455980e-001  -0.000000e+000
    outer loop
      vertex  2.740569e+001  6.470116e+001 -1.200000e+000
      vertex  2.733198e+001  6.472652e+001 -8.000000e-001
      vertex  2.740569e+001  6.470116e+001 -8.000000e-001
    endloop
  endfacet
  facet normal  1.791701e-001  9.838181e-001  0.000000e+000
    outer loop
      vertex  2.740569e+001  6.470116e+001 -1.200000e+000
      vertex  2.740569e+001  6.470116e+001 -8.000000e-001
      vertex  2.748922e+001  6.468595e+001 -1.200000e+000
    endloop
  endfacet
  facet normal  1.791701e-001  9.838181e-001  -0.000000e+000
    outer loop
      vertex  2.748922e+001  6.468595e+001 -1.200000e+000
      vertex  2.740569e+001  6.470116e+001 -8.000000e-001
      vertex  2.748922e+001  6.468595e+001 -8.000000e-001
    endloop
  endfacet
  facet normal  5.426332e-002  9.985267e-001  0.000000e+000
    outer loop
      vertex  2.748922e+001  6.468595e+001 -1.200000e+000
      vertex  2.748922e+001  6.468595e+001 -8.000000e-001
      vertex  2.758258e+001  6.468088e+001 -1.200000e+000
    endloop
  endfacet
  facet normal  5.426332e-002  9.985267e-001  -0.000000e+000
    outer loop
      vertex  2.758258e+001  6.468088e+001 -1.200000e+000
      vertex  2.748922e+001  6.468595e+001 -8.000000e-001
      vertex  2.758258e+001  6.468088e+001 -8.000000e-001
    endloop
  endfacet
  facet normal  0.000000e+000  9.999999e-001  0.000000e+000
    outer loop
      vertex  2.758258e+001  6.468088e+001 -8.000000e-001
      vertex  2.904102e+001  6.468088e+001 -8.000000e-001
      vertex  2.758258e+001  6.468088e+001 -1.200000e+000
    endloop
  endfacet
  facet normal  0.000000e+000  9.999999e-001  0.000000e+000
    outer loop
      vertex  2.758258e+001  6.468088e+001 -1.200000e+000
      vertex  2.904102e+001  6.468088e+001 -8.000000e-001
      vertex  2.904102e+001  6.468088e+001 -1.200000e+000
    endloop
  endfacet
  facet normal -7.071204e-001  7.070932e-001  0.000000e+000
    outer loop
      vertex  2.904102e+001  6.468088e+001 -1.200000e+000
      vertex  2.904102e+001  6.468088e+001 -8.000000e-001
      vertex  2.928867e+001  6.492854e+001 -1.200000e+000
    endloop
  endfacet
  facet normal -7.071204e-001  7.070932e-001  0.000000e+000
    outer loop
      vertex  2.928867e+001  6.492854e+001 -1.200000e+000
      vertex  2.904102e+001  6.468088e+001 -8.000000e-001
      vertex  2.928867e+001  6.492854e+001 -8.000000e-001
    endloop
  endfacet
  facet normal -1.000000e+000  -0.000000e+000  0.000000e+000
    outer loop
      vertex  2.928867e+001  6.492854e+001 -8.000000e-001
      vertex  2.928867e+001  6.638697e+001 -8.000000e-001
      vertex  2.928867e+001  6.492854e+001 -1.200000e+000
    endloop
  endfacet
  facet normal -1.000000e+000  0.000000e+000  0.000000e+000
    outer loop
      vertex  2.928867e+001  6.492854e+001 -1.200000e+000
      vertex  2.928867e+001  6.638697e+001 -8.000000e-001
      vertex  2.928867e+001  6.638697e+001 -1.200000e+000
    endloop
  endfacet
  facet normal  0.000000e+000  1.000000e+000  0.000000e+000
    outer loop
      vertex  2.928867e+001  6.638697e+001 -8.000000e-001
      vertex  3.040117e+001  6.638697e+001 -8.000000e-001
      vertex  2.928867e+001  6.638697e+001 -1.200000e+000
    endloop
  endfacet
  facet normal  0.000000e+000  1.000000e+000  0.000000e+000
    outer loop
      vertex  2.928867e+001  6.638697e+001 -1.200000e+000
      vertex  3.040117e+001  6.638697e+001 -8.000000e-001
      vertex  3.040117e+001  6.638697e+001 -1.200000e+000
    endloop
  endfacet
  facet normal  1.000000e+000  -0.000000e+000  0.000000e+000
    outer loop
      vertex  3.040117e+001  6.638697e+001 -8.000000e-001
      vertex  3.040117e+001  6.554179e+001 -8.000000e-001
      vertex  3.040117e+001  6.638697e+001 -1.200000e+000
    endloop
  endfacet
  facet normal  1.000000e+000  0.000000e+000  0.000000e+000
    outer loop
      vertex  3.040117e+001  6.638697e+001 -1.200000e+000
      vertex  3.040117e+001  6.554179e+001 -8.000000e-001
      vertex  3.040117e+001  6.554179e+001 -1.200000e+000
    endloop
  endfacet
  facet normal  0.000000e+000 -1.000000e+000  0.000000e+000
    outer loop
      vertex  3.040117e+001  6.554179e+001 -8.000000e-001
      vertex  2.974075e+001  6.554179e+001 -8.000000e-001
      vertex  3.040117e+001  6.554179e+001 -1.200000e+000
    endloop
  endfacet
  facet normal  0.000000e+000 -1.000000e+000  0.000000e+000
    outer loop
      vertex  3.040117e+001  6.554179e+001 -1.200000e+000
      vertex  2.974075e+001  6.554179e+001 -8.000000e-001
      vertex  2.974075e+001  6.554179e+001 -1.200000e+000
    endloop
  endfacet
  facet normal -5.426111e-002  9.985268e-001  0.000000e+000
    outer loop
      vertex  3.057021e+001  6.468088e+001 -1.200000e+000
      vertex  3.057021e+001  6.468088e+001 -8.000000e-001
      vertex  3.066357e+001  6.468595e+001 -1.200000e+000
    endloop
  endfacet
  facet normal -5.426111e-002  9.985268e-001  0.000000e+000
    outer loop
      vertex  3.066357e+001  6.468595e+001 -1.200000e+000
      vertex  3.057021e+001  6.468088e+001 -8.000000e-001
      vertex  3.066357e+001  6.468595e+001 -8.000000e-001
    endloop
  endfacet
  facet normal  1.000000e+000  -0.000000e+000  0.000000e+000
    outer loop
      vertex  2.974075e+001  6.554179e+001 -8.000000e-001
      vertex  2.974075e+001  6.468088e+001 -8.000000e-001
      vertex  2.974075e+001  6.554179e+001 -1.200000e+000
    endloop
  endfacet
  facet normal  1.000000e+000  0.000000e+000  0.000000e+000
    outer loop
      vertex  2.974075e+001  6.554179e+001 -1.200000e+000
      vertex  2.974075e+001  6.468088e+001 -8.000000e-001
      vertex  2.974075e+001  6.468088e+001 -1.200000e+000
    endloop
  endfacet
  facet normal  0.000000e+000  0.000000e+000 -1.000000e+000
    outer loop
      vertex  2.870294e+001  6.638697e+001 -8.000000e-001
      vertex  2.775162e+001  6.638697e+001 -8.000000e-001
      vertex  2.758258e+001  6.724788e+001 -8.000000e-001
    endloop
  endfacet
  facet normal  0.000000e+000  0.000000e+000 -1.000000e+000
    outer loop
      vertex  2.870294e+001  6.638697e+001 -8.000000e-001
      vertex  2.758258e+001  6.724788e+001 -8.000000e-001
      vertex  3.057021e+001  6.724788e+001 -8.000000e-001
    endloop
  endfacet
  facet normal  0.000000e+000  -0.000000e+000 -1.000000e+000
    outer loop
      vertex  2.870294e+001  6.638697e+001 -8.000000e-001
      vertex  3.057021e+001  6.724788e+001 -8.000000e-001
      vertex  3.066357e+001  6.724281e+001 -8.000000e-001
    endloop
  endfacet
  facet normal  0.000000e+000  -0.000000e+000 -1.000000e+000
    outer loop
      vertex  2.870294e+001  6.638697e+001 -8.000000e-001
      vertex  3.066357e+001  6.724281e+001 -8.000000e-001
      vertex  3.074710e+001  6.722759e+001 -8.000000e-001
    endloop
  endfacet
  facet normal  0.000000e+000  -0.000000e+000 -1.000000e+000
    outer loop
      vertex  2.870294e+001  6.638697e+001 -8.000000e-001
      vertex  3.074710e+001  6.722759e+001 -8.000000e-001
      vertex  3.082081e+001  6.720223e+001 -8.000000e-001
    endloop
  endfacet
  facet normal  0.000000e+000  -0.000000e+000 -1.000000e+000
    outer loop
      vertex  2.870294e+001  6.638697e+001 -8.000000e-001
      vertex  3.082081e+001  6.720223e+001 -8.000000e-001
      vertex  3.088469e+001  6.716674e+001 -8.000000e-001
    endloop
  endfacet
  facet normal  0.000000e+000  -0.000000e+000 -1.000000e+000
    outer loop
      vertex  2.870294e+001  6.638697e+001 -8.000000e-001
      vertex  3.088469e+001  6.716674e+001 -8.000000e-001
      vertex  3.093875e+001  6.712110e+001 -8.000000e-001
    endloop
  endfacet
  facet normal  0.000000e+000  -0.000000e+000 -9.999999e-001
    outer loop
      vertex  2.870294e+001  6.638697e+001 -8.000000e-001
      vertex  3.093875e+001  6.712110e+001 -8.000000e-001
      vertex  3.098297e+001  6.706532e+001 -8.000000e-001
    endloop
  endfacet
  facet normal  0.000000e+000  -0.000000e+000 -1.000000e+000
    outer loop
      vertex  2.870294e+001  6.638697e+001 -8.000000e-001
      vertex  3.098297e+001  6.706532e+001 -8.000000e-001
      vertex  3.101737e+001  6.699940e+001 -8.000000e-001
    endloop
  endfacet
  facet normal  0.000000e+000  -0.000000e+000 -1.000000e+000
    outer loop
      vertex  2.870294e+001  6.638697e+001 -8.000000e-001
      vertex  3.101737e+001  6.699940e+001 -8.000000e-001
      vertex  3.104193e+001  6.692332e+001 -8.000000e-001
    endloop
  endfacet
  facet normal  0.000000e+000  -0.000000e+000 -9.999999e-001
    outer loop
      vertex  2.870294e+001  6.638697e+001 -8.000000e-001
      vertex  3.104193e+001  6.692332e+001 -8.000000e-001
      vertex  3.105668e+001  6.683712e+001 -8.000000e-001
    endloop
  endfacet
  facet normal  0.000000e+000  -0.000000e+000 -9.999999e-001
    outer loop
      vertex  2.870294e+001  6.638697e+001 -8.000000e-001
      vertex  3.105668e+001  6.683712e+001 -8.000000e-001
      vertex  3.106159e+001  6.674077e+001 -8.000000e-001
    endloop
  endfacet
  facet normal  -0.000000e+000  0.000000e+000 -1.000000e+000
    outer loop
      vertex  2.775162e+001  6.638697e+001 -8.000000e-001
      vertex  2.775162e+001  6.554179e+001 -8.000000e-001
      vertex  2.709120e+001  6.518799e+001 -8.000000e-001
    endloop
  endfacet
  facet normal  0.000000e+000  0.000000e+000 -1.000000e+000
    outer loop
      vertex  2.775162e+001  6.638697e+001 -8.000000e-001
      vertex  2.709120e+001  6.518799e+001 -8.000000e-001
      vertex  2.709120e+001  6.674077e+001 -8.000000e-001
    endloop
  endfacet
  facet normal  0.000000e+000  0.000000e+000 -1.000000e+000
    outer loop
      vertex  2.775162e+001  6.638697e+001 -8.000000e-001
      vertex  2.709120e+001  6.674077e+001 -8.000000e-001
      vertex  2.709611e+001  6.683712e+001 -8.000000e-001
    endloop
  endfacet
  facet normal  0.000000e+000  0.000000e+000 -1.000000e+000
    outer loop
      vertex  2.775162e+001  6.638697e+001 -8.000000e-001
      vertex  2.709611e+001  6.683712e+001 -8.000000e-001
      vertex  2.711086e+001  6.692332e+001 -8.000000e-001
    endloop
  endfacet
  facet normal  0.000000e+000  0.000000e+000 -1.000000e+000
    outer loop
      vertex  2.775162e+001  6.638697e+001 -8.000000e-001
      vertex  2.711086e+001  6.692332e+001 -8.000000e-001
      vertex  2.713543e+001  6.699940e+001 -8.000000e-001
    endloop
  endfacet
  facet normal  0.000000e+000  0.000000e+000 -1.000000e+000
    outer loop
      vertex  2.775162e+001  6.638697e+001 -8.000000e-001
      vertex  2.713543e+001  6.699940e+001 -8.000000e-001
      vertex  2.716982e+001  6.706532e+001 -8.000000e-001
    endloop
  endfacet
  facet normal  0.000000e+000  0.000000e+000 -1.000000e+000
    outer loop
      vertex  2.775162e+001  6.638697e+001 -8.000000e-001
      vertex  2.716982e+001  6.706532e+001 -8.000000e-001
      vertex  2.721405e+001  6.712110e+001 -8.000000e-001
    endloop
  endfacet
  facet normal  0.000000e+000  0.000000e+000 -1.000000e+000
    outer loop
      vertex  2.775162e+001  6.638697e+001 -8.000000e-001
      vertex  2.721405e+001  6.712110e+001 -8.000000e-001
      vertex  2.726810e+001  6.716674e+001 -8.000000e-001
    endloop
  endfacet
  facet normal  0.000000e+000  0.000000e+000 -1.000000e+000
    outer loop
      vertex  2.775162e+001  6.638697e+001 -8.000000e-001
      vertex  2.726810e+001  6.716674e+001 -8.000000e-001
      vertex  2.733198e+001  6.720223e+001 -8.000000e-001
    endloop
  endfacet
  facet normal  0.000000e+000  0.000000e+000 -1.000000e+000
    outer loop
      vertex  2.775162e+001  6.638697e+001 -8.000000e-001
      vertex  2.733198e+001  6.720223e+001 -8.000000e-001
      vertex  2.740569e+001  6.722759e+001 -8.000000e-001
    endloop
  endfacet
  facet normal  0.000000e+000  0.000000e+000 -9.999999e-001
    outer loop
      vertex  2.775162e+001  6.638697e+001 -8.000000e-001
      vertex  2.740569e+001  6.722759e+001 -8.000000e-001
      vertex  2.748922e+001  6.724281e+001 -8.000000e-001
    endloop
  endfacet
  facet normal  0.000000e+000  0.000000e+000 -1.000000e+000
    outer loop
      vertex  2.775162e+001  6.638697e+001 -8.000000e-001
      vertex  2.748922e+001  6.724281e+001 -8.000000e-001
      vertex  2.758258e+001  6.724788e+001 -8.000000e-001
    endloop
  endfacet
  facet normal  -0.000000e+000  0.000000e+000 -1.000000e+000
    outer loop
      vertex  2.775162e+001  6.554179e+001 -8.000000e-001
      vertex  2.870294e+001  6.554179e+001 -8.000000e-001
      vertex  2.758258e+001  6.468088e+001 -8.000000e-001
    endloop
  endfacet
  facet normal  0.000000e+000  0.000000e+000 -1.000000e+000
    outer loop
      vertex  2.775162e+001  6.554179e+001 -8.000000e-001
      vertex  2.758258e+001  6.468088e+001 -8.000000e-001
      vertex  2.748922e+001  6.468595e+001 -8.000000e-001
    endloop
  endfacet
  facet normal  0.000000e+000  0.000000e+000 -1.000000e+000
    outer loop
      vertex  2.775162e+001  6.554179e+001 -8.000000e-001
      vertex  2.748922e+001  6.468595e+001 -8.000000e-001
      vertex  2.740569e+001  6.470116e+001 -8.000000e-001
    endloop
  endfacet
  facet normal  0.000000e+000  0.000000e+000 -1.000000e+000
    outer loop
      vertex  2.775162e+001  6.554179e+001 -8.000000e-001
      vertex  2.740569e+001  6.470116e+001 -8.000000e-001
      vertex  2.733198e+001  6.472652e+001 -8.000000e-001
    endloop
  endfacet
  facet normal  0.000000e+000  0.000000e+000 -1.000000e+000
    outer loop
      vertex  2.775162e+001  6.554179e+001 -8.000000e-001
      vertex  2.733198e+001  6.472652e+001 -8.000000e-001
      vertex  2.726810e+001  6.476202e+001 -8.000000e-001
    endloop
  endfacet
  facet normal  0.000000e+000  0.000000e+000 -1.000000e+000
    outer loop
      vertex  2.775162e+001  6.554179e+001 -8.000000e-001
      vertex  2.726810e+001  6.476202e+001 -8.000000e-001
      vertex  2.721405e+001  6.480766e+001 -8.000000e-001
    endloop
  endfacet
  facet normal  0.000000e+000  0.000000e+000 -1.000000e+000
    outer loop
      vertex  2.775162e+001  6.554179e+001 -8.000000e-001
      vertex  2.721405e+001  6.480766e+001 -8.000000e-001
      vertex  2.716982e+001  6.486344e+001 -8.000000e-001
    endloop
  endfacet
  facet normal  0.000000e+000  0.000000e+000 -1.000000e+000
    outer loop
      vertex  2.775162e+001  6.554179e+001 -8.000000e-001
      vertex  2.716982e+001  6.486344e+001 -8.000000e-001
      vertex  2.713543e+001  6.492937e+001 -8.000000e-001
    endloop
  endfacet
  facet normal  0.000000e+000  0.000000e+000 -1.000000e+000
    outer loop
      vertex  2.775162e+001  6.554179e+001 -8.000000e-001
      vertex  2.713543e+001  6.492937e+001 -8.000000e-001
      vertex  2.711086e+001  6.500543e+001 -8.000000e-001
    endloop
  endfacet
  facet normal  0.000000e+000  0.000000e+000 -1.000000e+000
    outer loop
      vertex  2.775162e+001  6.554179e+001 -8.000000e-001
      vertex  2.711086e+001  6.500543e+001 -8.000000e-001
      vertex  2.709612e+001  6.509164e+001 -8.000000e-001
    endloop
  endfacet
  facet normal  0.000000e+000  0.000000e+000 -1.000000e+000
    outer loop
      vertex  2.775162e+001  6.554179e+001 -8.000000e-001
      vertex  2.709612e+001  6.509164e+001 -8.000000e-001
      vertex  2.709120e+001  6.518799e+001 -8.000000e-001
    endloop
  endfacet
  facet normal  -0.000000e+000  -0.000000e+000 -9.999999e-001
    outer loop
      vertex  2.974075e+001  6.554179e+001 -8.000000e-001
      vertex  3.040117e+001  6.554179e+001 -8.000000e-001
      vertex  3.106159e+001  6.518799e+001 -8.000000e-001
    endloop
  endfacet
  facet normal  -0.000000e+000  0.000000e+000 -1.000000e+000
    outer loop
      vertex  2.974075e+001  6.554179e+001 -8.000000e-001
      vertex  3.106159e+001  6.518799e+001 -8.000000e-001
      vertex  3.105668e+001  6.509164e+001 -8.000000e-001
    endloop
  endfacet
  facet normal  -0.000000e+000  0.000000e+000 -9.999999e-001
    outer loop
      vertex  2.974075e+001  6.554179e+001 -8.000000e-001
      vertex  3.105668e+001  6.509164e+001 -8.000000e-001
      vertex  3.104193e+001  6.500543e+001 -8.000000e-001
    endloop
  endfacet
  facet normal  -0.000000e+000  0.000000e+000 -1.000000e+000
    outer loop
      vertex  2.974075e+001  6.554179e+001 -8.000000e-001
      vertex  3.104193e+001  6.500543e+001 -8.000000e-001
      vertex  3.101737e+001  6.492937e+001 -8.000000e-001
    endloop
  endfacet
  facet normal  -0.000000e+000  0.000000e+000 -1.000000e+000
    outer loop
      vertex  2.974075e+001  6.554179e+001 -8.000000e-001
      vertex  3.101737e+001  6.492937e+001 -8.000000e-001
      vertex  3.098297e+001  6.486344e+001 -8.000000e-001
    endloop
  endfacet
  facet normal  -0.000000e+000  0.000000e+000 -1.000000e+000
    outer loop
      vertex  2.974075e+001  6.554179e+001 -8.000000e-001
      vertex  3.098297e+001  6.486344e+001 -8.000000e-001
      vertex  3.093875e+001  6.480766e+001 -8.000000e-001
    endloop
  endfacet
  facet normal  -0.000000e+000  0.000000e+000 -1.000000e+000
    outer loop
      vertex  2.974075e+001  6.554179e+001 -8.000000e-001
      vertex  3.093875e+001  6.480766e+001 -8.000000e-001
      vertex  3.088469e+001  6.476202e+001 -8.000000e-001
    endloop
  endfacet
  facet normal  -0.000000e+000  0.000000e+000 -1.000000e+000
    outer loop
      vertex  2.974075e+001  6.554179e+001 -8.000000e-001
      vertex  3.088469e+001  6.476202e+001 -8.000000e-001
      vertex  3.082081e+001  6.472652e+001 -8.000000e-001
    endloop
  endfacet
  facet normal  -0.000000e+000  0.000000e+000 -9.999999e-001
    outer loop
      vertex  2.974075e+001  6.554179e+001 -8.000000e-001
      vertex  3.082081e+001  6.472652e+001 -8.000000e-001
      vertex  3.074710e+001  6.470116e+001 -8.000000e-001
    endloop
  endfacet
  facet normal  -0.000000e+000  0.000000e+000 -9.999999e-001
    outer loop
      vertex  2.974075e+001  6.554179e+001 -8.000000e-001
      vertex  3.074710e+001  6.470116e+001 -8.000000e-001
      vertex  3.066357e+001  6.468595e+001 -8.000000e-001
    endloop
  endfacet
  facet normal  -0.000000e+000  0.000000e+000 -1.000000e+000
    outer loop
      vertex  2.974075e+001  6.554179e+001 -8.000000e-001
      vertex  3.066357e+001  6.468595e+001 -8.000000e-001
      vertex  3.057021e+001  6.468088e+001 -8.000000e-001
    endloop
  endfacet
  facet normal  0.000000e+000  0.000000e+000 -9.999999e-001
    outer loop
      vertex  2.974075e+001  6.554179e+001 -8.000000e-001
      vertex  3.057021e+001  6.468088e+001 -8.000000e-001
      vertex  2.974075e+001  6.468088e+001 -8.000000e-001
    endloop
  endfacet
  facet normal  0.000000e+000  0.000000e+000 -1.000000e+000
    outer loop
      vertex  3.106159e+001  6.674077e+001 -8.000000e-001
      vertex  3.106159e+001  6.518799e+001 -8.000000e-001
      vertex  3.040117e+001  6.554179e+001 -8.000000e-001
    endloop
  endfacet
  facet normal  0.000000e+000  0.000000e+000 -1.000000e+000
    outer loop
      vertex  3.106159e+001  6.674077e+001 -8.000000e-001
      vertex  3.040117e+001  6.554179e+001 -8.000000e-001
      vertex  3.040117e+001  6.638697e+001 -8.000000e-001
    endloop
  endfacet
  facet normal  0.000000e+000  0.000000e+000 -1.000000e+000
    outer loop
      vertex  3.106159e+001  6.674077e+001 -8.000000e-001
      vertex  3.040117e+001  6.638697e+001 -8.000000e-001
      vertex  2.928867e+001  6.638697e+001 -8.000000e-001
    endloop
  endfacet
  facet normal  0.000000e+000  0.000000e+000 -1.000000e+000
    outer loop
      vertex  3.106159e+001  6.674077e+001 -8.000000e-001
      vertex  2.928867e+001  6.638697e+001 -8.000000e-001
      vertex  2.870294e+001  6.638697e+001 -8.000000e-001
    endloop
  endfacet
  facet normal  0.000000e+000  0.000000e+000 -1.000000e+000
    outer loop
      vertex  2.904102e+001  6.468088e+001 -8.000000e-001
      vertex  2.758258e+001  6.468088e+001 -8.000000e-001
      vertex  2.928867e+001  6.492854e+001 -8.000000e-001
    endloop
  endfacet
  facet normal  -0.000000e+000  0.000000e+000 -1.000000e+000
    outer loop
      vertex  2.928867e+001  6.492854e+001 -8.000000e-001
      vertex  2.758258e+001  6.468088e+001 -8.000000e-001
      vertex  2.870294e+001  6.554179e+001 -8.000000e-001
    endloop
  endfacet
  facet normal  0.000000e+000  0.000000e+000 -1.000000e+000
    outer loop
      vertex  2.928867e+001  6.492854e+001 -8.000000e-001
      vertex  2.870294e+001  6.554179e+001 -8.000000e-001
      vertex  2.928867e+001  6.638697e+001 -8.000000e-001
    endloop
  endfacet
  facet normal  -0.000000e+000  0.000000e+000 -1.000000e+000
    outer loop
      vertex  2.928867e+001  6.638697e+001 -8.000000e-001
      vertex  2.870294e+001  6.554179e+001 -8.000000e-001
      vertex  2.870294e+001  6.638697e+001 -8.000000e-001
    endloop
  endfacet
  facet normal  0.000000e+000  1.000000e+000  0.000000e+000
    outer loop
      vertex  2.974075e+001  6.468088e+001 -8.000000e-001
      vertex  3.057021e+001  6.468088e+001 -8.000000e-001
      vertex  2.974075e+001  6.468088e+001 -1.200000e+000
    endloop
  endfacet
  facet normal  0.000000e+000  1.000000e+000  0.000000e+000
    outer loop
      vertex  2.974075e+001  6.468088e+001 -1.200000e+000
      vertex  3.057021e+001  6.468088e+001 -8.000000e-001
      vertex  3.057021e+001  6.468088e+001 -1.200000e+000
    endloop
  endfacet
  facet normal  0.000000e+000  0.000000e+000 -1.000000e+000
    outer loop
      vertex  2.784204e+001  5.925599e+001 -1.200000e+000
      vertex  2.784204e+001  6.010904e+001 -1.200000e+000
      vertex  3.031468e+001  5.925599e+001 -1.200000e+000
    endloop
  endfacet
  facet normal  0.000000e+000  0.000000e+000 -1.000000e+000
    outer loop
      vertex  3.031468e+001  5.925599e+001 -1.200000e+000
      vertex  2.784204e+001  6.010904e+001 -1.200000e+000
      vertex  3.031468e+001  6.010904e+001 -1.200000e+000
    endloop
  endfacet
  facet normal  0.000000e+000 -1.000000e+000  0.000000e+000
    outer loop
      vertex  3.106159e+001  5.598140e+001 -8.000000e-001
      vertex  2.784204e+001  5.598140e+001 -8.000000e-001
      vertex  3.106159e+001  5.598140e+001 -1.200000e+000
    endloop
  endfacet
  facet normal  0.000000e+000 -1.000000e+000  0.000000e+000
    outer loop
      vertex  3.106159e+001  5.598140e+001 -1.200000e+000
      vertex  2.784204e+001  5.598140e+001 -8.000000e-001
      vertex  2.784204e+001  5.598140e+001 -1.200000e+000
    endloop
  endfacet
  facet normal -9.998270e-001  1.860348e-002  0.000000e+000
    outer loop
      vertex  2.784204e+001  5.598140e+001 -8.000000e-001
      vertex  2.785776e+001  5.682659e+001 -8.000000e-001
      vertex  2.784204e+001  5.598140e+001 -1.200000e+000
    endloop
  endfacet
  facet normal -9.998270e-001  1.860348e-002  0.000000e+000
    outer loop
      vertex  2.784204e+001  5.598140e+001 -1.200000e+000
      vertex  2.785776e+001  5.682659e+001 -8.000000e-001
      vertex  2.785776e+001  5.682659e+001 -1.200000e+000
    endloop
  endfacet
  facet normal  0.000000e+000  1.000000e+000  0.000000e+000
    outer loop
      vertex  2.785776e+001  5.682659e+001 -8.000000e-001
      vertex  3.106159e+001  5.682659e+001 -8.000000e-001
      vertex  2.785776e+001  5.682659e+001 -1.200000e+000
    endloop
  endfacet
  facet normal  0.000000e+000  1.000000e+000  0.000000e+000
    outer loop
      vertex  2.785776e+001  5.682659e+001 -1.200000e+000
      vertex  3.106159e+001  5.682659e+001 -8.000000e-001
      vertex  3.106159e+001  5.682659e+001 -1.200000e+000
    endloop
  endfacet
  facet normal -1.000000e+000  -0.000000e+000  0.000000e+000
    outer loop
      vertex  3.106159e+001  5.682659e+001 -8.000000e-001
      vertex  3.106159e+001  5.772680e+001 -8.000000e-001
      vertex  3.106159e+001  5.682659e+001 -1.200000e+000
    endloop
  endfacet
  facet normal -1.000000e+000  0.000000e+000  0.000000e+000
    outer loop
      vertex  3.106159e+001  5.682659e+001 -1.200000e+000
      vertex  3.106159e+001  5.772680e+001 -8.000000e-001
      vertex  3.106159e+001  5.772680e+001 -1.200000e+000
    endloop
  endfacet
  facet normal  0.000000e+000 -1.000000e+000  0.000000e+000
    outer loop
      vertex  3.106159e+001  5.772680e+001 -8.000000e-001
      vertex  2.709120e+001  5.772680e+001 -8.000000e-001
      vertex  3.106159e+001  5.772680e+001 -1.200000e+000
    endloop
  endfacet
  facet normal  0.000000e+000 -1.000000e+000  0.000000e+000
    outer loop
      vertex  3.106159e+001  5.772680e+001 -1.200000e+000
      vertex  2.709120e+001  5.772680e+001 -8.000000e-001
      vertex  2.709120e+001  5.772680e+001 -1.200000e+000
    endloop
  endfacet
  facet normal  1.000000e+000  -0.000000e+000  0.000000e+000
    outer loop
      vertex  2.709120e+001  5.772680e+001 -8.000000e-001
      vertex  2.709120e+001  5.682659e+001 -8.000000e-001
      vertex  2.709120e+001  5.772680e+001 -1.200000e+000
    endloop
  endfacet
  facet normal  1.000000e+000  0.000000e+000  0.000000e+000
    outer loop
      vertex  2.709120e+001  5.772680e+001 -1.200000e+000
      vertex  2.709120e+001  5.682659e+001 -8.000000e-001
      vertex  2.709120e+001  5.682659e+001 -1.200000e+000
    endloop
  endfacet
  facet normal  0.000000e+000  1.000000e+000  0.000000e+000
    outer loop
      vertex  2.709120e+001  5.682659e+001 -8.000000e-001
      vertex  2.723665e+001  5.682659e+001 -8.000000e-001
      vertex  2.709120e+001  5.682659e+001 -1.200000e+000
    endloop
  endfacet
  facet normal  0.000000e+000  1.000000e+000  0.000000e+000
    outer loop
      vertex  2.709120e+001  5.682659e+001 -1.200000e+000
      vertex  2.723665e+001  5.682659e+001 -8.000000e-001
      vertex  2.723665e+001  5.682659e+001 -1.200000e+000
    endloop
  endfacet
  facet normal  9.871302e-001 -1.599189e-001  0.000000e+000
    outer loop
      vertex  2.723665e+001  5.682659e+001 -1.200000e+000
      vertex  2.723665e+001  5.682659e+001 -8.000000e-001
      vertex  2.722647e+001  5.676373e+001 -1.200000e+000
    endloop
  endfacet
  facet normal  9.871302e-001 -1.599189e-001  0.000000e+000
    outer loop
      vertex  2.722647e+001  5.676373e+001 -1.200000e+000
      vertex  2.723665e+001  5.682659e+001 -8.000000e-001
      vertex  2.722647e+001  5.676373e+001 -8.000000e-001
    endloop
  endfacet
  facet normal  9.872963e-001 -1.588901e-001  0.000000e+000
    outer loop
      vertex  2.722647e+001  5.676373e+001 -1.200000e+000
      vertex  2.722647e+001  5.676373e+001 -8.000000e-001
      vertex  2.721637e+001  5.670095e+001 -1.200000e+000
    endloop
  endfacet
  facet normal  9.872963e-001 -1.588901e-001  0.000000e+000
    outer loop
      vertex  2.721637e+001  5.670095e+001 -1.200000e+000
      vertex  2.722647e+001  5.676373e+001 -8.000000e-001
      vertex  2.721637e+001  5.670095e+001 -8.000000e-001
    endloop
  endfacet
  facet normal  9.874618e-001 -1.578581e-001  0.000000e+000
    outer loop
      vertex  2.721637e+001  5.670095e+001 -1.200000e+000
      vertex  2.721637e+001  5.670095e+001 -8.000000e-001
      vertex  2.720634e+001  5.663825e+001 -1.200000e+000
    endloop
  endfacet
  facet normal  9.874618e-001 -1.578581e-001  0.000000e+000
    outer loop
      vertex  2.720634e+001  5.663825e+001 -1.200000e+000
      vertex  2.721637e+001  5.670095e+001 -8.000000e-001
      vertex  2.720634e+001  5.663825e+001 -8.000000e-001
    endloop
  endfacet
  facet normal  9.876204e-001 -1.568630e-001  0.000000e+000
    outer loop
      vertex  2.720634e+001  5.663825e+001 -1.200000e+000
      vertex  2.720634e+001  5.663825e+001 -8.000000e-001
      vertex  2.719640e+001  5.657563e+001 -1.200000e+000
    endloop
  endfacet
  facet normal  9.876204e-001 -1.568630e-001  0.000000e+000
    outer loop
      vertex  2.719640e+001  5.657563e+001 -1.200000e+000
      vertex  2.720634e+001  5.663825e+001 -8.000000e-001
      vertex  2.719640e+001  5.657563e+001 -8.000000e-001
    endloop
  endfacet
  facet normal  9.877833e-001 -1.558342e-001  0.000000e+000
    outer loop
      vertex  2.719640e+001  5.657563e+001 -1.200000e+000
      vertex  2.719640e+001  5.657563e+001 -8.000000e-001
      vertex  2.718653e+001  5.651308e+001 -1.200000e+000
    endloop
  endfacet
  facet normal  9.877833e-001 -1.558342e-001  0.000000e+000
    outer loop
      vertex  2.718653e+001  5.651308e+001 -1.200000e+000
      vertex  2.719640e+001  5.657563e+001 -8.000000e-001
      vertex  2.718653e+001  5.651308e+001 -8.000000e-001
    endloop
  endfacet
  facet normal  9.879469e-001 -1.547928e-001  0.000000e+000
    outer loop
      vertex  2.718653e+001  5.651308e+001 -1.200000e+000
      vertex  2.718653e+001  5.651308e+001 -8.000000e-001
      vertex  2.717674e+001  5.645062e+001 -1.200000e+000
    endloop
  endfacet
  facet normal  9.879469e-001 -1.547928e-001  0.000000e+000
    outer loop
      vertex  2.717674e+001  5.645062e+001 -1.200000e+000
      vertex  2.718653e+001  5.651308e+001 -8.000000e-001
      vertex  2.717674e+001  5.645062e+001 -8.000000e-001
    endloop
  endfacet
  facet normal  9.881022e-001 -1.537981e-001  0.000000e+000
    outer loop
      vertex  2.717674e+001  5.645062e+001 -1.200000e+000
      vertex  2.717674e+001  5.645062e+001 -8.000000e-001
      vertex  2.716703e+001  5.638824e+001 -1.200000e+000
    endloop
  endfacet
  facet normal  9.881022e-001 -1.537981e-001  0.000000e+000
    outer loop
      vertex  2.716703e+001  5.638824e+001 -1.200000e+000
      vertex  2.717674e+001  5.645062e+001 -8.000000e-001
      vertex  2.716703e+001  5.638824e+001 -8.000000e-001
    endloop
  endfacet
  facet normal  9.882616e-001 -1.527709e-001  0.000000e+000
    outer loop
      vertex  2.716703e+001  5.638824e+001 -1.200000e+000
      vertex  2.716703e+001  5.638824e+001 -8.000000e-001
      vertex  2.715740e+001  5.632593e+001 -1.200000e+000
    endloop
  endfacet
  facet normal  9.882616e-001 -1.527709e-001  0.000000e+000
    outer loop
      vertex  2.715740e+001  5.632593e+001 -1.200000e+000
      vertex  2.716703e+001  5.638824e+001 -8.000000e-001
      vertex  2.715740e+001  5.632593e+001 -8.000000e-001
    endloop
  endfacet
  facet normal  9.884248e-001 -1.517112e-001  0.000000e+000
    outer loop
      vertex  2.715740e+001  5.632593e+001 -1.200000e+000
      vertex  2.715740e+001  5.632593e+001 -8.000000e-001
      vertex  2.714785e+001  5.626369e+001 -1.200000e+000
    endloop
  endfacet
  facet normal  9.884248e-001 -1.517112e-001  0.000000e+000
    outer loop
      vertex  2.714785e+001  5.626369e+001 -1.200000e+000
      vertex  2.715740e+001  5.632593e+001 -8.000000e-001
      vertex  2.714785e+001  5.626369e+001 -8.000000e-001
    endloop
  endfacet
  facet normal  9.885801e-001 -1.506960e-001  0.000000e+000
    outer loop
      vertex  2.714785e+001  5.626369e+001 -1.200000e+000
      vertex  2.714785e+001  5.626369e+001 -8.000000e-001
      vertex  2.713837e+001  5.620155e+001 -1.200000e+000
    endloop
  endfacet
  facet normal  9.885801e-001 -1.506960e-001  0.000000e+000
    outer loop
      vertex  2.713837e+001  5.620155e+001 -1.200000e+000
      vertex  2.714785e+001  5.626369e+001 -8.000000e-001
      vertex  2.713837e+001  5.620155e+001 -8.000000e-001
    endloop
  endfacet
  facet normal  9.877616e-001 -1.559715e-001  0.000000e+000
    outer loop
      vertex  2.713837e+001  5.620155e+001 -1.200000e+000
      vertex  2.713837e+001  5.620155e+001 -8.000000e-001
      vertex  2.712642e+001  5.612587e+001 -1.200000e+000
    endloop
  endfacet
  facet normal  9.877616e-001 -1.559715e-001  0.000000e+000
    outer loop
      vertex  2.712642e+001  5.612587e+001 -1.200000e+000
      vertex  2.713837e+001  5.620155e+001 -8.000000e-001
      vertex  2.712642e+001  5.612587e+001 -8.000000e-001
    endloop
  endfacet
  facet normal  9.894151e-001 -1.451125e-001  0.000000e+000
    outer loop
      vertex  2.712642e+001  5.612587e+001 -1.200000e+000
      vertex  2.712642e+001  5.612587e+001 -8.000000e-001
      vertex  2.711573e+001  5.605295e+001 -1.200000e+000
    endloop
  endfacet
  facet normal  9.894151e-001 -1.451125e-001  0.000000e+000
    outer loop
      vertex  2.711573e+001  5.605295e+001 -1.200000e+000
      vertex  2.712642e+001  5.612587e+001 -8.000000e-001
      vertex  2.711573e+001  5.605295e+001 -8.000000e-001
    endloop
  endfacet
  facet normal  9.910828e-001 -1.332471e-001  0.000000e+000
    outer loop
      vertex  2.711573e+001  5.605295e+001 -1.200000e+000
      vertex  2.711573e+001  5.605295e+001 -8.000000e-001
      vertex  2.710630e+001  5.598278e+001 -1.200000e+000
    endloop
  endfacet
  facet normal  9.910828e-001 -1.332471e-001  0.000000e+000
    outer loop
      vertex  2.710630e+001  5.598278e+001 -1.200000e+000
      vertex  2.711573e+001  5.605295e+001 -8.000000e-001
      vertex  2.710630e+001  5.598278e+001 -8.000000e-001
    endloop
  endfacet
  facet normal  9.927258e-001 -1.203976e-001  0.000000e+000
    outer loop
      vertex  2.710630e+001  5.598278e+001 -1.200000e+000
      vertex  2.710630e+001  5.598278e+001 -8.000000e-001
      vertex  2.709812e+001  5.591536e+001 -1.200000e+000
    endloop
  endfacet
  facet normal  9.927258e-001 -1.203976e-001  0.000000e+000
    outer loop
      vertex  2.709812e+001  5.591536e+001 -1.200000e+000
      vertex  2.710630e+001  5.598278e+001 -8.000000e-001
      vertex  2.709812e+001  5.591536e+001 -8.000000e-001
    endloop
  endfacet
  facet normal  9.943240e-001 -1.063944e-001  0.000000e+000
    outer loop
      vertex  2.709812e+001  5.591536e+001 -1.200000e+000
      vertex  2.709812e+001  5.591536e+001 -8.000000e-001
      vertex  2.709120e+001  5.585069e+001 -1.200000e+000
    endloop
  endfacet
  facet normal  9.943240e-001 -1.063944e-001  0.000000e+000
    outer loop
      vertex  2.709120e+001  5.585069e+001 -1.200000e+000
      vertex  2.709812e+001  5.591536e+001 -8.000000e-001
      vertex  2.709120e+001  5.585069e+001 -8.000000e-001
    endloop
  endfacet
  facet normal  9.958458e-001 -9.105577e-002  0.000000e+000
    outer loop
      vertex  2.709120e+001  5.585069e+001 -1.200000e+000
      vertex  2.709120e+001  5.585069e+001 -8.000000e-001
      vertex  2.708554e+001  5.578878e+001 -1.200000e+000
    endloop
  endfacet
  facet normal  9.958458e-001 -9.105577e-002  0.000000e+000
    outer loop
      vertex  2.708554e+001  5.578878e+001 -1.200000e+000
      vertex  2.709120e+001  5.585069e+001 -8.000000e-001
      vertex  2.708554e+001  5.578878e+001 -8.000000e-001
    endloop
  endfacet
  facet normal  9.972455e-001 -7.417130e-002  0.000000e+000
    outer loop
      vertex  2.708554e+001  5.578878e+001 -1.200000e+000
      vertex  2.708554e+001  5.578878e+001 -8.000000e-001
      vertex  2.708114e+001  5.572962e+001 -1.200000e+000
    endloop
  endfacet
  facet normal  9.972455e-001 -7.417130e-002  0.000000e+000
    outer loop
      vertex  2.708114e+001  5.572962e+001 -1.200000e+000
      vertex  2.708554e+001  5.578878e+001 -8.000000e-001
      vertex  2.708114e+001  5.572962e+001 -8.000000e-001
    endloop
  endfacet
  facet normal  9.984472e-001 -5.570562e-002  0.000000e+000
    outer loop
      vertex  2.708114e+001  5.572962e+001 -1.200000e+000
      vertex  2.708114e+001  5.572962e+001 -8.000000e-001
      vertex  2.707799e+001  5.567321e+001 -1.200000e+000
    endloop
  endfacet
  facet normal  9.984472e-001 -5.570562e-002  0.000000e+000
    outer loop
      vertex  2.707799e+001  5.567321e+001 -1.200000e+000
      vertex  2.708114e+001  5.572962e+001 -8.000000e-001
      vertex  2.707799e+001  5.567321e+001 -8.000000e-001
    endloop
  endfacet
  facet normal  9.993827e-001 -3.513399e-002  0.000000e+000
    outer loop
      vertex  2.707799e+001  5.567321e+001 -1.200000e+000
      vertex  2.707799e+001  5.567321e+001 -8.000000e-001
      vertex  2.707611e+001  5.561955e+001 -1.200000e+000
    endloop
  endfacet
  facet normal  9.993827e-001 -3.513399e-002  0.000000e+000
    outer loop
      vertex  2.707611e+001  5.561955e+001 -1.200000e+000
      vertex  2.707799e+001  5.567321e+001 -8.000000e-001
      vertex  2.707611e+001  5.561955e+001 -8.000000e-001
    endloop
  endfacet
  facet normal  9.999241e-001 -1.232485e-002  0.000000e+000
    outer loop
      vertex  2.707611e+001  5.561955e+001 -1.200000e+000
      vertex  2.707611e+001  5.561955e+001 -8.000000e-001
      vertex  2.707548e+001  5.556864e+001 -1.200000e+000
    endloop
  endfacet
  facet normal  9.999241e-001 -1.232485e-002  0.000000e+000
    outer loop
      vertex  2.707548e+001  5.556864e+001 -1.200000e+000
      vertex  2.707611e+001  5.561955e+001 -8.000000e-001
      vertex  2.707548e+001  5.556864e+001 -8.000000e-001
    endloop
  endfacet
  facet normal  9.986627e-001  5.170000e-002  0.000000e+000
    outer loop
      vertex  2.707548e+001  5.556864e+001 -1.200000e+000
      vertex  2.707548e+001  5.556864e+001 -8.000000e-001
      vertex  2.708031e+001  5.547528e+001 -1.200000e+000
    endloop
  endfacet
  facet normal  9.986627e-001  5.170000e-002  -0.000000e+000
    outer loop
      vertex  2.708031e+001  5.547528e+001 -1.200000e+000
      vertex  2.707548e+001  5.556864e+001 -8.000000e-001
      vertex  2.708031e+001  5.547528e+001 -8.000000e-001
    endloop
  endfacet
  facet normal  9.852574e-001  1.710782e-001  0.000000e+000
    outer loop
      vertex  2.708031e+001  5.547528e+001 -1.200000e+000
      vertex  2.708031e+001  5.547528e+001 -8.000000e-001
      vertex  2.709482e+001  5.539174e+001 -1.200000e+000
    endloop
  endfacet
  facet normal  9.852574e-001  1.710782e-001  -0.000000e+000
    outer loop
      vertex  2.709482e+001  5.539174e+001 -1.200000e+000
      vertex  2.708031e+001  5.547528e+001 -8.000000e-001
      vertex  2.709482e+001  5.539174e+001 -8.000000e-001
    endloop
  endfacet
  facet normal  9.501823e-001  3.116948e-001  0.000000e+000
    outer loop
      vertex  2.709482e+001  5.539174e+001 -1.200000e+000
      vertex  2.709482e+001  5.539174e+001 -8.000000e-001
      vertex  2.711899e+001  5.531804e+001 -1.200000e+000
    endloop
  endfacet
  facet normal  9.501823e-001  3.116948e-001  -0.000000e+000
    outer loop
      vertex  2.711899e+001  5.531804e+001 -1.200000e+000
      vertex  2.709482e+001  5.539174e+001 -8.000000e-001
      vertex  2.711899e+001  5.531804e+001 -8.000000e-001
    endloop
  endfacet
  facet normal  8.836474e-001  4.681531e-001  0.000000e+000
    outer loop
      vertex  2.711899e+001  5.531804e+001 -1.200000e+000
      vertex  2.711899e+001  5.531804e+001 -8.000000e-001
      vertex  2.715284e+001  5.525415e+001 -1.200000e+000
    endloop
  endfacet
  facet normal  8.836474e-001  4.681531e-001  -0.000000e+000
    outer loop
      vertex  2.715284e+001  5.525415e+001 -1.200000e+000
      vertex  2.711899e+001  5.531804e+001 -8.000000e-001
      vertex  2.715284e+001  5.525415e+001 -8.000000e-001
    endloop
  endfacet
  facet normal  7.789128e-001  6.271322e-001  0.000000e+000
    outer loop
      vertex  2.715284e+001  5.525415e+001 -1.200000e+000
      vertex  2.715284e+001  5.525415e+001 -8.000000e-001
      vertex  2.719636e+001  5.520010e+001 -1.200000e+000
    endloop
  endfacet
  facet normal  7.789128e-001  6.271322e-001  -0.000000e+000
    outer loop
      vertex  2.719636e+001  5.520010e+001 -1.200000e+000
      vertex  2.715284e+001  5.525415e+001 -8.000000e-001
      vertex  2.719636e+001  5.520010e+001 -8.000000e-001
    endloop
  endfacet
  facet normal  6.393324e-001  7.689305e-001  0.000000e+000
    outer loop
      vertex  2.719636e+001  5.520010e+001 -1.200000e+000
      vertex  2.719636e+001  5.520010e+001 -8.000000e-001
      vertex  2.724955e+001  5.515588e+001 -1.200000e+000
    endloop
  endfacet
  facet normal  6.393324e-001  7.689305e-001  -0.000000e+000
    outer loop
      vertex  2.724955e+001  5.515588e+001 -1.200000e+000
      vertex  2.719636e+001  5.520010e+001 -8.000000e-001
      vertex  2.724955e+001  5.515588e+001 -8.000000e-001
    endloop
  endfacet
  facet normal  4.800415e-001  8.772457e-001  0.000000e+000
    outer loop
      vertex  2.724955e+001  5.515588e+001 -1.200000e+000
      vertex  2.724955e+001  5.515588e+001 -8.000000e-001
      vertex  2.731240e+001  5.512148e+001 -1.200000e+000
    endloop
  endfacet
  facet normal  4.800415e-001  8.772457e-001  -0.000000e+000
    outer loop
      vertex  2.731240e+001  5.512148e+001 -1.200000e+000
      vertex  2.724955e+001  5.515588e+001 -8.000000e-001
      vertex  2.731240e+001  5.512148e+001 -8.000000e-001
    endloop
  endfacet
  facet normal  3.208643e-001  9.471251e-001  0.000000e+000
    outer loop
      vertex  2.731240e+001  5.512148e+001 -1.200000e+000
      vertex  2.731240e+001  5.512148e+001 -8.000000e-001
      vertex  2.738493e+001  5.509691e+001 -1.200000e+000
    endloop
  endfacet
  facet normal  3.208643e-001  9.471251e-001  -0.000000e+000
    outer loop
      vertex  2.738493e+001  5.509691e+001 -1.200000e+000
      vertex  2.731240e+001  5.512148e+001 -8.000000e-001
      vertex  2.738493e+001  5.509691e+001 -8.000000e-001
    endloop
  endfacet
  facet normal  1.765494e-001  9.842917e-001  0.000000e+000
    outer loop
      vertex  2.738493e+001  5.509691e+001 -1.200000e+000
      vertex  2.738493e+001  5.509691e+001 -8.000000e-001
      vertex  2.746713e+001  5.508217e+001 -1.200000e+000
    endloop
  endfacet
  facet normal  1.765494e-001  9.842917e-001  -0.000000e+000
    outer loop
      vertex  2.746713e+001  5.508217e+001 -1.200000e+000
      vertex  2.738493e+001  5.509691e+001 -8.000000e-001
      vertex  2.746713e+001  5.508217e+001 -8.000000e-001
    endloop
  endfacet
  facet normal -1.000000e+000  -0.000000e+000  0.000000e+000
    outer loop
      vertex  3.106159e+001  5.507726e+001 -8.000000e-001
      vertex  3.106159e+001  5.598140e+001 -8.000000e-001
      vertex  3.106159e+001  5.507726e+001 -1.200000e+000
    endloop
  endfacet
  facet normal -1.000000e+000  0.000000e+000  0.000000e+000
    outer loop
      vertex  3.106159e+001  5.507726e+001 -1.200000e+000
      vertex  3.106159e+001  5.598140e+001 -8.000000e-001
      vertex  3.106159e+001  5.598140e+001 -1.200000e+000
    endloop
  endfacet
  facet normal  5.336404e-002  9.985751e-001  0.000000e+000
    outer loop
      vertex  2.746713e+001  5.508217e+001 -1.200000e+000
      vertex  2.746713e+001  5.508217e+001 -8.000000e-001
      vertex  2.755900e+001  5.507726e+001 -1.200000e+000
    endloop
  endfacet
  facet normal  5.336404e-002  9.985751e-001  -0.000000e+000
    outer loop
      vertex  2.755900e+001  5.507726e+001 -1.200000e+000
      vertex  2.746713e+001  5.508217e+001 -8.000000e-001
      vertex  2.755900e+001  5.507726e+001 -8.000000e-001
    endloop
  endfacet
  facet normal  0.000000e+000  -0.000000e+000 -1.000000e+000
    outer loop
      vertex  2.709812e+001  5.591536e+001 -8.000000e-001
      vertex  2.710630e+001  5.598278e+001 -8.000000e-001
      vertex  2.784204e+001  5.598140e+001 -8.000000e-001
    endloop
  endfacet
  facet normal  0.000000e+000  0.000000e+000 -1.000000e+000
    outer loop
      vertex  3.106159e+001  5.507726e+001 -8.000000e-001
      vertex  2.755900e+001  5.507726e+001 -8.000000e-001
      vertex  2.746713e+001  5.508217e+001 -8.000000e-001
    endloop
  endfacet
  facet normal  0.000000e+000  0.000000e+000 -1.000000e+000
    outer loop
      vertex  3.106159e+001  5.507726e+001 -8.000000e-001
      vertex  2.746713e+001  5.508217e+001 -8.000000e-001
      vertex  2.738493e+001  5.509691e+001 -8.000000e-001
    endloop
  endfacet
  facet normal  0.000000e+000  0.000000e+000 -1.000000e+000
    outer loop
      vertex  3.106159e+001  5.507726e+001 -8.000000e-001
      vertex  2.738493e+001  5.509691e+001 -8.000000e-001
      vertex  2.731240e+001  5.512148e+001 -8.000000e-001
    endloop
  endfacet
  facet normal  0.000000e+000  0.000000e+000 -1.000000e+000
    outer loop
      vertex  3.106159e+001  5.507726e+001 -8.000000e-001
      vertex  2.731240e+001  5.512148e+001 -8.000000e-001
      vertex  2.724955e+001  5.515588e+001 -8.000000e-001
    endloop
  endfacet
  facet normal  0.000000e+000  0.000000e+000 -1.000000e+000
    outer loop
      vertex  3.106159e+001  5.507726e+001 -8.000000e-001
      vertex  2.724955e+001  5.515588e+001 -8.000000e-001
      vertex  2.719636e+001  5.520010e+001 -8.000000e-001
    endloop
  endfacet
  facet normal  0.000000e+000  0.000000e+000 -1.000000e+000
    outer loop
      vertex  3.106159e+001  5.507726e+001 -8.000000e-001
      vertex  2.719636e+001  5.520010e+001 -8.000000e-001
      vertex  2.715284e+001  5.525415e+001 -8.000000e-001
    endloop
  endfacet
  facet normal  0.000000e+000  0.000000e+000 -1.000000e+000
    outer loop
      vertex  3.106159e+001  5.507726e+001 -8.000000e-001
      vertex  2.715284e+001  5.525415e+001 -8.000000e-001
      vertex  2.711899e+001  5.531804e+001 -8.000000e-001
    endloop
  endfacet
  facet normal  0.000000e+000  0.000000e+000 -1.000000e+000
    outer loop
      vertex  3.106159e+001  5.507726e+001 -8.000000e-001
      vertex  2.711899e+001  5.531804e+001 -8.000000e-001
      vertex  2.709482e+001  5.539174e+001 -8.000000e-001
    endloop
  endfacet
  facet normal  0.000000e+000  0.000000e+000 -1.000000e+000
    outer loop
      vertex  3.106159e+001  5.507726e+001 -8.000000e-001
      vertex  2.709482e+001  5.539174e+001 -8.000000e-001
      vertex  2.708031e+001  5.547528e+001 -8.000000e-001
    endloop
  endfacet
  facet normal  0.000000e+000  0.000000e+000 -1.000000e+000
    outer loop
      vertex  3.106159e+001  5.507726e+001 -8.000000e-001
      vertex  2.708031e+001  5.547528e+001 -8.000000e-001
      vertex  2.707548e+001  5.556864e+001 -8.000000e-001
    endloop
  endfacet
  facet normal  0.000000e+000  0.000000e+000 -1.000000e+000
    outer loop
      vertex  3.106159e+001  5.507726e+001 -8.000000e-001
      vertex  2.707548e+001  5.556864e+001 -8.000000e-001
      vertex  2.707611e+001  5.561955e+001 -8.000000e-001
    endloop
  endfacet
  facet normal  0.000000e+000  0.000000e+000 -9.999999e-001
    outer loop
      vertex  3.106159e+001  5.507726e+001 -8.000000e-001
      vertex  2.707611e+001  5.561955e+001 -8.000000e-001
      vertex  3.106159e+001  5.598140e+001 -8.000000e-001
    endloop
  endfacet
  facet normal  0.000000e+000  0.000000e+000 -1.000000e+000
    outer loop
      vertex  3.106159e+001  5.598140e+001 -8.000000e-001
      vertex  2.707611e+001  5.561955e+001 -8.000000e-001
      vertex  2.707799e+001  5.567321e+001 -8.000000e-001
    endloop
  endfacet
  facet normal  0.000000e+000  0.000000e+000 -1.000000e+000
    outer loop
      vertex  3.106159e+001  5.598140e+001 -8.000000e-001
      vertex  2.707799e+001  5.567321e+001 -8.000000e-001
      vertex  2.708114e+001  5.572962e+001 -8.000000e-001
    endloop
  endfacet
  facet normal  0.000000e+000  0.000000e+000 -9.999999e-001
    outer loop
      vertex  3.106159e+001  5.598140e+001 -8.000000e-001
      vertex  2.708114e+001  5.572962e+001 -8.000000e-001
      vertex  2.708554e+001  5.578878e+001 -8.000000e-001
    endloop
  endfacet
  facet normal  0.000000e+000  0.000000e+000 -9.999999e-001
    outer loop
      vertex  3.106159e+001  5.598140e+001 -8.000000e-001
      vertex  2.708554e+001  5.578878e+001 -8.000000e-001
      vertex  2.709120e+001  5.585069e+001 -8.000000e-001
    endloop
  endfacet
  facet normal  0.000000e+000  0.000000e+000 -1.000000e+000
    outer loop
      vertex  3.106159e+001  5.598140e+001 -8.000000e-001
      vertex  2.709120e+001  5.585069e+001 -8.000000e-001
      vertex  2.709812e+001  5.591536e+001 -8.000000e-001
    endloop
  endfacet
  facet normal  0.000000e+000  0.000000e+000 -1.000000e+000
    outer loop
      vertex  3.106159e+001  5.598140e+001 -8.000000e-001
      vertex  2.709812e+001  5.591536e+001 -8.000000e-001
      vertex  2.784204e+001  5.598140e+001 -8.000000e-001
    endloop
  endfacet
  facet normal  0.000000e+000  0.000000e+000 -1.000000e+000
    outer loop
      vertex  2.785776e+001  5.682659e+001 -8.000000e-001
      vertex  2.784204e+001  5.598140e+001 -8.000000e-001
      vertex  2.710630e+001  5.598278e+001 -8.000000e-001
    endloop
  endfacet
  facet normal  0.000000e+000  0.000000e+000 -1.000000e+000
    outer loop
      vertex  2.785776e+001  5.682659e+001 -8.000000e-001
      vertex  2.710630e+001  5.598278e+001 -8.000000e-001
      vertex  2.711573e+001  5.605295e+001 -8.000000e-001
    endloop
  endfacet
  facet normal  0.000000e+000  0.000000e+000 -1.000000e+000
    outer loop
      vertex  2.785776e+001  5.682659e+001 -8.000000e-001
      vertex  2.711573e+001  5.605295e+001 -8.000000e-001
      vertex  2.712642e+001  5.612587e+001 -8.000000e-001
    endloop
  endfacet
  facet normal  0.000000e+000  0.000000e+000 -1.000000e+000
    outer loop
      vertex  2.785776e+001  5.682659e+001 -8.000000e-001
      vertex  2.712642e+001  5.612587e+001 -8.000000e-001
      vertex  2.713837e+001  5.620155e+001 -8.000000e-001
    endloop
  endfacet
  facet normal  0.000000e+000  0.000000e+000 -1.000000e+000
    outer loop
      vertex  2.785776e+001  5.682659e+001 -8.000000e-001
      vertex  2.713837e+001  5.620155e+001 -8.000000e-001
      vertex  2.714785e+001  5.626369e+001 -8.000000e-001
    endloop
  endfacet
  facet normal  0.000000e+000  0.000000e+000 -1.000000e+000
    outer loop
      vertex  2.785776e+001  5.682659e+001 -8.000000e-001
      vertex  2.714785e+001  5.626369e+001 -8.000000e-001
      vertex  2.715740e+001  5.632593e+001 -8.000000e-001
    endloop
  endfacet
  facet normal  0.000000e+000  0.000000e+000 -1.000000e+000
    outer loop
      vertex  2.785776e+001  5.682659e+001 -8.000000e-001
      vertex  2.715740e+001  5.632593e+001 -8.000000e-001
      vertex  2.716703e+001  5.638824e+001 -8.000000e-001
    endloop
  endfacet
  facet normal  0.000000e+000  0.000000e+000 -1.000000e+000
    outer loop
      vertex  2.785776e+001  5.682659e+001 -8.000000e-001
      vertex  2.716703e+001  5.638824e+001 -8.000000e-001
      vertex  2.717674e+001  5.645062e+001 -8.000000e-001
    endloop
  endfacet
  facet normal  0.000000e+000  0.000000e+000 -1.000000e+000
    outer loop
      vertex  2.785776e+001  5.682659e+001 -8.000000e-001
      vertex  2.717674e+001  5.645062e+001 -8.000000e-001
      vertex  2.718653e+001  5.651308e+001 -8.000000e-001
    endloop
  endfacet
  facet normal  0.000000e+000  0.000000e+000 -1.000000e+000
    outer loop
      vertex  2.785776e+001  5.682659e+001 -8.000000e-001
      vertex  2.718653e+001  5.651308e+001 -8.000000e-001
      vertex  2.719640e+001  5.657563e+001 -8.000000e-001
    endloop
  endfacet
  facet normal  0.000000e+000  0.000000e+000 -1.000000e+000
    outer loop
      vertex  2.785776e+001  5.682659e+001 -8.000000e-001
      vertex  2.719640e+001  5.657563e+001 -8.000000e-001
      vertex  2.720634e+001  5.663825e+001 -8.000000e-001
    endloop
  endfacet
  facet normal  0.000000e+000  0.000000e+000 -1.000000e+000
    outer loop
      vertex  2.785776e+001  5.682659e+001 -8.000000e-001
      vertex  2.720634e+001  5.663825e+001 -8.000000e-001
      vertex  2.721637e+001  5.670095e+001 -8.000000e-001
    endloop
  endfacet
  facet normal  0.000000e+000  0.000000e+000 -1.000000e+000
    outer loop
      vertex  2.785776e+001  5.682659e+001 -8.000000e-001
      vertex  2.721637e+001  5.670095e+001 -8.000000e-001
      vertex  2.722647e+001  5.676373e+001 -8.000000e-001
    endloop
  endfacet
  facet normal  0.000000e+000  0.000000e+000 -1.000000e+000
    outer loop
      vertex  2.785776e+001  5.682659e+001 -8.000000e-001
      vertex  2.722647e+001  5.676373e+001 -8.000000e-001
      vertex  2.723665e+001  5.682659e+001 -8.000000e-001
    endloop
  endfacet
  facet normal  -0.000000e+000  -0.000000e+000 -1.000000e+000
    outer loop
      vertex  2.709120e+001  5.772680e+001 -8.000000e-001
      vertex  3.106159e+001  5.772680e+001 -8.000000e-001
      vertex  3.106159e+001  5.682659e+001 -8.000000e-001
    endloop
  endfacet
  facet normal  0.000000e+000  0.000000e+000 -1.000000e+000
    outer loop
      vertex  2.709120e+001  5.772680e+001 -8.000000e-001
      vertex  3.106159e+001  5.682659e+001 -8.000000e-001
      vertex  2.785776e+001  5.682659e+001 -8.000000e-001
    endloop
  endfacet
  facet normal  0.000000e+000  0.000000e+000 -1.000000e+000
    outer loop
      vertex  2.709120e+001  5.772680e+001 -8.000000e-001
      vertex  2.785776e+001  5.682659e+001 -8.000000e-001
      vertex  2.723665e+001  5.682659e+001 -8.000000e-001
    endloop
  endfacet
  facet normal  0.000000e+000  0.000000e+000 -1.000000e+000
    outer loop
      vertex  2.709120e+001  5.772680e+001 -8.000000e-001
      vertex  2.723665e+001  5.682659e+001 -8.000000e-001
      vertex  2.709120e+001  5.682659e+001 -8.000000e-001
    endloop
  endfacet
  facet normal  0.000000e+000  1.000000e+000  0.000000e+000
    outer loop
      vertex  2.755900e+001  5.507726e+001 -8.000000e-001
      vertex  3.106159e+001  5.507726e+001 -8.000000e-001
      vertex  2.755900e+001  5.507726e+001 -1.200000e+000
    endloop
  endfacet
  facet normal  0.000000e+000  1.000000e+000  0.000000e+000
    outer loop
      vertex  2.755900e+001  5.507726e+001 -1.200000e+000
      vertex  3.106159e+001  5.507726e+001 -8.000000e-001
      vertex  3.106159e+001  5.507726e+001 -1.200000e+000
    endloop
  endfacet
  facet normal  0.000000e+000  0.000000e+000 -1.000000e+000
    outer loop
      vertex  2.775162e+001  6.554179e+001 -1.200000e+000
      vertex  2.775162e+001  6.638697e+001 -1.200000e+000
      vertex  2.870294e+001  6.554179e+001 -1.200000e+000
    endloop
  endfacet
  facet normal  0.000000e+000  0.000000e+000 -1.000000e+000
    outer loop
      vertex  2.870294e+001  6.554179e+001 -1.200000e+000
      vertex  2.775162e+001  6.638697e+001 -1.200000e+000
      vertex  2.870294e+001  6.638697e+001 -1.200000e+000
    endloop
  endfacet
  facet normal  0.000000e+000 -1.000000e+000  0.000000e+000
    outer loop
      vertex  2.870294e+001  5.272647e+001 -8.000000e-001
      vertex  2.775162e+001  5.272647e+001 -8.000000e-001
      vertex  2.870294e+001  5.272647e+001 -1.200000e+000
    endloop
  endfacet
  facet normal  0.000000e+000 -1.000000e+000  0.000000e+000
    outer loop
      vertex  2.870294e+001  5.272647e+001 -1.200000e+000
      vertex  2.775162e+001  5.272647e+001 -8.000000e-001
      vertex  2.775162e+001  5.272647e+001 -1.200000e+000
    endloop
  endfacet
  facet normal -1.000000e+000  -0.000000e+000  0.000000e+000
    outer loop
      vertex  2.775162e+001  5.272647e+001 -8.000000e-001
      vertex  2.775162e+001  5.357166e+001 -8.000000e-001
      vertex  2.775162e+001  5.272647e+001 -1.200000e+000
    endloop
  endfacet
  facet normal -1.000000e+000  0.000000e+000  0.000000e+000
    outer loop
      vertex  2.775162e+001  5.272647e+001 -1.200000e+000
      vertex  2.775162e+001  5.357166e+001 -8.000000e-001
      vertex  2.775162e+001  5.357166e+001 -1.200000e+000
    endloop
  endfacet
  facet normal  0.000000e+000  1.000000e+000  0.000000e+000
    outer loop
      vertex  2.775162e+001  5.357166e+001 -8.000000e-001
      vertex  2.870294e+001  5.357166e+001 -8.000000e-001
      vertex  2.775162e+001  5.357166e+001 -1.200000e+000
    endloop
  endfacet
  facet normal  0.000000e+000  1.000000e+000  0.000000e+000
    outer loop
      vertex  2.775162e+001  5.357166e+001 -1.200000e+000
      vertex  2.870294e+001  5.357166e+001 -8.000000e-001
      vertex  2.870294e+001  5.357166e+001 -1.200000e+000
    endloop
  endfacet
  facet normal  1.000000e+000  -0.000000e+000  0.000000e+000
    outer loop
      vertex  2.870294e+001  5.357166e+001 -8.000000e-001
      vertex  2.870294e+001  5.272647e+001 -8.000000e-001
      vertex  2.870294e+001  5.357166e+001 -1.200000e+000
    endloop
  endfacet
  facet normal  1.000000e+000  0.000000e+000  0.000000e+000
    outer loop
      vertex  2.870294e+001  5.357166e+001 -1.200000e+000
      vertex  2.870294e+001  5.272647e+001 -8.000000e-001
      vertex  2.870294e+001  5.272647e+001 -1.200000e+000
    endloop
  endfacet
  facet normal -1.792571e-001  9.838023e-001  0.000000e+000
    outer loop
      vertex  3.066357e+001  5.187063e+001 -1.200000e+000
      vertex  3.066357e+001  5.187063e+001 -8.000000e-001
      vertex  3.074710e+001  5.188585e+001 -1.200000e+000
    endloop
  endfacet
  facet normal -1.792571e-001  9.838023e-001  0.000000e+000
    outer loop
      vertex  3.074710e+001  5.188585e+001 -1.200000e+000
      vertex  3.066357e+001  5.187063e+001 -8.000000e-001
      vertex  3.074710e+001  5.188585e+001 -8.000000e-001
    endloop
  endfacet
  facet normal -3.252138e-001  9.456405e-001  0.000000e+000
    outer loop
      vertex  3.074710e+001  5.188585e+001 -1.200000e+000
      vertex  3.074710e+001  5.188585e+001 -8.000000e-001
      vertex  3.082081e+001  5.191120e+001 -1.200000e+000
    endloop
  endfacet
  facet normal -3.252138e-001  9.456405e-001  0.000000e+000
    outer loop
      vertex  3.082081e+001  5.191120e+001 -1.200000e+000
      vertex  3.074710e+001  5.188585e+001 -8.000000e-001
      vertex  3.082081e+001  5.191120e+001 -8.000000e-001
    endloop
  endfacet
  facet normal -4.858002e-001  8.740698e-001  0.000000e+000
    outer loop
      vertex  3.082081e+001  5.191120e+001 -1.200000e+000
      vertex  3.082081e+001  5.191120e+001 -8.000000e-001
      vertex  3.088469e+001  5.194670e+001 -1.200000e+000
    endloop
  endfacet
  facet normal -4.858002e-001  8.740698e-001  0.000000e+000
    outer loop
      vertex  3.088469e+001  5.194670e+001 -1.200000e+000
      vertex  3.082081e+001  5.191120e+001 -8.000000e-001
      vertex  3.088469e+001  5.194670e+001 -8.000000e-001
    endloop
  endfacet
  facet normal -6.451249e-001  7.640772e-001  0.000000e+000
    outer loop
      vertex  3.088469e+001  5.194670e+001 -1.200000e+000
      vertex  3.088469e+001  5.194670e+001 -8.000000e-001
      vertex  3.093875e+001  5.199234e+001 -1.200000e+000
    endloop
  endfacet
  facet normal -6.451249e-001  7.640772e-001  0.000000e+000
    outer loop
      vertex  3.093875e+001  5.199234e+001 -1.200000e+000
      vertex  3.088469e+001  5.194670e+001 -8.000000e-001
      vertex  3.093875e+001  5.199234e+001 -8.000000e-001
    endloop
  endfacet
  facet normal -7.835957e-001  6.212711e-001  0.000000e+000
    outer loop
      vertex  3.093875e+001  5.199234e+001 -1.200000e+000
      vertex  3.093875e+001  5.199234e+001 -8.000000e-001
      vertex  3.098297e+001  5.204812e+001 -1.200000e+000
    endloop
  endfacet
  facet normal -7.835957e-001  6.212711e-001  0.000000e+000
    outer loop
      vertex  3.098297e+001  5.204812e+001 -1.200000e+000
      vertex  3.093875e+001  5.199234e+001 -8.000000e-001
      vertex  3.098297e+001  5.204812e+001 -8.000000e-001
    endloop
  endfacet
  facet normal -8.865894e-001  4.625572e-001  0.000000e+000
    outer loop
      vertex  3.098297e+001  5.204812e+001 -1.200000e+000
      vertex  3.098297e+001  5.204812e+001 -8.000000e-001
      vertex  3.101737e+001  5.211405e+001 -1.200000e+000
    endloop
  endfacet
  facet normal -8.865894e-001  4.625572e-001  0.000000e+000
    outer loop
      vertex  3.101737e+001  5.211405e+001 -1.200000e+000
      vertex  3.098297e+001  5.204812e+001 -8.000000e-001
      vertex  3.101737e+001  5.211405e+001 -8.000000e-001
    endloop
  endfacet
  facet normal -9.516006e-001  3.073374e-001  0.000000e+000
    outer loop
      vertex  3.101737e+001  5.211405e+001 -1.200000e+000
      vertex  3.101737e+001  5.211405e+001 -8.000000e-001
      vertex  3.104193e+001  5.219012e+001 -1.200000e+000
    endloop
  endfacet
  facet normal -9.516006e-001  3.073374e-001  0.000000e+000
    outer loop
      vertex  3.104193e+001  5.219012e+001 -1.200000e+000
      vertex  3.101737e+001  5.211405e+001 -8.000000e-001
      vertex  3.104193e+001  5.219012e+001 -8.000000e-001
    endloop
  endfacet
  facet normal -9.856871e-001  1.685849e-001  0.000000e+000
    outer loop
      vertex  3.104193e+001  5.219012e+001 -1.200000e+000
      vertex  3.104193e+001  5.219012e+001 -8.000000e-001
      vertex  3.105668e+001  5.227632e+001 -1.200000e+000
    endloop
  endfacet
  facet normal -9.856871e-001  1.685849e-001  0.000000e+000
    outer loop
      vertex  3.105668e+001  5.227632e+001 -1.200000e+000
      vertex  3.104193e+001  5.219012e+001 -8.000000e-001
      vertex  3.105668e+001  5.227632e+001 -8.000000e-001
    endloop
  endfacet
  facet normal -9.987024e-001  5.092556e-002  0.000000e+000
    outer loop
      vertex  3.105668e+001  5.227632e+001 -1.200000e+000
      vertex  3.105668e+001  5.227632e+001 -8.000000e-001
      vertex  3.106159e+001  5.237268e+001 -1.200000e+000
    endloop
  endfacet
  facet normal -9.987024e-001  5.092556e-002  0.000000e+000
    outer loop
      vertex  3.106159e+001  5.237268e+001 -1.200000e+000
      vertex  3.105668e+001  5.227632e+001 -8.000000e-001
      vertex  3.106159e+001  5.237268e+001 -8.000000e-001
    endloop
  endfacet
  facet normal -1.000000e+000  -0.000000e+000  0.000000e+000
    outer loop
      vertex  3.106159e+001  5.237268e+001 -8.000000e-001
      vertex  3.106159e+001  5.392545e+001 -8.000000e-001
      vertex  3.106159e+001  5.237268e+001 -1.200000e+000
    endloop
  endfacet
  facet normal -1.000000e+000  0.000000e+000  0.000000e+000
    outer loop
      vertex  3.106159e+001  5.237268e+001 -1.200000e+000
      vertex  3.106159e+001  5.392545e+001 -8.000000e-001
      vertex  3.106159e+001  5.392545e+001 -1.200000e+000
    endloop
  endfacet
  facet normal -9.987024e-001 -5.092758e-002  -0.000000e+000
    outer loop
      vertex  3.106159e+001  5.392545e+001 -1.200000e+000
      vertex  3.106159e+001  5.392545e+001 -8.000000e-001
      vertex  3.105668e+001  5.402180e+001 -1.200000e+000
    endloop
  endfacet
  facet normal -9.987024e-001 -5.092758e-002  0.000000e+000
    outer loop
      vertex  3.105668e+001  5.402180e+001 -1.200000e+000
      vertex  3.106159e+001  5.392545e+001 -8.000000e-001
      vertex  3.105668e+001  5.402180e+001 -8.000000e-001
    endloop
  endfacet
  facet normal -9.856883e-001 -1.685776e-001  -0.000000e+000
    outer loop
      vertex  3.105668e+001  5.402180e+001 -1.200000e+000
      vertex  3.105668e+001  5.402180e+001 -8.000000e-001
      vertex  3.104193e+001  5.410801e+001 -1.200000e+000
    endloop
  endfacet
  facet normal -9.856883e-001 -1.685776e-001  0.000000e+000
    outer loop
      vertex  3.104193e+001  5.410801e+001 -1.200000e+000
      vertex  3.105668e+001  5.402180e+001 -8.000000e-001
      vertex  3.104193e+001  5.410801e+001 -8.000000e-001
    endloop
  endfacet
  facet normal -9.516006e-001 -3.073374e-001  -0.000000e+000
    outer loop
      vertex  3.104193e+001  5.410801e+001 -1.200000e+000
      vertex  3.104193e+001  5.410801e+001 -8.000000e-001
      vertex  3.101737e+001  5.418407e+001 -1.200000e+000
    endloop
  endfacet
  facet normal -9.516006e-001 -3.073374e-001  0.000000e+000
    outer loop
      vertex  3.101737e+001  5.418407e+001 -1.200000e+000
      vertex  3.104193e+001  5.410801e+001 -8.000000e-001
      vertex  3.101737e+001  5.418407e+001 -8.000000e-001
    endloop
  endfacet
  facet normal -8.865785e-001 -4.625783e-001  -0.000000e+000
    outer loop
      vertex  3.101737e+001  5.418407e+001 -1.200000e+000
      vertex  3.101737e+001  5.418407e+001 -8.000000e-001
      vertex  3.098297e+001  5.425000e+001 -1.200000e+000
    endloop
  endfacet
  facet normal -8.865785e-001 -4.625783e-001  0.000000e+000
    outer loop
      vertex  3.098297e+001  5.425000e+001 -1.200000e+000
      vertex  3.101737e+001  5.418407e+001 -8.000000e-001
      vertex  3.098297e+001  5.425000e+001 -8.000000e-001
    endloop
  endfacet
  facet normal -7.836165e-001 -6.212450e-001  -0.000000e+000
    outer loop
      vertex  3.098297e+001  5.425000e+001 -1.200000e+000
      vertex  3.098297e+001  5.425000e+001 -8.000000e-001
      vertex  3.093875e+001  5.430578e+001 -1.200000e+000
    endloop
  endfacet
  facet normal -7.836165e-001 -6.212450e-001  0.000000e+000
    outer loop
      vertex  3.093875e+001  5.430578e+001 -1.200000e+000
      vertex  3.098297e+001  5.425000e+001 -8.000000e-001
      vertex  3.093875e+001  5.430578e+001 -8.000000e-001
    endloop
  endfacet
  facet normal -6.451249e-001 -7.640772e-001  -0.000000e+000
    outer loop
      vertex  3.093875e+001  5.430578e+001 -1.200000e+000
      vertex  3.093875e+001  5.430578e+001 -8.000000e-001
      vertex  3.088469e+001  5.435142e+001 -1.200000e+000
    endloop
  endfacet
  facet normal -6.451249e-001 -7.640772e-001  0.000000e+000
    outer loop
      vertex  3.088469e+001  5.435142e+001 -1.200000e+000
      vertex  3.093875e+001  5.430578e+001 -8.000000e-001
      vertex  3.088469e+001  5.435142e+001 -8.000000e-001
    endloop
  endfacet
  facet normal -4.858002e-001 -8.740698e-001  -0.000000e+000
    outer loop
      vertex  3.088469e+001  5.435142e+001 -1.200000e+000
      vertex  3.088469e+001  5.435142e+001 -8.000000e-001
      vertex  3.082081e+001  5.438692e+001 -1.200000e+000
    endloop
  endfacet
  facet normal -4.858002e-001 -8.740698e-001  0.000000e+000
    outer loop
      vertex  3.082081e+001  5.438692e+001 -1.200000e+000
      vertex  3.088469e+001  5.435142e+001 -8.000000e-001
      vertex  3.082081e+001  5.438692e+001 -8.000000e-001
    endloop
  endfacet
  facet normal -3.252138e-001 -9.456405e-001  -0.000000e+000
    outer loop
      vertex  3.082081e+001  5.438692e+001 -1.200000e+000
      vertex  3.082081e+001  5.438692e+001 -8.000000e-001
      vertex  3.074710e+001  5.441227e+001 -1.200000e+000
    endloop
  endfacet
  facet normal -3.252138e-001 -9.456405e-001  0.000000e+000
    outer loop
      vertex  3.074710e+001  5.441227e+001 -1.200000e+000
      vertex  3.082081e+001  5.438692e+001 -8.000000e-001
      vertex  3.074710e+001  5.441227e+001 -8.000000e-001
    endloop
  endfacet
  facet normal -1.792136e-001 -9.838102e-001  -0.000000e+000
    outer loop
      vertex  3.074710e+001  5.441227e+001 -1.200000e+000
      vertex  3.074710e+001  5.441227e+001 -8.000000e-001
      vertex  3.066357e+001  5.442749e+001 -1.200000e+000
    endloop
  endfacet
  facet normal -1.792136e-001 -9.838102e-001  0.000000e+000
    outer loop
      vertex  3.066357e+001  5.442749e+001 -1.200000e+000
      vertex  3.074710e+001  5.441227e+001 -8.000000e-001
      vertex  3.066357e+001  5.442749e+001 -8.000000e-001
    endloop
  endfacet
  facet normal -5.417975e-002 -9.985312e-001  -0.000000e+000
    outer loop
      vertex  3.066357e+001  5.442749e+001 -1.200000e+000
      vertex  3.066357e+001  5.442749e+001 -8.000000e-001
      vertex  3.057021e+001  5.443256e+001 -1.200000e+000
    endloop
  endfacet
  facet normal -5.417975e-002 -9.985312e-001  0.000000e+000
    outer loop
      vertex  3.057021e+001  5.443256e+001 -1.200000e+000
      vertex  3.066357e+001  5.442749e+001 -8.000000e-001
      vertex  3.057021e+001  5.443256e+001 -8.000000e-001
    endloop
  endfacet
  facet normal  0.000000e+000 -1.000000e+000  0.000000e+000
    outer loop
      vertex  3.057021e+001  5.443256e+001 -8.000000e-001
      vertex  2.758258e+001  5.443256e+001 -8.000000e-001
      vertex  3.057021e+001  5.443256e+001 -1.200000e+000
    endloop
  endfacet
  facet normal  0.000000e+000 -1.000000e+000  0.000000e+000
    outer loop
      vertex  3.057021e+001  5.443256e+001 -1.200000e+000
      vertex  2.758258e+001  5.443256e+001 -8.000000e-001
      vertex  2.758258e+001  5.443256e+001 -1.200000e+000
    endloop
  endfacet
  facet normal  5.418196e-002 -9.985310e-001  0.000000e+000
    outer loop
      vertex  2.758258e+001  5.443256e+001 -1.200000e+000
      vertex  2.758258e+001  5.443256e+001 -8.000000e-001
      vertex  2.748922e+001  5.442749e+001 -1.200000e+000
    endloop
  endfacet
  facet normal  5.418196e-002 -9.985310e-001  0.000000e+000
    outer loop
      vertex  2.748922e+001  5.442749e+001 -1.200000e+000
      vertex  2.758258e+001  5.443256e+001 -8.000000e-001
      vertex  2.748922e+001  5.442749e+001 -8.000000e-001
    endloop
  endfacet
  facet normal  1.792136e-001 -9.838102e-001  0.000000e+000
    outer loop
      vertex  2.748922e+001  5.442749e+001 -1.200000e+000
      vertex  2.748922e+001  5.442749e+001 -8.000000e-001
      vertex  2.740569e+001  5.441227e+001 -1.200000e+000
    endloop
  endfacet
  facet normal  1.792136e-001 -9.838102e-001  0.000000e+000
    outer loop
      vertex  2.740569e+001  5.441227e+001 -1.200000e+000
      vertex  2.748922e+001  5.442749e+001 -8.000000e-001
      vertex  2.740569e+001  5.441227e+001 -8.000000e-001
    endloop
  endfacet
  facet normal  3.252063e-001 -9.456431e-001  0.000000e+000
    outer loop
      vertex  2.740569e+001  5.441227e+001 -1.200000e+000
      vertex  2.740569e+001  5.441227e+001 -8.000000e-001
      vertex  2.733198e+001  5.438692e+001 -1.200000e+000
    endloop
  endfacet
  facet normal  3.252063e-001 -9.456431e-001  0.000000e+000
    outer loop
      vertex  2.733198e+001  5.438692e+001 -1.200000e+000
      vertex  2.740569e+001  5.441227e+001 -8.000000e-001
      vertex  2.733198e+001  5.438692e+001 -8.000000e-001
    endloop
  endfacet
  facet normal  4.857891e-001 -8.740759e-001  0.000000e+000
    outer loop
      vertex  2.733198e+001  5.438692e+001 -1.200000e+000
      vertex  2.733198e+001  5.438692e+001 -8.000000e-001
      vertex  2.726810e+001  5.435142e+001 -1.200000e+000
    endloop
  endfacet
  facet normal  4.857891e-001 -8.740759e-001  0.000000e+000
    outer loop
      vertex  2.726810e+001  5.435142e+001 -1.200000e+000
      vertex  2.733198e+001  5.438692e+001 -8.000000e-001
      vertex  2.726810e+001  5.435142e+001 -8.000000e-001
    endloop
  endfacet
  facet normal  6.451514e-001 -7.640547e-001  0.000000e+000
    outer loop
      vertex  2.726810e+001  5.435142e+001 -1.200000e+000
      vertex  2.726810e+001  5.435142e+001 -8.000000e-001
      vertex  2.721405e+001  5.430578e+001 -1.200000e+000
    endloop
  endfacet
  facet normal  6.451514e-001 -7.640547e-001  0.000000e+000
    outer loop
      vertex  2.721405e+001  5.430578e+001 -1.200000e+000
      vertex  2.726810e+001  5.435142e+001 -8.000000e-001
      vertex  2.721405e+001  5.430578e+001 -8.000000e-001
    endloop
  endfacet
  facet normal  7.836034e-001 -6.212614e-001  0.000000e+000
    outer loop
      vertex  2.721405e+001  5.430578e+001 -1.200000e+000
      vertex  2.721405e+001  5.430578e+001 -8.000000e-001
      vertex  2.716982e+001  5.425000e+001 -1.200000e+000
    endloop
  endfacet
  facet normal  7.836034e-001 -6.212614e-001  0.000000e+000
    outer loop
      vertex  2.716982e+001  5.425000e+001 -1.200000e+000
      vertex  2.721405e+001  5.430578e+001 -8.000000e-001
      vertex  2.716982e+001  5.425000e+001 -8.000000e-001
    endloop
  endfacet
  facet normal  8.865889e-001 -4.625581e-001  0.000000e+000
    outer loop
      vertex  2.716982e+001  5.425000e+001 -1.200000e+000
      vertex  2.716982e+001  5.425000e+001 -8.000000e-001
      vertex  2.713543e+001  5.418407e+001 -1.200000e+000
    endloop
  endfacet
  facet normal  8.865889e-001 -4.625581e-001  0.000000e+000
    outer loop
      vertex  2.713543e+001  5.418407e+001 -1.200000e+000
      vertex  2.716982e+001  5.425000e+001 -8.000000e-001
      vertex  2.713543e+001  5.418407e+001 -8.000000e-001
    endloop
  endfacet
  facet normal  9.515867e-001 -3.073806e-001  0.000000e+000
    outer loop
      vertex  2.713543e+001  5.418407e+001 -1.200000e+000
      vertex  2.713543e+001  5.418407e+001 -8.000000e-001
      vertex  2.711086e+001  5.410801e+001 -1.200000e+000
    endloop
  endfacet
  facet normal  9.515867e-001 -3.073806e-001  0.000000e+000
    outer loop
      vertex  2.711086e+001  5.410801e+001 -1.200000e+000
      vertex  2.713543e+001  5.418407e+001 -8.000000e-001
      vertex  2.711086e+001  5.410801e+001 -8.000000e-001
    endloop
  endfacet
  facet normal  9.856883e-001 -1.685776e-001  0.000000e+000
    outer loop
      vertex  2.711086e+001  5.410801e+001 -1.200000e+000
      vertex  2.711086e+001  5.410801e+001 -8.000000e-001
      vertex  2.709611e+001  5.402180e+001 -1.200000e+000
    endloop
  endfacet
  facet normal  9.856883e-001 -1.685776e-001  0.000000e+000
    outer loop
      vertex  2.709611e+001  5.402180e+001 -1.200000e+000
      vertex  2.711086e+001  5.410801e+001 -8.000000e-001
      vertex  2.709611e+001  5.402180e+001 -8.000000e-001
    endloop
  endfacet
  facet normal  9.987024e-001 -5.092758e-002  0.000000e+000
    outer loop
      vertex  2.709611e+001  5.402180e+001 -1.200000e+000
      vertex  2.709611e+001  5.402180e+001 -8.000000e-001
      vertex  2.709120e+001  5.392545e+001 -1.200000e+000
    endloop
  endfacet
  facet normal  9.987024e-001 -5.092758e-002  0.000000e+000
    outer loop
      vertex  2.709120e+001  5.392545e+001 -1.200000e+000
      vertex  2.709611e+001  5.402180e+001 -8.000000e-001
      vertex  2.709120e+001  5.392545e+001 -8.000000e-001
    endloop
  endfacet
  facet normal  1.000000e+000  -0.000000e+000  0.000000e+000
    outer loop
      vertex  2.709120e+001  5.392545e+001 -8.000000e-001
      vertex  2.709120e+001  5.237268e+001 -8.000000e-001
      vertex  2.709120e+001  5.392545e+001 -1.200000e+000
    endloop
  endfacet
  facet normal  1.000000e+000  0.000000e+000  0.000000e+000
    outer loop
      vertex  2.709120e+001  5.392545e+001 -1.200000e+000
      vertex  2.709120e+001  5.237268e+001 -8.000000e-001
      vertex  2.709120e+001  5.237268e+001 -1.200000e+000
    endloop
  endfacet
  facet normal  9.987004e-001  5.096500e-002  0.000000e+000
    outer loop
      vertex  2.709120e+001  5.237268e+001 -1.200000e+000
      vertex  2.709120e+001  5.237268e+001 -8.000000e-001
      vertex  2.709612e+001  5.227632e+001 -1.200000e+000
    endloop
  endfacet
  facet normal  9.987004e-001  5.096500e-002  -0.000000e+000
    outer loop
      vertex  2.709612e+001  5.227632e+001 -1.200000e+000
      vertex  2.709120e+001  5.237268e+001 -8.000000e-001
      vertex  2.709612e+001  5.227632e+001 -8.000000e-001
    endloop
  endfacet
  facet normal  9.856943e-001  1.685425e-001  0.000000e+000
    outer loop
      vertex  2.709612e+001  5.227632e+001 -1.200000e+000
      vertex  2.709612e+001  5.227632e+001 -8.000000e-001
      vertex  2.711086e+001  5.219012e+001 -1.200000e+000
    endloop
  endfacet
  facet normal  9.856943e-001  1.685425e-001  -0.000000e+000
    outer loop
      vertex  2.711086e+001  5.219012e+001 -1.200000e+000
      vertex  2.709612e+001  5.227632e+001 -8.000000e-001
      vertex  2.711086e+001  5.219012e+001 -8.000000e-001
    endloop
  endfacet
  facet normal  9.515867e-001  3.073806e-001  0.000000e+000
    outer loop
      vertex  2.711086e+001  5.219012e+001 -1.200000e+000
      vertex  2.711086e+001  5.219012e+001 -8.000000e-001
      vertex  2.713543e+001  5.211405e+001 -1.200000e+000
    endloop
  endfacet
  facet normal  9.515867e-001  3.073806e-001  -0.000000e+000
    outer loop
      vertex  2.713543e+001  5.211405e+001 -1.200000e+000
      vertex  2.711086e+001  5.219012e+001 -8.000000e-001
      vertex  2.713543e+001  5.211405e+001 -8.000000e-001
    endloop
  endfacet
  facet normal  8.865999e-001  4.625371e-001  0.000000e+000
    outer loop
      vertex  2.713543e+001  5.211405e+001 -1.200000e+000
      vertex  2.713543e+001  5.211405e+001 -8.000000e-001
      vertex  2.716982e+001  5.204812e+001 -1.200000e+000
    endloop
  endfacet
  facet normal  8.865999e-001  4.625371e-001  -0.000000e+000
    outer loop
      vertex  2.716982e+001  5.204812e+001 -1.200000e+000
      vertex  2.713543e+001  5.211405e+001 -8.000000e-001
      vertex  2.716982e+001  5.204812e+001 -8.000000e-001
    endloop
  endfacet
  facet normal  7.835827e-001  6.212876e-001  0.000000e+000
    outer loop
      vertex  2.716982e+001  5.204812e+001 -1.200000e+000
      vertex  2.716982e+001  5.204812e+001 -8.000000e-001
      vertex  2.721405e+001  5.199234e+001 -1.200000e+000
    endloop
  endfacet
  facet normal  7.835827e-001  6.212876e-001  -0.000000e+000
    outer loop
      vertex  2.721405e+001  5.199234e+001 -1.200000e+000
      vertex  2.716982e+001  5.204812e+001 -8.000000e-001
      vertex  2.721405e+001  5.199234e+001 -8.000000e-001
    endloop
  endfacet
  facet normal  6.451514e-001  7.640547e-001  0.000000e+000
    outer loop
      vertex  2.721405e+001  5.199234e+001 -1.200000e+000
      vertex  2.721405e+001  5.199234e+001 -8.000000e-001
      vertex  2.726810e+001  5.194670e+001 -1.200000e+000
    endloop
  endfacet
  facet normal  6.451514e-001  7.640547e-001  -0.000000e+000
    outer loop
      vertex  2.726810e+001  5.194670e+001 -1.200000e+000
      vertex  2.721405e+001  5.199234e+001 -8.000000e-001
      vertex  2.726810e+001  5.194670e+001 -8.000000e-001
    endloop
  endfacet
  facet normal  4.857891e-001  8.740759e-001  0.000000e+000
    outer loop
      vertex  2.726810e+001  5.194670e+001 -1.200000e+000
      vertex  2.726810e+001  5.194670e+001 -8.000000e-001
      vertex  2.733198e+001  5.191120e+001 -1.200000e+000
    endloop
  endfacet
  facet normal  4.857891e-001  8.740759e-001  -0.000000e+000
    outer loop
      vertex  2.733198e+001  5.191120e+001 -1.200000e+000
      vertex  2.726810e+001  5.194670e+001 -8.000000e-001
      vertex  2.733198e+001  5.191120e+001 -8.000000e-001
    endloop
  endfacet
  facet normal  3.252063e-001  9.456431e-001  0.000000e+000
    outer loop
      vertex  2.733198e+001  5.191120e+001 -1.200000e+000
      vertex  2.733198e+001  5.191120e+001 -8.000000e-001
      vertex  2.740569e+001  5.188585e+001 -1.200000e+000
    endloop
  endfacet
  facet normal  3.252063e-001  9.456431e-001  -0.000000e+000
    outer loop
      vertex  2.740569e+001  5.188585e+001 -1.200000e+000
      vertex  2.733198e+001  5.191120e+001 -8.000000e-001
      vertex  2.740569e+001  5.188585e+001 -8.000000e-001
    endloop
  endfacet
  facet normal  1.792571e-001  9.838023e-001  0.000000e+000
    outer loop
      vertex  2.740569e+001  5.188585e+001 -1.200000e+000
      vertex  2.740569e+001  5.188585e+001 -8.000000e-001
      vertex  2.748922e+001  5.187063e+001 -1.200000e+000
    endloop
  endfacet
  facet normal  1.792571e-001  9.838023e-001  -0.000000e+000
    outer loop
      vertex  2.748922e+001  5.187063e+001 -1.200000e+000
      vertex  2.740569e+001  5.188585e+001 -8.000000e-001
      vertex  2.748922e+001  5.187063e+001 -8.000000e-001
    endloop
  endfacet
  facet normal  5.418196e-002  9.985310e-001  0.000000e+000
    outer loop
      vertex  2.748922e+001  5.187063e+001 -1.200000e+000
      vertex  2.748922e+001  5.187063e+001 -8.000000e-001
      vertex  2.758258e+001  5.186557e+001 -1.200000e+000
    endloop
  endfacet
  facet normal  5.418196e-002  9.985310e-001  -0.000000e+000
    outer loop
      vertex  2.758258e+001  5.186557e+001 -1.200000e+000
      vertex  2.748922e+001  5.187063e+001 -8.000000e-001
      vertex  2.758258e+001  5.186557e+001 -8.000000e-001
    endloop
  endfacet
  facet normal  0.000000e+000  9.999999e-001  0.000000e+000
    outer loop
      vertex  2.758258e+001  5.186557e+001 -8.000000e-001
      vertex  2.904102e+001  5.186557e+001 -8.000000e-001
      vertex  2.758258e+001  5.186557e+001 -1.200000e+000
    endloop
  endfacet
  facet normal  0.000000e+000  9.999999e-001  0.000000e+000
    outer loop
      vertex  2.758258e+001  5.186557e+001 -1.200000e+000
      vertex  2.904102e+001  5.186557e+001 -8.000000e-001
      vertex  2.904102e+001  5.186557e+001 -1.200000e+000
    endloop
  endfacet
  facet normal -7.071095e-001  7.071040e-001  0.000000e+000
    outer loop
      vertex  2.904102e+001  5.186557e+001 -1.200000e+000
      vertex  2.904102e+001  5.186557e+001 -8.000000e-001
      vertex  2.928867e+001  5.211322e+001 -1.200000e+000
    endloop
  endfacet
  facet normal -7.071095e-001  7.071040e-001  0.000000e+000
    outer loop
      vertex  2.928867e+001  5.211322e+001 -1.200000e+000
      vertex  2.904102e+001  5.186557e+001 -8.000000e-001
      vertex  2.928867e+001  5.211322e+001 -8.000000e-001
    endloop
  endfacet
  facet normal -1.000000e+000  -0.000000e+000  0.000000e+000
    outer loop
      vertex  2.928867e+001  5.211322e+001 -8.000000e-001
      vertex  2.928867e+001  5.357166e+001 -8.000000e-001
      vertex  2.928867e+001  5.211322e+001 -1.200000e+000
    endloop
  endfacet
  facet normal -1.000000e+000  0.000000e+000  0.000000e+000
    outer loop
      vertex  2.928867e+001  5.211322e+001 -1.200000e+000
      vertex  2.928867e+001  5.357166e+001 -8.000000e-001
      vertex  2.928867e+001  5.357166e+001 -1.200000e+000
    endloop
  endfacet
  facet normal  0.000000e+000  1.000000e+000  0.000000e+000
    outer loop
      vertex  2.928867e+001  5.357166e+001 -8.000000e-001
      vertex  3.040117e+001  5.357166e+001 -8.000000e-001
      vertex  2.928867e+001  5.357166e+001 -1.200000e+000
    endloop
  endfacet
  facet normal  0.000000e+000  1.000000e+000  0.000000e+000
    outer loop
      vertex  2.928867e+001  5.357166e+001 -1.200000e+000
      vertex  3.040117e+001  5.357166e+001 -8.000000e-001
      vertex  3.040117e+001  5.357166e+001 -1.200000e+000
    endloop
  endfacet
  facet normal  1.000000e+000  -0.000000e+000  0.000000e+000
    outer loop
      vertex  3.040117e+001  5.357166e+001 -8.000000e-001
      vertex  3.040117e+001  5.272647e+001 -8.000000e-001
      vertex  3.040117e+001  5.357166e+001 -1.200000e+000
    endloop
  endfacet
  facet normal  1.000000e+000  0.000000e+000  0.000000e+000
    outer loop
      vertex  3.040117e+001  5.357166e+001 -1.200000e+000
      vertex  3.040117e+001  5.272647e+001 -8.000000e-001
      vertex  3.040117e+001  5.272647e+001 -1.200000e+000
    endloop
  endfacet
  facet normal  0.000000e+000 -1.000000e+000  0.000000e+000
    outer loop
      vertex  3.040117e+001  5.272647e+001 -8.000000e-001
      vertex  2.974075e+001  5.272647e+001 -8.000000e-001
      vertex  3.040117e+001  5.272647e+001 -1.200000e+000
    endloop
  endfacet
  facet normal  0.000000e+000 -1.000000e+000  0.000000e+000
    outer loop
      vertex  3.040117e+001  5.272647e+001 -1.200000e+000
      vertex  2.974075e+001  5.272647e+001 -8.000000e-001
      vertex  2.974075e+001  5.272647e+001 -1.200000e+000
    endloop
  endfacet
  facet normal -5.417975e-002  9.985312e-001  0.000000e+000
    outer loop
      vertex  3.057021e+001  5.186557e+001 -1.200000e+000
      vertex  3.057021e+001  5.186557e+001 -8.000000e-001
      vertex  3.066357e+001  5.187063e+001 -1.200000e+000
    endloop
  endfacet
  facet normal -5.417975e-002  9.985312e-001  0.000000e+000
    outer loop
      vertex  3.066357e+001  5.187063e+001 -1.200000e+000
      vertex  3.057021e+001  5.186557e+001 -8.000000e-001
      vertex  3.066357e+001  5.187063e+001 -8.000000e-001
    endloop
  endfacet
  facet normal  9.999999e-001  -0.000000e+000  0.000000e+000
    outer loop
      vertex  2.974075e+001  5.272647e+001 -8.000000e-001
      vertex  2.974075e+001  5.186557e+001 -8.000000e-001
      vertex  2.974075e+001  5.272647e+001 -1.200000e+000
    endloop
  endfacet
  facet normal  9.999999e-001  0.000000e+000  0.000000e+000
    outer loop
      vertex  2.974075e+001  5.272647e+001 -1.200000e+000
      vertex  2.974075e+001  5.186557e+001 -8.000000e-001
      vertex  2.974075e+001  5.186557e+001 -1.200000e+000
    endloop
  endfacet
  facet normal  0.000000e+000  0.000000e+000 -1.000000e+000
    outer loop
      vertex  2.870294e+001  5.357166e+001 -8.000000e-001
      vertex  2.775162e+001  5.357166e+001 -8.000000e-001
      vertex  2.758258e+001  5.443256e+001 -8.000000e-001
    endloop
  endfacet
  facet normal  0.000000e+000  0.000000e+000 -1.000000e+000
    outer loop
      vertex  2.870294e+001  5.357166e+001 -8.000000e-001
      vertex  2.758258e+001  5.443256e+001 -8.000000e-001
      vertex  3.057021e+001  5.443256e+001 -8.000000e-001
    endloop
  endfacet
  facet normal  0.000000e+000  -0.000000e+000 -9.999999e-001
    outer loop
      vertex  2.870294e+001  5.357166e+001 -8.000000e-001
      vertex  3.057021e+001  5.443256e+001 -8.000000e-001
      vertex  3.066357e+001  5.442749e+001 -8.000000e-001
    endloop
  endfacet
  facet normal  0.000000e+000  -0.000000e+000 -1.000000e+000
    outer loop
      vertex  2.870294e+001  5.357166e+001 -8.000000e-001
      vertex  3.066357e+001  5.442749e+001 -8.000000e-001
      vertex  3.074710e+001  5.441227e+001 -8.000000e-001
    endloop
  endfacet
  facet normal  0.000000e+000  -0.000000e+000 -1.000000e+000
    outer loop
      vertex  2.870294e+001  5.357166e+001 -8.000000e-001
      vertex  3.074710e+001  5.441227e+001 -8.000000e-001
      vertex  3.082081e+001  5.438692e+001 -8.000000e-001
    endloop
  endfacet
  facet normal  0.000000e+000  -0.000000e+000 -1.000000e+000
    outer loop
      vertex  2.870294e+001  5.357166e+001 -8.000000e-001
      vertex  3.082081e+001  5.438692e+001 -8.000000e-001
      vertex  3.088469e+001  5.435142e+001 -8.000000e-001
    endloop
  endfacet
  facet normal  0.000000e+000  -0.000000e+000 -1.000000e+000
    outer loop
      vertex  2.870294e+001  5.357166e+001 -8.000000e-001
      vertex  3.088469e+001  5.435142e+001 -8.000000e-001
      vertex  3.093875e+001  5.430578e+001 -8.000000e-001
    endloop
  endfacet
  facet normal  0.000000e+000  -0.000000e+000 -1.000000e+000
    outer loop
      vertex  2.870294e+001  5.357166e+001 -8.000000e-001
      vertex  3.093875e+001  5.430578e+001 -8.000000e-001
      vertex  3.098297e+001  5.425000e+001 -8.000000e-001
    endloop
  endfacet
  facet normal  0.000000e+000  -0.000000e+000 -9.999999e-001
    outer loop
      vertex  2.870294e+001  5.357166e+001 -8.000000e-001
      vertex  3.098297e+001  5.425000e+001 -8.000000e-001
      vertex  3.101737e+001  5.418407e+001 -8.000000e-001
    endloop
  endfacet
  facet normal  0.000000e+000  -0.000000e+000 -1.000000e+000
    outer loop
      vertex  2.870294e+001  5.357166e+001 -8.000000e-001
      vertex  3.101737e+001  5.418407e+001 -8.000000e-001
      vertex  3.104193e+001  5.410801e+001 -8.000000e-001
    endloop
  endfacet
  facet normal  0.000000e+000  -0.000000e+000 -1.000000e+000
    outer loop
      vertex  2.870294e+001  5.357166e+001 -8.000000e-001
      vertex  3.104193e+001  5.410801e+001 -8.000000e-001
      vertex  3.105668e+001  5.402180e+001 -8.000000e-001
    endloop
  endfacet
  facet normal  0.000000e+000  -0.000000e+000 -1.000000e+000
    outer loop
      vertex  2.870294e+001  5.357166e+001 -8.000000e-001
      vertex  3.105668e+001  5.402180e+001 -8.000000e-001
      vertex  3.106159e+001  5.392545e+001 -8.000000e-001
    endloop
  endfacet
  facet normal  -0.000000e+000  0.000000e+000 -1.000000e+000
    outer loop
      vertex  2.775162e+001  5.357166e+001 -8.000000e-001
      vertex  2.775162e+001  5.272647e+001 -8.000000e-001
      vertex  2.709120e+001  5.237268e+001 -8.000000e-001
    endloop
  endfacet
  facet normal  0.000000e+000  0.000000e+000 -1.000000e+000
    outer loop
      vertex  2.775162e+001  5.357166e+001 -8.000000e-001
      vertex  2.709120e+001  5.237268e+001 -8.000000e-001
      vertex  2.709120e+001  5.392545e+001 -8.000000e-001
    endloop
  endfacet
  facet normal  0.000000e+000  0.000000e+000 -1.000000e+000
    outer loop
      vertex  2.775162e+001  5.357166e+001 -8.000000e-001
      vertex  2.709120e+001  5.392545e+001 -8.000000e-001
      vertex  2.709611e+001  5.402180e+001 -8.000000e-001
    endloop
  endfacet
  facet normal  0.000000e+000  0.000000e+000 -1.000000e+000
    outer loop
      vertex  2.775162e+001  5.357166e+001 -8.000000e-001
      vertex  2.709611e+001  5.402180e+001 -8.000000e-001
      vertex  2.711086e+001  5.410801e+001 -8.000000e-001
    endloop
  endfacet
  facet normal  0.000000e+000  0.000000e+000 -1.000000e+000
    outer loop
      vertex  2.775162e+001  5.357166e+001 -8.000000e-001
      vertex  2.711086e+001  5.410801e+001 -8.000000e-001
      vertex  2.713543e+001  5.418407e+001 -8.000000e-001
    endloop
  endfacet
  facet normal  0.000000e+000  0.000000e+000 -9.999999e-001
    outer loop
      vertex  2.775162e+001  5.357166e+001 -8.000000e-001
      vertex  2.713543e+001  5.418407e+001 -8.000000e-001
      vertex  2.716982e+001  5.425000e+001 -8.000000e-001
    endloop
  endfacet
  facet normal  0.000000e+000  0.000000e+000 -1.000000e+000
    outer loop
      vertex  2.775162e+001  5.357166e+001 -8.000000e-001
      vertex  2.716982e+001  5.425000e+001 -8.000000e-001
      vertex  2.721405e+001  5.430578e+001 -8.000000e-001
    endloop
  endfacet
  facet normal  0.000000e+000  0.000000e+000 -1.000000e+000
    outer loop
      vertex  2.775162e+001  5.357166e+001 -8.000000e-001
      vertex  2.721405e+001  5.430578e+001 -8.000000e-001
      vertex  2.726810e+001  5.435142e+001 -8.000000e-001
    endloop
  endfacet
  facet normal  0.000000e+000  0.000000e+000 -1.000000e+000
    outer loop
      vertex  2.775162e+001  5.357166e+001 -8.000000e-001
      vertex  2.726810e+001  5.435142e+001 -8.000000e-001
      vertex  2.733198e+001  5.438692e+001 -8.000000e-001
    endloop
  endfacet
  facet normal  0.000000e+000  0.000000e+000 -1.000000e+000
    outer loop
      vertex  2.775162e+001  5.357166e+001 -8.000000e-001
      vertex  2.733198e+001  5.438692e+001 -8.000000e-001
      vertex  2.740569e+001  5.441227e+001 -8.000000e-001
    endloop
  endfacet
  facet normal  0.000000e+000  0.000000e+000 -1.000000e+000
    outer loop
      vertex  2.775162e+001  5.357166e+001 -8.000000e-001
      vertex  2.740569e+001  5.441227e+001 -8.000000e-001
      vertex  2.748922e+001  5.442749e+001 -8.000000e-001
    endloop
  endfacet
  facet normal  0.000000e+000  0.000000e+000 -1.000000e+000
    outer loop
      vertex  2.775162e+001  5.357166e+001 -8.000000e-001
      vertex  2.748922e+001  5.442749e+001 -8.000000e-001
      vertex  2.758258e+001  5.443256e+001 -8.000000e-001
    endloop
  endfacet
  facet normal  -0.000000e+000  0.000000e+000 -1.000000e+000
    outer loop
      vertex  2.775162e+001  5.272647e+001 -8.000000e-001
      vertex  2.870294e+001  5.272647e+001 -8.000000e-001
      vertex  2.758258e+001  5.186557e+001 -8.000000e-001
    endloop
  endfacet
  facet normal  0.000000e+000  0.000000e+000 -1.000000e+000
    outer loop
      vertex  2.775162e+001  5.272647e+001 -8.000000e-001
      vertex  2.758258e+001  5.186557e+001 -8.000000e-001
      vertex  2.748922e+001  5.187063e+001 -8.000000e-001
    endloop
  endfacet
  facet normal  0.000000e+000  0.000000e+000 -1.000000e+000
    outer loop
      vertex  2.775162e+001  5.272647e+001 -8.000000e-001
      vertex  2.748922e+001  5.187063e+001 -8.000000e-001
      vertex  2.740569e+001  5.188585e+001 -8.000000e-001
    endloop
  endfacet
  facet normal  0.000000e+000  0.000000e+000 -1.000000e+000
    outer loop
      vertex  2.775162e+001  5.272647e+001 -8.000000e-001
      vertex  2.740569e+001  5.188585e+001 -8.000000e-001
      vertex  2.733198e+001  5.191120e+001 -8.000000e-001
    endloop
  endfacet
  facet normal  0.000000e+000  0.000000e+000 -1.000000e+000
    outer loop
      vertex  2.775162e+001  5.272647e+001 -8.000000e-001
      vertex  2.733198e+001  5.191120e+001 -8.000000e-001
      vertex  2.726810e+001  5.194670e+001 -8.000000e-001
    endloop
  endfacet
  facet normal  0.000000e+000  0.000000e+000 -1.000000e+000
    outer loop
      vertex  2.775162e+001  5.272647e+001 -8.000000e-001
      vertex  2.726810e+001  5.194670e+001 -8.000000e-001
      vertex  2.721405e+001  5.199234e+001 -8.000000e-001
    endloop
  endfacet
  facet normal  0.000000e+000  0.000000e+000 -1.000000e+000
    outer loop
      vertex  2.775162e+001  5.272647e+001 -8.000000e-001
      vertex  2.721405e+001  5.199234e+001 -8.000000e-001
      vertex  2.716982e+001  5.204812e+001 -8.000000e-001
    endloop
  endfacet
  facet normal  0.000000e+000  0.000000e+000 -1.000000e+000
    outer loop
      vertex  2.775162e+001  5.272647e+001 -8.000000e-001
      vertex  2.716982e+001  5.204812e+001 -8.000000e-001
      vertex  2.713543e+001  5.211405e+001 -8.000000e-001
    endloop
  endfacet
  facet normal  0.000000e+000  0.000000e+000 -1.000000e+000
    outer loop
      vertex  2.775162e+001  5.272647e+001 -8.000000e-001
      vertex  2.713543e+001  5.211405e+001 -8.000000e-001
      vertex  2.711086e+001  5.219012e+001 -8.000000e-001
    endloop
  endfacet
  facet normal  0.000000e+000  0.000000e+000 -1.000000e+000
    outer loop
      vertex  2.775162e+001  5.272647e+001 -8.000000e-001
      vertex  2.711086e+001  5.219012e+001 -8.000000e-001
      vertex  2.709612e+001  5.227632e+001 -8.000000e-001
    endloop
  endfacet
  facet normal  0.000000e+000  0.000000e+000 -1.000000e+000
    outer loop
      vertex  2.775162e+001  5.272647e+001 -8.000000e-001
      vertex  2.709612e+001  5.227632e+001 -8.000000e-001
      vertex  2.709120e+001  5.237268e+001 -8.000000e-001
    endloop
  endfacet
  facet normal  -0.000000e+000  -0.000000e+000 -1.000000e+000
    outer loop
      vertex  2.974075e+001  5.272647e+001 -8.000000e-001
      vertex  3.040117e+001  5.272647e+001 -8.000000e-001
      vertex  3.106159e+001  5.237268e+001 -8.000000e-001
    endloop
  endfacet
  facet normal  -0.000000e+000  0.000000e+000 -9.999999e-001
    outer loop
      vertex  2.974075e+001  5.272647e+001 -8.000000e-001
      vertex  3.106159e+001  5.237268e+001 -8.000000e-001
      vertex  3.105668e+001  5.227632e+001 -8.000000e-001
    endloop
  endfacet
  facet normal  -0.000000e+000  0.000000e+000 -1.000000e+000
    outer loop
      vertex  2.974075e+001  5.272647e+001 -8.000000e-001
      vertex  3.105668e+001  5.227632e+001 -8.000000e-001
      vertex  3.104193e+001  5.219012e+001 -8.000000e-001
    endloop
  endfacet
  facet normal  -0.000000e+000  0.000000e+000 -9.999999e-001
    outer loop
      vertex  2.974075e+001  5.272647e+001 -8.000000e-001
      vertex  3.104193e+001  5.219012e+001 -8.000000e-001
      vertex  3.101737e+001  5.211405e+001 -8.000000e-001
    endloop
  endfacet
  facet normal  -0.000000e+000  0.000000e+000 -1.000000e+000
    outer loop
      vertex  2.974075e+001  5.272647e+001 -8.000000e-001
      vertex  3.101737e+001  5.211405e+001 -8.000000e-001
      vertex  3.098297e+001  5.204812e+001 -8.000000e-001
    endloop
  endfacet
  facet normal  -0.000000e+000  0.000000e+000 -9.999999e-001
    outer loop
      vertex  2.974075e+001  5.272647e+001 -8.000000e-001
      vertex  3.098297e+001  5.204812e+001 -8.000000e-001
      vertex  3.093875e+001  5.199234e+001 -8.000000e-001
    endloop
  endfacet
  facet normal  -0.000000e+000  0.000000e+000 -1.000000e+000
    outer loop
      vertex  2.974075e+001  5.272647e+001 -8.000000e-001
      vertex  3.093875e+001  5.199234e+001 -8.000000e-001
      vertex  3.088469e+001  5.194670e+001 -8.000000e-001
    endloop
  endfacet
  facet normal  -0.000000e+000  0.000000e+000 -1.000000e+000
    outer loop
      vertex  2.974075e+001  5.272647e+001 -8.000000e-001
      vertex  3.088469e+001  5.194670e+001 -8.000000e-001
      vertex  3.082081e+001  5.191120e+001 -8.000000e-001
    endloop
  endfacet
  facet normal  -0.000000e+000  0.000000e+000 -1.000000e+000
    outer loop
      vertex  2.974075e+001  5.272647e+001 -8.000000e-001
      vertex  3.082081e+001  5.191120e+001 -8.000000e-001
      vertex  3.074710e+001  5.188585e+001 -8.000000e-001
    endloop
  endfacet
  facet normal  -0.000000e+000  0.000000e+000 -9.999999e-001
    outer loop
      vertex  2.974075e+001  5.272647e+001 -8.000000e-001
      vertex  3.074710e+001  5.188585e+001 -8.000000e-001
      vertex  3.066357e+001  5.187063e+001 -8.000000e-001
    endloop
  endfacet
  facet normal  -0.000000e+000  0.000000e+000 -9.999999e-001
    outer loop
      vertex  2.974075e+001  5.272647e+001 -8.000000e-001
      vertex  3.066357e+001  5.187063e+001 -8.000000e-001
      vertex  3.057021e+001  5.186557e+001 -8.000000e-001
    endloop
  endfacet
  facet normal  0.000000e+000  0.000000e+000 -1.000000e+000
    outer loop
      vertex  2.974075e+001  5.272647e+001 -8.000000e-001
      vertex  3.057021e+001  5.186557e+001 -8.000000e-001
      vertex  2.974075e+001  5.186557e+001 -8.000000e-001
    endloop
  endfacet
  facet normal  0.000000e+000  0.000000e+000 -1.000000e+000
    outer loop
      vertex  3.106159e+001  5.392545e+001 -8.000000e-001
      vertex  3.106159e+001  5.237268e+001 -8.000000e-001
      vertex  3.040117e+001  5.272647e+001 -8.000000e-001
    endloop
  endfacet
  facet normal  0.000000e+000  0.000000e+000 -1.000000e+000
    outer loop
      vertex  3.106159e+001  5.392545e+001 -8.000000e-001
      vertex  3.040117e+001  5.272647e+001 -8.000000e-001
      vertex  3.040117e+001  5.357166e+001 -8.000000e-001
    endloop
  endfacet
  facet normal  0.000000e+000  0.000000e+000 -1.000000e+000
    outer loop
      vertex  3.106159e+001  5.392545e+001 -8.000000e-001
      vertex  3.040117e+001  5.357166e+001 -8.000000e-001
      vertex  2.928867e+001  5.357166e+001 -8.000000e-001
    endloop
  endfacet
  facet normal  0.000000e+000  0.000000e+000 -1.000000e+000
    outer loop
      vertex  3.106159e+001  5.392545e+001 -8.000000e-001
      vertex  2.928867e+001  5.357166e+001 -8.000000e-001
      vertex  2.870294e+001  5.357166e+001 -8.000000e-001
    endloop
  endfacet
  facet normal  0.000000e+000  0.000000e+000 -9.999999e-001
    outer loop
      vertex  2.904102e+001  5.186557e+001 -8.000000e-001
      vertex  2.758258e+001  5.186557e+001 -8.000000e-001
      vertex  2.928867e+001  5.211322e+001 -8.000000e-001
    endloop
  endfacet
  facet normal  -0.000000e+000  0.000000e+000 -1.000000e+000
    outer loop
      vertex  2.928867e+001  5.211322e+001 -8.000000e-001
      vertex  2.758258e+001  5.186557e+001 -8.000000e-001
      vertex  2.870294e+001  5.272647e+001 -8.000000e-001
    endloop
  endfacet
  facet normal  0.000000e+000  0.000000e+000 -1.000000e+000
    outer loop
      vertex  2.928867e+001  5.211322e+001 -8.000000e-001
      vertex  2.870294e+001  5.272647e+001 -8.000000e-001
      vertex  2.928867e+001  5.357166e+001 -8.000000e-001
    endloop
  endfacet
  facet normal  -0.000000e+000  0.000000e+000 -1.000000e+000
    outer loop
      vertex  2.928867e+001  5.357166e+001 -8.000000e-001
      vertex  2.870294e+001  5.272647e+001 -8.000000e-001
      vertex  2.870294e+001  5.357166e+001 -8.000000e-001
    endloop
  endfacet
  facet normal  0.000000e+000  1.000000e+000  0.000000e+000
    outer loop
      vertex  2.974075e+001  5.186557e+001 -8.000000e-001
      vertex  3.057021e+001  5.186557e+001 -8.000000e-001
      vertex  2.974075e+001  5.186557e+001 -1.200000e+000
    endloop
  endfacet
  facet normal  0.000000e+000  1.000000e+000  0.000000e+000
    outer loop
      vertex  2.974075e+001  5.186557e+001 -1.200000e+000
      vertex  3.057021e+001  5.186557e+001 -8.000000e-001
      vertex  3.057021e+001  5.186557e+001 -1.200000e+000
    endloop
  endfacet
  facet normal  0.000000e+000  0.000000e+000 -1.000000e+000
    outer loop
      vertex  2.775162e+001  5.272647e+001 -1.200000e+000
      vertex  2.775162e+001  5.357166e+001 -1.200000e+000
      vertex  2.870294e+001  5.272647e+001 -1.200000e+000
    endloop
  endfacet
  facet normal  0.000000e+000  0.000000e+000 -1.000000e+000
    outer loop
      vertex  2.870294e+001  5.272647e+001 -1.200000e+000
      vertex  2.775162e+001  5.357166e+001 -1.200000e+000
      vertex  2.870294e+001  5.357166e+001 -1.200000e+000
    endloop
  endfacet
  facet normal  0.000000e+000 -1.000000e+000  0.000000e+000
    outer loop
      vertex  3.031468e+001  7.207131e+001 -8.000000e-001
      vertex  2.784204e+001  7.207131e+001 -8.000000e-001
      vertex  3.031468e+001  7.207131e+001 -1.200000e+000
    endloop
  endfacet
  facet normal  0.000000e+000 -1.000000e+000  0.000000e+000
    outer loop
      vertex  3.031468e+001  7.207131e+001 -1.200000e+000
      vertex  2.784204e+001  7.207131e+001 -8.000000e-001
      vertex  2.784204e+001  7.207131e+001 -1.200000e+000
    endloop
  endfacet
  facet normal -1.000000e+000  -0.000000e+000  0.000000e+000
    outer loop
      vertex  2.784204e+001  7.207131e+001 -8.000000e-001
      vertex  2.784204e+001  7.292435e+001 -8.000000e-001
      vertex  2.784204e+001  7.207131e+001 -1.200000e+000
    endloop
  endfacet
  facet normal -1.000000e+000  0.000000e+000  0.000000e+000
    outer loop
      vertex  2.784204e+001  7.207131e+001 -1.200000e+000
      vertex  2.784204e+001  7.292435e+001 -8.000000e-001
      vertex  2.784204e+001  7.292435e+001 -1.200000e+000
    endloop
  endfacet
  facet normal  0.000000e+000  1.000000e+000  0.000000e+000
    outer loop
      vertex  2.784204e+001  7.292435e+001 -8.000000e-001
      vertex  3.031468e+001  7.292435e+001 -8.000000e-001
      vertex  2.784204e+001  7.292435e+001 -1.200000e+000
    endloop
  endfacet
  facet normal  0.000000e+000  1.000000e+000  0.000000e+000
    outer loop
      vertex  2.784204e+001  7.292435e+001 -1.200000e+000
      vertex  3.031468e+001  7.292435e+001 -8.000000e-001
      vertex  3.031468e+001  7.292435e+001 -1.200000e+000
    endloop
  endfacet
  facet normal  1.000000e+000  -0.000000e+000  0.000000e+000
    outer loop
      vertex  3.031468e+001  7.292435e+001 -8.000000e-001
      vertex  3.031468e+001  7.207131e+001 -8.000000e-001
      vertex  3.031468e+001  7.292435e+001 -1.200000e+000
    endloop
  endfacet
  facet normal  1.000000e+000  0.000000e+000  0.000000e+000
    outer loop
      vertex  3.031468e+001  7.292435e+001 -1.200000e+000
      vertex  3.031468e+001  7.207131e+001 -8.000000e-001
      vertex  3.031468e+001  7.207131e+001 -1.200000e+000
    endloop
  endfacet
  facet normal -1.764720e-001  9.843056e-001  0.000000e+000
    outer loop
      vertex  3.066357e+001  7.119574e+001 -1.200000e+000
      vertex  3.066357e+001  7.119574e+001 -8.000000e-001
      vertex  3.074710e+001  7.121072e+001 -1.200000e+000
    endloop
  endfacet
  facet normal -1.764720e-001  9.843056e-001  0.000000e+000
    outer loop
      vertex  3.074710e+001  7.121072e+001 -1.200000e+000
      vertex  3.066357e+001  7.119574e+001 -8.000000e-001
      vertex  3.074710e+001  7.121072e+001 -8.000000e-001
    endloop
  endfacet
  facet normal -3.207829e-001  9.471527e-001  0.000000e+000
    outer loop
      vertex  3.074710e+001  7.121072e+001 -1.200000e+000
      vertex  3.074710e+001  7.121072e+001 -8.000000e-001
      vertex  3.082081e+001  7.123568e+001 -1.200000e+000
    endloop
  endfacet
  facet normal -3.207829e-001  9.471527e-001  0.000000e+000
    outer loop
      vertex  3.082081e+001  7.123568e+001 -1.200000e+000
      vertex  3.074710e+001  7.121072e+001 -8.000000e-001
      vertex  3.082081e+001  7.123568e+001 -8.000000e-001
    endloop
  endfacet
  facet normal -4.799860e-001  8.772762e-001  0.000000e+000
    outer loop
      vertex  3.082081e+001  7.123568e+001 -1.200000e+000
      vertex  3.082081e+001  7.123568e+001 -8.000000e-001
      vertex  3.088469e+001  7.127063e+001 -1.200000e+000
    endloop
  endfacet
  facet normal -4.799860e-001  8.772762e-001  0.000000e+000
    outer loop
      vertex  3.088469e+001  7.127063e+001 -1.200000e+000
      vertex  3.082081e+001  7.123568e+001 -8.000000e-001
      vertex  3.088469e+001  7.127063e+001 -8.000000e-001
    endloop
  endfacet
  facet normal -6.392123e-001  7.690303e-001  0.000000e+000
    outer loop
      vertex  3.088469e+001  7.127063e+001 -1.200000e+000
      vertex  3.088469e+001  7.127063e+001 -8.000000e-001
      vertex  3.093875e+001  7.131556e+001 -1.200000e+000
    endloop
  endfacet
  facet normal -6.392123e-001  7.690303e-001  0.000000e+000
    outer loop
      vertex  3.093875e+001  7.131556e+001 -1.200000e+000
      vertex  3.088469e+001  7.127063e+001 -8.000000e-001
      vertex  3.093875e+001  7.131556e+001 -8.000000e-001
    endloop
  endfacet
  facet normal -7.788537e-001  6.272056e-001  0.000000e+000
    outer loop
      vertex  3.093875e+001  7.131556e+001 -1.200000e+000
      vertex  3.093875e+001  7.131556e+001 -8.000000e-001
      vertex  3.098297e+001  7.137048e+001 -1.200000e+000
    endloop
  endfacet
  facet normal -7.788537e-001  6.272056e-001  0.000000e+000
    outer loop
      vertex  3.098297e+001  7.137048e+001 -1.200000e+000
      vertex  3.093875e+001  7.131556e+001 -8.000000e-001
      vertex  3.098297e+001  7.137048e+001 -8.000000e-001
    endloop
  endfacet
  facet normal -8.835819e-001  4.682766e-001  0.000000e+000
    outer loop
      vertex  3.098297e+001  7.137048e+001 -1.200000e+000
      vertex  3.098297e+001  7.137048e+001 -8.000000e-001
      vertex  3.101737e+001  7.143538e+001 -1.200000e+000
    endloop
  endfacet
  facet normal -8.835819e-001  4.682766e-001  0.000000e+000
    outer loop
      vertex  3.101737e+001  7.143538e+001 -1.200000e+000
      vertex  3.098297e+001  7.137048e+001 -8.000000e-001
      vertex  3.101737e+001  7.143538e+001 -8.000000e-001
    endloop
  endfacet
  facet normal -9.501826e-001  3.116940e-001  0.000000e+000
    outer loop
      vertex  3.101737e+001  7.143538e+001 -1.200000e+000
      vertex  3.101737e+001  7.143538e+001 -8.000000e-001
      vertex  3.104193e+001  7.151027e+001 -1.200000e+000
    endloop
  endfacet
  facet normal -9.501826e-001  3.116940e-001  0.000000e+000
    outer loop
      vertex  3.104193e+001  7.151027e+001 -1.200000e+000
      vertex  3.101737e+001  7.143538e+001 -8.000000e-001
      vertex  3.104193e+001  7.151027e+001 -8.000000e-001
    endloop
  endfacet
  facet normal -9.852433e-001  1.711599e-001  0.000000e+000
    outer loop
      vertex  3.104193e+001  7.151027e+001 -1.200000e+000
      vertex  3.104193e+001  7.151027e+001 -8.000000e-001
      vertex  3.105668e+001  7.159514e+001 -1.200000e+000
    endloop
  endfacet
  facet normal -9.852433e-001  1.711599e-001  0.000000e+000
    outer loop
      vertex  3.105668e+001  7.159514e+001 -1.200000e+000
      vertex  3.104193e+001  7.151027e+001 -8.000000e-001
      vertex  3.105668e+001  7.159514e+001 -8.000000e-001
    endloop
  endfacet
  facet normal -9.986612e-001  5.172829e-002  0.000000e+000
    outer loop
      vertex  3.105668e+001  7.159514e+001 -1.200000e+000
      vertex  3.105668e+001  7.159514e+001 -8.000000e-001
      vertex  3.106159e+001  7.168999e+001 -1.200000e+000
    endloop
  endfacet
  facet normal -9.986612e-001  5.172829e-002  0.000000e+000
    outer loop
      vertex  3.106159e+001  7.168999e+001 -1.200000e+000
      vertex  3.105668e+001  7.159514e+001 -8.000000e-001
      vertex  3.106159e+001  7.168999e+001 -8.000000e-001
    endloop
  endfacet
  facet normal -1.000000e+000  -0.000000e+000  0.000000e+000
    outer loop
      vertex  3.106159e+001  7.168999e+001 -8.000000e-001
      vertex  3.106159e+001  7.330173e+001 -8.000000e-001
      vertex  3.106159e+001  7.168999e+001 -1.200000e+000
    endloop
  endfacet
  facet normal -1.000000e+000  0.000000e+000  0.000000e+000
    outer loop
      vertex  3.106159e+001  7.168999e+001 -1.200000e+000
      vertex  3.106159e+001  7.330173e+001 -8.000000e-001
      vertex  3.106159e+001  7.330173e+001 -1.200000e+000
    endloop
  endfacet
  facet normal -9.987024e-001 -5.092758e-002  -0.000000e+000
    outer loop
      vertex  3.106159e+001  7.330173e+001 -1.200000e+000
      vertex  3.106159e+001  7.330173e+001 -8.000000e-001
      vertex  3.105668e+001  7.339809e+001 -1.200000e+000
    endloop
  endfacet
  facet normal -9.987024e-001 -5.092758e-002  0.000000e+000
    outer loop
      vertex  3.105668e+001  7.339809e+001 -1.200000e+000
      vertex  3.106159e+001  7.330173e+001 -8.000000e-001
      vertex  3.105668e+001  7.339809e+001 -8.000000e-001
    endloop
  endfacet
  facet normal -9.856896e-001 -1.685704e-001  -0.000000e+000
    outer loop
      vertex  3.105668e+001  7.339809e+001 -1.200000e+000
      vertex  3.105668e+001  7.339809e+001 -8.000000e-001
      vertex  3.104193e+001  7.348430e+001 -1.200000e+000
    endloop
  endfacet
  facet normal -9.856896e-001 -1.685704e-001  0.000000e+000
    outer loop
      vertex  3.104193e+001  7.348430e+001 -1.200000e+000
      vertex  3.105668e+001  7.339809e+001 -8.000000e-001
      vertex  3.104193e+001  7.348430e+001 -8.000000e-001
    endloop
  endfacet
  facet normal -9.516006e-001 -3.073374e-001  -0.000000e+000
    outer loop
      vertex  3.104193e+001  7.348430e+001 -1.200000e+000
      vertex  3.104193e+001  7.348430e+001 -8.000000e-001
      vertex  3.101737e+001  7.356036e+001 -1.200000e+000
    endloop
  endfacet
  facet normal -9.516006e-001 -3.073374e-001  0.000000e+000
    outer loop
      vertex  3.101737e+001  7.356036e+001 -1.200000e+000
      vertex  3.104193e+001  7.348430e+001 -8.000000e-001
      vertex  3.101737e+001  7.356036e+001 -8.000000e-001
    endloop
  endfacet
  facet normal -8.865785e-001 -4.625783e-001  -0.000000e+000
    outer loop
      vertex  3.101737e+001  7.356036e+001 -1.200000e+000
      vertex  3.101737e+001  7.356036e+001 -8.000000e-001
      vertex  3.098297e+001  7.362629e+001 -1.200000e+000
    endloop
  endfacet
  facet normal -8.865785e-001 -4.625783e-001  0.000000e+000
    outer loop
      vertex  3.098297e+001  7.362629e+001 -1.200000e+000
      vertex  3.101737e+001  7.356036e+001 -8.000000e-001
      vertex  3.098297e+001  7.362629e+001 -8.000000e-001
    endloop
  endfacet
  facet normal -7.835957e-001 -6.212711e-001  -0.000000e+000
    outer loop
      vertex  3.098297e+001  7.362629e+001 -1.200000e+000
      vertex  3.098297e+001  7.362629e+001 -8.000000e-001
      vertex  3.093875e+001  7.368207e+001 -1.200000e+000
    endloop
  endfacet
  facet normal -7.835957e-001 -6.212711e-001  0.000000e+000
    outer loop
      vertex  3.093875e+001  7.368207e+001 -1.200000e+000
      vertex  3.098297e+001  7.362629e+001 -8.000000e-001
      vertex  3.093875e+001  7.368207e+001 -8.000000e-001
    endloop
  endfacet
  facet normal -6.451249e-001 -7.640772e-001  -0.000000e+000
    outer loop
      vertex  3.093875e+001  7.368207e+001 -1.200000e+000
      vertex  3.093875e+001  7.368207e+001 -8.000000e-001
      vertex  3.088469e+001  7.372771e+001 -1.200000e+000
    endloop
  endfacet
  facet normal -6.451249e-001 -7.640772e-001  0.000000e+000
    outer loop
      vertex  3.088469e+001  7.372771e+001 -1.200000e+000
      vertex  3.093875e+001  7.368207e+001 -8.000000e-001
      vertex  3.088469e+001  7.372771e+001 -8.000000e-001
    endloop
  endfacet
  facet normal -4.857604e-001 -8.740920e-001  -0.000000e+000
    outer loop
      vertex  3.088469e+001  7.372771e+001 -1.200000e+000
      vertex  3.088469e+001  7.372771e+001 -8.000000e-001
      vertex  3.082081e+001  7.376321e+001 -1.200000e+000
    endloop
  endfacet
  facet normal -4.857604e-001 -8.740920e-001  0.000000e+000
    outer loop
      vertex  3.082081e+001  7.376321e+001 -1.200000e+000
      vertex  3.088469e+001  7.372771e+001 -8.000000e-001
      vertex  3.082081e+001  7.376321e+001 -8.000000e-001
    endloop
  endfacet
  facet normal -3.252576e-001 -9.456255e-001  -0.000000e+000
    outer loop
      vertex  3.082081e+001  7.376321e+001 -1.200000e+000
      vertex  3.082081e+001  7.376321e+001 -8.000000e-001
      vertex  3.074710e+001  7.378856e+001 -1.200000e+000
    endloop
  endfacet
  facet normal -3.252576e-001 -9.456255e-001  0.000000e+000
    outer loop
      vertex  3.074710e+001  7.378856e+001 -1.200000e+000
      vertex  3.082081e+001  7.376321e+001 -8.000000e-001
      vertex  3.074710e+001  7.378856e+001 -8.000000e-001
    endloop
  endfacet
  facet normal -1.792571e-001 -9.838023e-001  -0.000000e+000
    outer loop
      vertex  3.074710e+001  7.378856e+001 -1.200000e+000
      vertex  3.074710e+001  7.378856e+001 -8.000000e-001
      vertex  3.066357e+001  7.380378e+001 -1.200000e+000
    endloop
  endfacet
  facet normal -1.792571e-001 -9.838023e-001  0.000000e+000
    outer loop
      vertex  3.066357e+001  7.380378e+001 -1.200000e+000
      vertex  3.074710e+001  7.378856e+001 -8.000000e-001
      vertex  3.066357e+001  7.380378e+001 -8.000000e-001
    endloop
  endfacet
  facet normal -5.417975e-002 -9.985312e-001  -0.000000e+000
    outer loop
      vertex  3.066357e+001  7.380378e+001 -1.200000e+000
      vertex  3.066357e+001  7.380378e+001 -8.000000e-001
      vertex  3.057021e+001  7.380885e+001 -1.200000e+000
    endloop
  endfacet
  facet normal -5.417975e-002 -9.985312e-001  0.000000e+000
    outer loop
      vertex  3.057021e+001  7.380885e+001 -1.200000e+000
      vertex  3.066357e+001  7.380378e+001 -8.000000e-001
      vertex  3.057021e+001  7.380885e+001 -8.000000e-001
    endloop
  endfacet
  facet normal  0.000000e+000 -1.000000e+000  0.000000e+000
    outer loop
      vertex  3.057021e+001  7.380885e+001 -8.000000e-001
      vertex  2.758258e+001  7.380885e+001 -8.000000e-001
      vertex  3.057021e+001  7.380885e+001 -1.200000e+000
    endloop
  endfacet
  facet normal  0.000000e+000 -1.000000e+000  0.000000e+000
    outer loop
      vertex  3.057021e+001  7.380885e+001 -1.200000e+000
      vertex  2.758258e+001  7.380885e+001 -8.000000e-001
      vertex  2.758258e+001  7.380885e+001 -1.200000e+000
    endloop
  endfacet
  facet normal  5.418196e-002 -9.985310e-001  0.000000e+000
    outer loop
      vertex  2.758258e+001  7.380885e+001 -1.200000e+000
      vertex  2.758258e+001  7.380885e+001 -8.000000e-001
      vertex  2.748922e+001  7.380378e+001 -1.200000e+000
    endloop
  endfacet
  facet normal  5.418196e-002 -9.985310e-001  0.000000e+000
    outer loop
      vertex  2.748922e+001  7.380378e+001 -1.200000e+000
      vertex  2.758258e+001  7.380885e+001 -8.000000e-001
      vertex  2.748922e+001  7.380378e+001 -8.000000e-001
    endloop
  endfacet
  facet normal  1.792571e-001 -9.838023e-001  0.000000e+000
    outer loop
      vertex  2.748922e+001  7.380378e+001 -1.200000e+000
      vertex  2.748922e+001  7.380378e+001 -8.000000e-001
      vertex  2.740569e+001  7.378856e+001 -1.200000e+000
    endloop
  endfacet
  facet normal  1.792571e-001 -9.838023e-001  0.000000e+000
    outer loop
      vertex  2.740569e+001  7.378856e+001 -1.200000e+000
      vertex  2.748922e+001  7.380378e+001 -8.000000e-001
      vertex  2.740569e+001  7.378856e+001 -8.000000e-001
    endloop
  endfacet
  facet normal  3.252500e-001 -9.456280e-001  0.000000e+000
    outer loop
      vertex  2.740569e+001  7.378856e+001 -1.200000e+000
      vertex  2.740569e+001  7.378856e+001 -8.000000e-001
      vertex  2.733198e+001  7.376321e+001 -1.200000e+000
    endloop
  endfacet
  facet normal  3.252500e-001 -9.456280e-001  0.000000e+000
    outer loop
      vertex  2.733198e+001  7.376321e+001 -1.200000e+000
      vertex  2.740569e+001  7.378856e+001 -8.000000e-001
      vertex  2.733198e+001  7.376321e+001 -8.000000e-001
    endloop
  endfacet
  facet normal  4.857493e-001 -8.740982e-001  0.000000e+000
    outer loop
      vertex  2.733198e+001  7.376321e+001 -1.200000e+000
      vertex  2.733198e+001  7.376321e+001 -8.000000e-001
      vertex  2.726810e+001  7.372771e+001 -1.200000e+000
    endloop
  endfacet
  facet normal  4.857493e-001 -8.740982e-001  0.000000e+000
    outer loop
      vertex  2.726810e+001  7.372771e+001 -1.200000e+000
      vertex  2.733198e+001  7.376321e+001 -8.000000e-001
      vertex  2.726810e+001  7.372771e+001 -8.000000e-001
    endloop
  endfacet
  facet normal  6.451514e-001 -7.640547e-001  0.000000e+000
    outer loop
      vertex  2.726810e+001  7.372771e+001 -1.200000e+000
      vertex  2.726810e+001  7.372771e+001 -8.000000e-001
      vertex  2.721405e+001  7.368207e+001 -1.200000e+000
    endloop
  endfacet
  facet normal  6.451514e-001 -7.640547e-001  0.000000e+000
    outer loop
      vertex  2.721405e+001  7.368207e+001 -1.200000e+000
      vertex  2.726810e+001  7.372771e+001 -8.000000e-001
      vertex  2.721405e+001  7.368207e+001 -8.000000e-001
    endloop
  endfacet
  facet normal  7.835827e-001 -6.212876e-001  0.000000e+000
    outer loop
      vertex  2.721405e+001  7.368207e+001 -1.200000e+000
      vertex  2.721405e+001  7.368207e+001 -8.000000e-001
      vertex  2.716982e+001  7.362629e+001 -1.200000e+000
    endloop
  endfacet
  facet normal  7.835827e-001 -6.212876e-001  0.000000e+000
    outer loop
      vertex  2.716982e+001  7.362629e+001 -1.200000e+000
      vertex  2.721405e+001  7.368207e+001 -8.000000e-001
      vertex  2.716982e+001  7.362629e+001 -8.000000e-001
    endloop
  endfacet
  facet normal  8.865889e-001 -4.625581e-001  0.000000e+000
    outer loop
      vertex  2.716982e+001  7.362629e+001 -1.200000e+000
      vertex  2.716982e+001  7.362629e+001 -8.000000e-001
      vertex  2.713543e+001  7.356036e+001 -1.200000e+000
    endloop
  endfacet
  facet normal  8.865889e-001 -4.625581e-001  0.000000e+000
    outer loop
      vertex  2.713543e+001  7.356036e+001 -1.200000e+000
      vertex  2.716982e+001  7.362629e+001 -8.000000e-001
      vertex  2.713543e+001  7.356036e+001 -8.000000e-001
    endloop
  endfacet
  facet normal  9.515867e-001 -3.073806e-001  0.000000e+000
    outer loop
      vertex  2.713543e+001  7.356036e+001 -1.200000e+000
      vertex  2.713543e+001  7.356036e+001 -8.000000e-001
      vertex  2.711086e+001  7.348430e+001 -1.200000e+000
    endloop
  endfacet
  facet normal  9.515867e-001 -3.073806e-001  0.000000e+000
    outer loop
      vertex  2.711086e+001  7.348430e+001 -1.200000e+000
      vertex  2.713543e+001  7.356036e+001 -8.000000e-001
      vertex  2.711086e+001  7.348430e+001 -8.000000e-001
    endloop
  endfacet
  facet normal  9.856896e-001 -1.685704e-001  0.000000e+000
    outer loop
      vertex  2.711086e+001  7.348430e+001 -1.200000e+000
      vertex  2.711086e+001  7.348430e+001 -8.000000e-001
      vertex  2.709611e+001  7.339809e+001 -1.200000e+000
    endloop
  endfacet
  facet normal  9.856896e-001 -1.685704e-001  0.000000e+000
    outer loop
      vertex  2.709611e+001  7.339809e+001 -1.200000e+000
      vertex  2.711086e+001  7.348430e+001 -8.000000e-001
      vertex  2.709611e+001  7.339809e+001 -8.000000e-001
    endloop
  endfacet
  facet normal  9.987024e-001 -5.092758e-002  0.000000e+000
    outer loop
      vertex  2.709611e+001  7.339809e+001 -1.200000e+000
      vertex  2.709611e+001  7.339809e+001 -8.000000e-001
      vertex  2.709120e+001  7.330173e+001 -1.200000e+000
    endloop
  endfacet
  facet normal  9.987024e-001 -5.092758e-002  0.000000e+000
    outer loop
      vertex  2.709120e+001  7.330173e+001 -1.200000e+000
      vertex  2.709611e+001  7.339809e+001 -8.000000e-001
      vertex  2.709120e+001  7.330173e+001 -8.000000e-001
    endloop
  endfacet
  facet normal  1.000000e+000  -0.000000e+000  0.000000e+000
    outer loop
      vertex  2.709120e+001  7.330173e+001 -8.000000e-001
      vertex  2.709120e+001  7.168999e+001 -8.000000e-001
      vertex  2.709120e+001  7.330173e+001 -1.200000e+000
    endloop
  endfacet
  facet normal  1.000000e+000  0.000000e+000  0.000000e+000
    outer loop
      vertex  2.709120e+001  7.330173e+001 -1.200000e+000
      vertex  2.709120e+001  7.168999e+001 -8.000000e-001
      vertex  2.709120e+001  7.168999e+001 -1.200000e+000
    endloop
  endfacet
  facet normal  9.986591e-001  5.176834e-002  0.000000e+000
    outer loop
      vertex  2.709120e+001  7.168999e+001 -1.200000e+000
      vertex  2.709120e+001  7.168999e+001 -8.000000e-001
      vertex  2.709612e+001  7.159514e+001 -1.200000e+000
    endloop
  endfacet
  facet normal  9.986591e-001  5.176834e-002  -0.000000e+000
    outer loop
      vertex  2.709612e+001  7.159514e+001 -1.200000e+000
      vertex  2.709120e+001  7.168999e+001 -8.000000e-001
      vertex  2.709612e+001  7.159514e+001 -8.000000e-001
    endloop
  endfacet
  facet normal  9.852507e-001  1.711169e-001  0.000000e+000
    outer loop
      vertex  2.709612e+001  7.159514e+001 -1.200000e+000
      vertex  2.709612e+001  7.159514e+001 -8.000000e-001
      vertex  2.711086e+001  7.151027e+001 -1.200000e+000
    endloop
  endfacet
  facet normal  9.852507e-001  1.711169e-001  -0.000000e+000
    outer loop
      vertex  2.711086e+001  7.151027e+001 -1.200000e+000
      vertex  2.709612e+001  7.159514e+001 -8.000000e-001
      vertex  2.711086e+001  7.151027e+001 -8.000000e-001
    endloop
  endfacet
  facet normal  9.501683e-001  3.117377e-001  0.000000e+000
    outer loop
      vertex  2.711086e+001  7.151027e+001 -1.200000e+000
      vertex  2.711086e+001  7.151027e+001 -8.000000e-001
      vertex  2.713543e+001  7.143538e+001 -1.200000e+000
    endloop
  endfacet
  facet normal  9.501683e-001  3.117377e-001  -0.000000e+000
    outer loop
      vertex  2.713543e+001  7.143538e+001 -1.200000e+000
      vertex  2.711086e+001  7.151027e+001 -8.000000e-001
      vertex  2.713543e+001  7.143538e+001 -8.000000e-001
    endloop
  endfacet
  facet normal  8.835927e-001  4.682563e-001  0.000000e+000
    outer loop
      vertex  2.713543e+001  7.143538e+001 -1.200000e+000
      vertex  2.713543e+001  7.143538e+001 -8.000000e-001
      vertex  2.716982e+001  7.137048e+001 -1.200000e+000
    endloop
  endfacet
  facet normal  8.835927e-001  4.682563e-001  -0.000000e+000
    outer loop
      vertex  2.716982e+001  7.137048e+001 -1.200000e+000
      vertex  2.713543e+001  7.143538e+001 -8.000000e-001
      vertex  2.716982e+001  7.137048e+001 -8.000000e-001
    endloop
  endfacet
  facet normal  7.788405e-001  6.272220e-001  0.000000e+000
    outer loop
      vertex  2.716982e+001  7.137048e+001 -1.200000e+000
      vertex  2.716982e+001  7.137048e+001 -8.000000e-001
      vertex  2.721405e+001  7.131556e+001 -1.200000e+000
    endloop
  endfacet
  facet normal  7.788405e-001  6.272220e-001  -0.000000e+000
    outer loop
      vertex  2.721405e+001  7.131556e+001 -1.200000e+000
      vertex  2.716982e+001  7.137048e+001 -8.000000e-001
      vertex  2.721405e+001  7.131556e+001 -8.000000e-001
    endloop
  endfacet
  facet normal  6.392390e-001  7.690081e-001  0.000000e+000
    outer loop
      vertex  2.721405e+001  7.131556e+001 -1.200000e+000
      vertex  2.721405e+001  7.131556e+001 -8.000000e-001
      vertex  2.726810e+001  7.127063e+001 -1.200000e+000
    endloop
  endfacet
  facet normal  6.392390e-001  7.690081e-001  -0.000000e+000
    outer loop
      vertex  2.726810e+001  7.127063e+001 -1.200000e+000
      vertex  2.721405e+001  7.131556e+001 -8.000000e-001
      vertex  2.726810e+001  7.127063e+001 -8.000000e-001
    endloop
  endfacet
  facet normal  4.799749e-001  8.772822e-001  0.000000e+000
    outer loop
      vertex  2.726810e+001  7.127063e+001 -1.200000e+000
      vertex  2.726810e+001  7.127063e+001 -8.000000e-001
      vertex  2.733198e+001  7.123568e+001 -1.200000e+000
    endloop
  endfacet
  facet normal  4.799749e-001  8.772822e-001  -0.000000e+000
    outer loop
      vertex  2.733198e+001  7.123568e+001 -1.200000e+000
      vertex  2.726810e+001  7.127063e+001 -8.000000e-001
      vertex  2.733198e+001  7.123568e+001 -8.000000e-001
    endloop
  endfacet
  facet normal  3.207755e-001  9.471553e-001  0.000000e+000
    outer loop
      vertex  2.733198e+001  7.123568e+001 -1.200000e+000
      vertex  2.733198e+001  7.123568e+001 -8.000000e-001
      vertex  2.740569e+001  7.121072e+001 -1.200000e+000
    endloop
  endfacet
  facet normal  3.207755e-001  9.471553e-001  -0.000000e+000
    outer loop
      vertex  2.740569e+001  7.121072e+001 -1.200000e+000
      vertex  2.733198e+001  7.123568e+001 -8.000000e-001
      vertex  2.740569e+001  7.121072e+001 -8.000000e-001
    endloop
  endfacet
  facet normal  1.764720e-001  9.843056e-001  0.000000e+000
    outer loop
      vertex  2.740569e+001  7.121072e+001 -1.200000e+000
      vertex  2.740569e+001  7.121072e+001 -8.000000e-001
      vertex  2.748922e+001  7.119574e+001 -1.200000e+000
    endloop
  endfacet
  facet normal  1.764720e-001  9.843056e-001  -0.000000e+000
    outer loop
      vertex  2.748922e+001  7.119574e+001 -1.200000e+000
      vertex  2.740569e+001  7.121072e+001 -8.000000e-001
      vertex  2.748922e+001  7.119574e+001 -8.000000e-001
    endloop
  endfacet
  facet normal -5.336614e-002  9.985750e-001  0.000000e+000
    outer loop
      vertex  3.057021e+001  7.119075e+001 -1.200000e+000
      vertex  3.057021e+001  7.119075e+001 -8.000000e-001
      vertex  3.066357e+001  7.119574e+001 -1.200000e+000
    endloop
  endfacet
  facet normal -5.336614e-002  9.985750e-001  0.000000e+000
    outer loop
      vertex  3.066357e+001  7.119574e+001 -1.200000e+000
      vertex  3.057021e+001  7.119075e+001 -8.000000e-001
      vertex  3.066357e+001  7.119574e+001 -8.000000e-001
    endloop
  endfacet
  facet normal  5.336832e-002  9.985749e-001  0.000000e+000
    outer loop
      vertex  2.748922e+001  7.119574e+001 -1.200000e+000
      vertex  2.748922e+001  7.119574e+001 -8.000000e-001
      vertex  2.758258e+001  7.119075e+001 -1.200000e+000
    endloop
  endfacet
  facet normal  5.336832e-002  9.985749e-001  -0.000000e+000
    outer loop
      vertex  2.758258e+001  7.119075e+001 -1.200000e+000
      vertex  2.748922e+001  7.119574e+001 -8.000000e-001
      vertex  2.758258e+001  7.119075e+001 -8.000000e-001
    endloop
  endfacet
  facet normal  0.000000e+000  0.000000e+000 -1.000000e+000
    outer loop
      vertex  3.031468e+001  7.292435e+001 -8.000000e-001
      vertex  2.784204e+001  7.292435e+001 -8.000000e-001
      vertex  2.758258e+001  7.380885e+001 -8.000000e-001
    endloop
  endfacet
  facet normal  0.000000e+000  0.000000e+000 -1.000000e+000
    outer loop
      vertex  3.031468e+001  7.292435e+001 -8.000000e-001
      vertex  2.758258e+001  7.380885e+001 -8.000000e-001
      vertex  3.057021e+001  7.380885e+001 -8.000000e-001
    endloop
  endfacet
  facet normal  0.000000e+000  -0.000000e+000 -1.000000e+000
    outer loop
      vertex  3.031468e+001  7.292435e+001 -8.000000e-001
      vertex  3.057021e+001  7.380885e+001 -8.000000e-001
      vertex  3.066357e+001  7.380378e+001 -8.000000e-001
    endloop
  endfacet
  facet normal  0.000000e+000  -0.000000e+000 -1.000000e+000
    outer loop
      vertex  3.031468e+001  7.292435e+001 -8.000000e-001
      vertex  3.066357e+001  7.380378e+001 -8.000000e-001
      vertex  3.074710e+001  7.378856e+001 -8.000000e-001
    endloop
  endfacet
  facet normal  0.000000e+000  -0.000000e+000 -1.000000e+000
    outer loop
      vertex  3.031468e+001  7.292435e+001 -8.000000e-001
      vertex  3.074710e+001  7.378856e+001 -8.000000e-001
      vertex  3.082081e+001  7.376321e+001 -8.000000e-001
    endloop
  endfacet
  facet normal  0.000000e+000  -0.000000e+000 -1.000000e+000
    outer loop
      vertex  3.031468e+001  7.292435e+001 -8.000000e-001
      vertex  3.082081e+001  7.376321e+001 -8.000000e-001
      vertex  3.088469e+001  7.372771e+001 -8.000000e-001
    endloop
  endfacet
  facet normal  0.000000e+000  -0.000000e+000 -1.000000e+000
    outer loop
      vertex  3.031468e+001  7.292435e+001 -8.000000e-001
      vertex  3.088469e+001  7.372771e+001 -8.000000e-001
      vertex  3.093875e+001  7.368207e+001 -8.000000e-001
    endloop
  endfacet
  facet normal  0.000000e+000  -0.000000e+000 -1.000000e+000
    outer loop
      vertex  3.031468e+001  7.292435e+001 -8.000000e-001
      vertex  3.093875e+001  7.368207e+001 -8.000000e-001
      vertex  3.098297e+001  7.362629e+001 -8.000000e-001
    endloop
  endfacet
  facet normal  0.000000e+000  -0.000000e+000 -1.000000e+000
    outer loop
      vertex  3.031468e+001  7.292435e+001 -8.000000e-001
      vertex  3.098297e+001  7.362629e+001 -8.000000e-001
      vertex  3.101737e+001  7.356036e+001 -8.000000e-001
    endloop
  endfacet
  facet normal  0.000000e+000  -0.000000e+000 -1.000000e+000
    outer loop
      vertex  3.031468e+001  7.292435e+001 -8.000000e-001
      vertex  3.101737e+001  7.356036e+001 -8.000000e-001
      vertex  3.104193e+001  7.348430e+001 -8.000000e-001
    endloop
  endfacet
  facet normal  0.000000e+000  -0.000000e+000 -1.000000e+000
    outer loop
      vertex  3.031468e+001  7.292435e+001 -8.000000e-001
      vertex  3.104193e+001  7.348430e+001 -8.000000e-001
      vertex  3.105668e+001  7.339809e+001 -8.000000e-001
    endloop
  endfacet
  facet normal  0.000000e+000  -0.000000e+000 -1.000000e+000
    outer loop
      vertex  3.031468e+001  7.292435e+001 -8.000000e-001
      vertex  3.105668e+001  7.339809e+001 -8.000000e-001
      vertex  3.106159e+001  7.330173e+001 -8.000000e-001
    endloop
  endfacet
  facet normal  0.000000e+000  -0.000000e+000 -1.000000e+000
    outer loop
      vertex  3.031468e+001  7.292435e+001 -8.000000e-001
      vertex  3.106159e+001  7.330173e+001 -8.000000e-001
      vertex  3.106159e+001  7.168999e+001 -8.000000e-001
    endloop
  endfacet
  facet normal  0.000000e+000  0.000000e+000 -1.000000e+000
    outer loop
      vertex  3.031468e+001  7.292435e+001 -8.000000e-001
      vertex  3.106159e+001  7.168999e+001 -8.000000e-001
      vertex  3.031468e+001  7.207131e+001 -8.000000e-001
    endloop
  endfacet
  facet normal  -0.000000e+000  0.000000e+000 -1.000000e+000
    outer loop
      vertex  2.784204e+001  7.292435e+001 -8.000000e-001
      vertex  2.784204e+001  7.207131e+001 -8.000000e-001
      vertex  2.709120e+001  7.168999e+001 -8.000000e-001
    endloop
  endfacet
  facet normal  0.000000e+000  0.000000e+000 -1.000000e+000
    outer loop
      vertex  2.784204e+001  7.292435e+001 -8.000000e-001
      vertex  2.709120e+001  7.168999e+001 -8.000000e-001
      vertex  2.709120e+001  7.330173e+001 -8.000000e-001
    endloop
  endfacet
  facet normal  0.000000e+000  0.000000e+000 -1.000000e+000
    outer loop
      vertex  2.784204e+001  7.292435e+001 -8.000000e-001
      vertex  2.709120e+001  7.330173e+001 -8.000000e-001
      vertex  2.709611e+001  7.339809e+001 -8.000000e-001
    endloop
  endfacet
  facet normal  0.000000e+000  0.000000e+000 -1.000000e+000
    outer loop
      vertex  2.784204e+001  7.292435e+001 -8.000000e-001
      vertex  2.709611e+001  7.339809e+001 -8.000000e-001
      vertex  2.711086e+001  7.348430e+001 -8.000000e-001
    endloop
  endfacet
  facet normal  0.000000e+000  0.000000e+000 -1.000000e+000
    outer loop
      vertex  2.784204e+001  7.292435e+001 -8.000000e-001
      vertex  2.711086e+001  7.348430e+001 -8.000000e-001
      vertex  2.713543e+001  7.356036e+001 -8.000000e-001
    endloop
  endfacet
  facet normal  0.000000e+000  0.000000e+000 -1.000000e+000
    outer loop
      vertex  2.784204e+001  7.292435e+001 -8.000000e-001
      vertex  2.713543e+001  7.356036e+001 -8.000000e-001
      vertex  2.716982e+001  7.362629e+001 -8.000000e-001
    endloop
  endfacet
  facet normal  0.000000e+000  0.000000e+000 -1.000000e+000
    outer loop
      vertex  2.784204e+001  7.292435e+001 -8.000000e-001
      vertex  2.716982e+001  7.362629e+001 -8.000000e-001
      vertex  2.721405e+001  7.368207e+001 -8.000000e-001
    endloop
  endfacet
  facet normal  0.000000e+000  0.000000e+000 -1.000000e+000
    outer loop
      vertex  2.784204e+001  7.292435e+001 -8.000000e-001
      vertex  2.721405e+001  7.368207e+001 -8.000000e-001
      vertex  2.726810e+001  7.372771e+001 -8.000000e-001
    endloop
  endfacet
  facet normal  0.000000e+000  0.000000e+000 -1.000000e+000
    outer loop
      vertex  2.784204e+001  7.292435e+001 -8.000000e-001
      vertex  2.726810e+001  7.372771e+001 -8.000000e-001
      vertex  2.733198e+001  7.376321e+001 -8.000000e-001
    endloop
  endfacet
  facet normal  0.000000e+000  0.000000e+000 -9.999999e-001
    outer loop
      vertex  2.784204e+001  7.292435e+001 -8.000000e-001
      vertex  2.733198e+001  7.376321e+001 -8.000000e-001
      vertex  2.740569e+001  7.378856e+001 -8.000000e-001
    endloop
  endfacet
  facet normal  0.000000e+000  0.000000e+000 -1.000000e+000
    outer loop
      vertex  2.784204e+001  7.292435e+001 -8.000000e-001
      vertex  2.740569e+001  7.378856e+001 -8.000000e-001
      vertex  2.748922e+001  7.380378e+001 -8.000000e-001
    endloop
  endfacet
  facet normal  0.000000e+000  0.000000e+000 -1.000000e+000
    outer loop
      vertex  2.784204e+001  7.292435e+001 -8.000000e-001
      vertex  2.748922e+001  7.380378e+001 -8.000000e-001
      vertex  2.758258e+001  7.380885e+001 -8.000000e-001
    endloop
  endfacet
  facet normal  -0.000000e+000  -0.000000e+000 -1.000000e+000
    outer loop
      vertex  2.784204e+001  7.207131e+001 -8.000000e-001
      vertex  3.031468e+001  7.207131e+001 -8.000000e-001
      vertex  3.057021e+001  7.119075e+001 -8.000000e-001
    endloop
  endfacet
  facet normal  0.000000e+000  0.000000e+000 -1.000000e+000
    outer loop
      vertex  2.784204e+001  7.207131e+001 -8.000000e-001
      vertex  3.057021e+001  7.119075e+001 -8.000000e-001
      vertex  2.758258e+001  7.119075e+001 -8.000000e-001
    endloop
  endfacet
  facet normal  0.000000e+000  0.000000e+000 -1.000000e+000
    outer loop
      vertex  2.784204e+001  7.207131e+001 -8.000000e-001
      vertex  2.758258e+001  7.119075e+001 -8.000000e-001
      vertex  2.748922e+001  7.119574e+001 -8.000000e-001
    endloop
  endfacet
  facet normal  0.000000e+000  0.000000e+000 -1.000000e+000
    outer loop
      vertex  2.784204e+001  7.207131e+001 -8.000000e-001
      vertex  2.748922e+001  7.119574e+001 -8.000000e-001
      vertex  2.740569e+001  7.121072e+001 -8.000000e-001
    endloop
  endfacet
  facet normal  0.000000e+000  0.000000e+000 -1.000000e+000
    outer loop
      vertex  2.784204e+001  7.207131e+001 -8.000000e-001
      vertex  2.740569e+001  7.121072e+001 -8.000000e-001
      vertex  2.733198e+001  7.123568e+001 -8.000000e-001
    endloop
  endfacet
  facet normal  0.000000e+000  0.000000e+000 -1.000000e+000
    outer loop
      vertex  2.784204e+001  7.207131e+001 -8.000000e-001
      vertex  2.733198e+001  7.123568e+001 -8.000000e-001
      vertex  2.726810e+001  7.127063e+001 -8.000000e-001
    endloop
  endfacet
  facet normal  0.000000e+000  0.000000e+000 -1.000000e+000
    outer loop
      vertex  2.784204e+001  7.207131e+001 -8.000000e-001
      vertex  2.726810e+001  7.127063e+001 -8.000000e-001
      vertex  2.721405e+001  7.131556e+001 -8.000000e-001
    endloop
  endfacet
  facet normal  0.000000e+000  0.000000e+000 -1.000000e+000
    outer loop
      vertex  2.784204e+001  7.207131e+001 -8.000000e-001
      vertex  2.721405e+001  7.131556e+001 -8.000000e-001
      vertex  2.716982e+001  7.137048e+001 -8.000000e-001
    endloop
  endfacet
  facet normal  0.000000e+000  0.000000e+000 -1.000000e+000
    outer loop
      vertex  2.784204e+001  7.207131e+001 -8.000000e-001
      vertex  2.716982e+001  7.137048e+001 -8.000000e-001
      vertex  2.713543e+001  7.143538e+001 -8.000000e-001
    endloop
  endfacet
  facet normal  0.000000e+000  0.000000e+000 -1.000000e+000
    outer loop
      vertex  2.784204e+001  7.207131e+001 -8.000000e-001
      vertex  2.713543e+001  7.143538e+001 -8.000000e-001
      vertex  2.711086e+001  7.151027e+001 -8.000000e-001
    endloop
  endfacet
  facet normal  0.000000e+000  0.000000e+000 -1.000000e+000
    outer loop
      vertex  2.784204e+001  7.207131e+001 -8.000000e-001
      vertex  2.711086e+001  7.151027e+001 -8.000000e-001
      vertex  2.709612e+001  7.159514e+001 -8.000000e-001
    endloop
  endfacet
  facet normal  0.000000e+000  0.000000e+000 -1.000000e+000
    outer loop
      vertex  2.784204e+001  7.207131e+001 -8.000000e-001
      vertex  2.709612e+001  7.159514e+001 -8.000000e-001
      vertex  2.709120e+001  7.168999e+001 -8.000000e-001
    endloop
  endfacet
  facet normal  -0.000000e+000  0.000000e+000 -1.000000e+000
    outer loop
      vertex  3.031468e+001  7.207131e+001 -8.000000e-001
      vertex  3.106159e+001  7.168999e+001 -8.000000e-001
      vertex  3.105668e+001  7.159514e+001 -8.000000e-001
    endloop
  endfacet
  facet normal  -0.000000e+000  0.000000e+000 -1.000000e+000
    outer loop
      vertex  3.031468e+001  7.207131e+001 -8.000000e-001
      vertex  3.105668e+001  7.159514e+001 -8.000000e-001
      vertex  3.104193e+001  7.151027e+001 -8.000000e-001
    endloop
  endfacet
  facet normal  -0.000000e+000  0.000000e+000 -1.000000e+000
    outer loop
      vertex  3.031468e+001  7.207131e+001 -8.000000e-001
      vertex  3.104193e+001  7.151027e+001 -8.000000e-001
      vertex  3.101737e+001  7.143538e+001 -8.000000e-001
    endloop
  endfacet
  facet normal  -0.000000e+000  0.000000e+000 -1.000000e+000
    outer loop
      vertex  3.031468e+001  7.207131e+001 -8.000000e-001
      vertex  3.101737e+001  7.143538e+001 -8.000000e-001
      vertex  3.098297e+001  7.137048e+001 -8.000000e-001
    endloop
  endfacet
  facet normal  -0.000000e+000  0.000000e+000 -1.000000e+000
    outer loop
      vertex  3.031468e+001  7.207131e+001 -8.000000e-001
      vertex  3.098297e+001  7.137048e+001 -8.000000e-001
      vertex  3.093875e+001  7.131556e+001 -8.000000e-001
    endloop
  endfacet
  facet normal  -0.000000e+000  0.000000e+000 -1.000000e+000
    outer loop
      vertex  3.031468e+001  7.207131e+001 -8.000000e-001
      vertex  3.093875e+001  7.131556e+001 -8.000000e-001
      vertex  3.088469e+001  7.127063e+001 -8.000000e-001
    endloop
  endfacet
  facet normal  -0.000000e+000  0.000000e+000 -1.000000e+000
    outer loop
      vertex  3.031468e+001  7.207131e+001 -8.000000e-001
      vertex  3.088469e+001  7.127063e+001 -8.000000e-001
      vertex  3.082081e+001  7.123568e+001 -8.000000e-001
    endloop
  endfacet
  facet normal  -0.000000e+000  0.000000e+000 -1.000000e+000
    outer loop
      vertex  3.031468e+001  7.207131e+001 -8.000000e-001
      vertex  3.082081e+001  7.123568e+001 -8.000000e-001
      vertex  3.074710e+001  7.121072e+001 -8.000000e-001
    endloop
  endfacet
  facet normal  -0.000000e+000  0.000000e+000 -1.000000e+000
    outer loop
      vertex  3.031468e+001  7.207131e+001 -8.000000e-001
      vertex  3.074710e+001  7.121072e+001 -8.000000e-001
      vertex  3.066357e+001  7.119574e+001 -8.000000e-001
    endloop
  endfacet
  facet normal  -0.000000e+000  0.000000e+000 -1.000000e+000
    outer loop
      vertex  3.031468e+001  7.207131e+001 -8.000000e-001
      vertex  3.066357e+001  7.119574e+001 -8.000000e-001
      vertex  3.057021e+001  7.119075e+001 -8.000000e-001
    endloop
  endfacet
  facet normal  0.000000e+000  1.000000e+000  0.000000e+000
    outer loop
      vertex  2.758258e+001  7.119075e+001 -8.000000e-001
      vertex  3.057021e+001  7.119075e+001 -8.000000e-001
      vertex  2.758258e+001  7.119075e+001 -1.200000e+000
    endloop
  endfacet
  facet normal  0.000000e+000  1.000000e+000  0.000000e+000
    outer loop
      vertex  2.758258e+001  7.119075e+001 -1.200000e+000
      vertex  3.057021e+001  7.119075e+001 -8.000000e-001
      vertex  3.057021e+001  7.119075e+001 -1.200000e+000
    endloop
  endfacet
  facet normal  0.000000e+000 -1.000000e+000  0.000000e+000
    outer loop
      vertex  3.001592e+001  6.879672e+001 -8.000000e-001
      vertex  2.784204e+001  6.879672e+001 -8.000000e-001
      vertex  3.001592e+001  6.879672e+001 -1.200000e+000
    endloop
  endfacet
  facet normal  0.000000e+000 -1.000000e+000  0.000000e+000
    outer loop
      vertex  3.001592e+001  6.879672e+001 -1.200000e+000
      vertex  2.784204e+001  6.879672e+001 -8.000000e-001
      vertex  2.784204e+001  6.879672e+001 -1.200000e+000
    endloop
  endfacet
  facet normal -9.998270e-001  1.860348e-002  0.000000e+000
    outer loop
      vertex  2.784204e+001  6.879672e+001 -8.000000e-001
      vertex  2.785776e+001  6.964191e+001 -8.000000e-001
      vertex  2.784204e+001  6.879672e+001 -1.200000e+000
    endloop
  endfacet
  facet normal -9.998270e-001  1.860348e-002  0.000000e+000
    outer loop
      vertex  2.784204e+001  6.879672e+001 -1.200000e+000
      vertex  2.785776e+001  6.964191e+001 -8.000000e-001
      vertex  2.785776e+001  6.964191e+001 -1.200000e+000
    endloop
  endfacet
  facet normal  0.000000e+000  1.000000e+000  0.000000e+000
    outer loop
      vertex  2.785776e+001  6.964191e+001 -8.000000e-001
      vertex  3.031468e+001  6.964191e+001 -8.000000e-001
      vertex  2.785776e+001  6.964191e+001 -1.200000e+000
    endloop
  endfacet
  facet normal  0.000000e+000  1.000000e+000  0.000000e+000
    outer loop
      vertex  2.785776e+001  6.964191e+001 -1.200000e+000
      vertex  3.031468e+001  6.964191e+001 -8.000000e-001
      vertex  3.031468e+001  6.964191e+001 -1.200000e+000
    endloop
  endfacet
  facet normal  9.999999e-001  -0.000000e+000  0.000000e+000
    outer loop
      vertex  3.031468e+001  6.964191e+001 -8.000000e-001
      vertex  3.031468e+001  6.908369e+001 -8.000000e-001
      vertex  3.031468e+001  6.964191e+001 -1.200000e+000
    endloop
  endfacet
  facet normal  9.999999e-001  0.000000e+000  0.000000e+000
    outer loop
      vertex  3.031468e+001  6.964191e+001 -1.200000e+000
      vertex  3.031468e+001  6.908369e+001 -8.000000e-001
      vertex  3.031468e+001  6.908369e+001 -1.200000e+000
    endloop
  endfacet
  facet normal  9.985049e-001 -5.466140e-002  0.000000e+000
    outer loop
      vertex  3.031468e+001  6.908369e+001 -1.200000e+000
      vertex  3.031468e+001  6.908369e+001 -8.000000e-001
      vertex  3.031170e+001  6.902917e+001 -1.200000e+000
    endloop
  endfacet
  facet normal  9.985049e-001 -5.466140e-002  0.000000e+000
    outer loop
      vertex  3.031170e+001  6.902917e+001 -1.200000e+000
      vertex  3.031468e+001  6.908369e+001 -8.000000e-001
      vertex  3.031170e+001  6.902917e+001 -8.000000e-001
    endloop
  endfacet
  facet normal  9.835379e-001 -1.807024e-001  0.000000e+000
    outer loop
      vertex  3.031170e+001  6.902917e+001 -1.200000e+000
      vertex  3.031170e+001  6.902917e+001 -8.000000e-001
      vertex  3.030274e+001  6.898038e+001 -1.200000e+000
    endloop
  endfacet
  facet normal  9.835379e-001 -1.807024e-001  0.000000e+000
    outer loop
      vertex  3.030274e+001  6.898038e+001 -1.200000e+000
      vertex  3.031170e+001  6.902917e+001 -8.000000e-001
      vertex  3.030274e+001  6.898038e+001 -8.000000e-001
    endloop
  endfacet
  facet normal  9.447270e-001 -3.278581e-001  0.000000e+000
    outer loop
      vertex  3.030274e+001  6.898038e+001 -1.200000e+000
      vertex  3.030274e+001  6.898038e+001 -8.000000e-001
      vertex  3.028780e+001  6.893734e+001 -1.200000e+000
    endloop
  endfacet
  facet normal  9.447270e-001 -3.278581e-001  0.000000e+000
    outer loop
      vertex  3.028780e+001  6.893734e+001 -1.200000e+000
      vertex  3.030274e+001  6.898038e+001 -8.000000e-001
      vertex  3.028780e+001  6.893734e+001 -8.000000e-001
    endloop
  endfacet
  facet normal  8.722892e-001 -4.889904e-001  0.000000e+000
    outer loop
      vertex  3.028780e+001  6.893734e+001 -1.200000e+000
      vertex  3.028780e+001  6.893734e+001 -8.000000e-001
      vertex  3.026688e+001  6.890003e+001 -1.200000e+000
    endloop
  endfacet
  facet normal  8.722892e-001 -4.889904e-001  0.000000e+000
    outer loop
      vertex  3.026688e+001  6.890003e+001 -1.200000e+000
      vertex  3.028780e+001  6.893734e+001 -8.000000e-001
      vertex  3.026688e+001  6.890003e+001 -8.000000e-001
    endloop
  endfacet
  facet normal  7.612853e-001 -6.484171e-001  0.000000e+000
    outer loop
      vertex  3.026688e+001  6.890003e+001 -1.200000e+000
      vertex  3.026688e+001  6.890003e+001 -8.000000e-001
      vertex  3.023999e+001  6.886846e+001 -1.200000e+000
    endloop
  endfacet
  facet normal  7.612853e-001 -6.484171e-001  0.000000e+000
    outer loop
      vertex  3.023999e+001  6.886846e+001 -1.200000e+000
      vertex  3.026688e+001  6.890003e+001 -8.000000e-001
      vertex  3.023999e+001  6.886846e+001 -8.000000e-001
    endloop
  endfacet
  facet normal  6.179042e-001 -7.862534e-001  0.000000e+000
    outer loop
      vertex  3.023999e+001  6.886846e+001 -1.200000e+000
      vertex  3.023999e+001  6.886846e+001 -8.000000e-001
      vertex  3.020713e+001  6.884264e+001 -1.200000e+000
    endloop
  endfacet
  facet normal  6.179042e-001 -7.862534e-001  0.000000e+000
    outer loop
      vertex  3.020713e+001  6.884264e+001 -1.200000e+000
      vertex  3.023999e+001  6.886846e+001 -8.000000e-001
      vertex  3.020713e+001  6.884264e+001 -8.000000e-001
    endloop
  endfacet
  facet normal  4.593849e-001 -8.882373e-001  0.000000e+000
    outer loop
      vertex  3.020713e+001  6.884264e+001 -1.200000e+000
      vertex  3.020713e+001  6.884264e+001 -8.000000e-001
      vertex  3.016829e+001  6.882255e+001 -1.200000e+000
    endloop
  endfacet
  facet normal  4.593849e-001 -8.882373e-001  0.000000e+000
    outer loop
      vertex  3.016829e+001  6.882255e+001 -1.200000e+000
      vertex  3.020713e+001  6.884264e+001 -8.000000e-001
      vertex  3.016829e+001  6.882255e+001 -8.000000e-001
    endloop
  endfacet
  facet normal  3.049816e-001 -9.523582e-001  0.000000e+000
    outer loop
      vertex  3.016829e+001  6.882255e+001 -1.200000e+000
      vertex  3.016829e+001  6.882255e+001 -8.000000e-001
      vertex  3.012348e+001  6.880820e+001 -1.200000e+000
    endloop
  endfacet
  facet normal  3.049816e-001 -9.523582e-001  0.000000e+000
    outer loop
      vertex  3.012348e+001  6.880820e+001 -1.200000e+000
      vertex  3.016829e+001  6.882255e+001 -8.000000e-001
      vertex  3.012348e+001  6.880820e+001 -8.000000e-001
    endloop
  endfacet
  facet normal  1.670582e-001 -9.859470e-001  0.000000e+000
    outer loop
      vertex  3.012348e+001  6.880820e+001 -1.200000e+000
      vertex  3.012348e+001  6.880820e+001 -8.000000e-001
      vertex  3.007269e+001  6.879959e+001 -1.200000e+000
    endloop
  endfacet
  facet normal  1.670582e-001 -9.859470e-001  0.000000e+000
    outer loop
      vertex  3.007269e+001  6.879959e+001 -1.200000e+000
      vertex  3.012348e+001  6.880820e+001 -8.000000e-001
      vertex  3.007269e+001  6.879959e+001 -8.000000e-001
    endloop
  endfacet
  facet normal  5.047322e-002 -9.987255e-001  0.000000e+000
    outer loop
      vertex  3.007269e+001  6.879959e+001 -1.200000e+000
      vertex  3.007269e+001  6.879959e+001 -8.000000e-001
      vertex  3.001592e+001  6.879672e+001 -1.200000e+000
    endloop
  endfacet
  facet normal  5.047322e-002 -9.987255e-001  0.000000e+000
    outer loop
      vertex  3.001592e+001  6.879672e+001 -1.200000e+000
      vertex  3.007269e+001  6.879959e+001 -8.000000e-001
      vertex  3.001592e+001  6.879672e+001 -8.000000e-001
    endloop
  endfacet
  facet normal -9.577869e-002  9.954026e-001  0.000000e+000
    outer loop
      vertex  3.033666e+001  6.789481e+001 -1.200000e+000
      vertex  3.033666e+001  6.789481e+001 -8.000000e-001
      vertex  3.040652e+001  6.790154e+001 -1.200000e+000
    endloop
  endfacet
  facet normal -9.577869e-002  9.954026e-001  0.000000e+000
    outer loop
      vertex  3.040652e+001  6.790154e+001 -1.200000e+000
      vertex  3.033666e+001  6.789481e+001 -8.000000e-001
      vertex  3.040652e+001  6.790154e+001 -8.000000e-001
    endloop
  endfacet
  facet normal -1.658728e-001  9.861472e-001  0.000000e+000
    outer loop
      vertex  3.040652e+001  6.790154e+001 -1.200000e+000
      vertex  3.040652e+001  6.790154e+001 -8.000000e-001
      vertex  3.047315e+001  6.791274e+001 -1.200000e+000
    endloop
  endfacet
  facet normal -1.658728e-001  9.861472e-001  0.000000e+000
    outer loop
      vertex  3.047315e+001  6.791274e+001 -1.200000e+000
      vertex  3.040652e+001  6.790154e+001 -8.000000e-001
      vertex  3.047315e+001  6.791274e+001 -8.000000e-001
    endloop
  endfacet
  facet normal -2.400270e-001  9.707662e-001  0.000000e+000
    outer loop
      vertex  3.047315e+001  6.791274e+001 -1.200000e+000
      vertex  3.047315e+001  6.791274e+001 -8.000000e-001
      vertex  3.053656e+001  6.792842e+001 -1.200000e+000
    endloop
  endfacet
  facet normal -2.400270e-001  9.707662e-001  0.000000e+000
    outer loop
      vertex  3.053656e+001  6.792842e+001 -1.200000e+000
      vertex  3.047315e+001  6.791274e+001 -8.000000e-001
      vertex  3.053656e+001  6.792842e+001 -8.000000e-001
    endloop
  endfacet
  facet normal -3.177959e-001  9.481591e-001  0.000000e+000
    outer loop
      vertex  3.053656e+001  6.792842e+001 -1.200000e+000
      vertex  3.053656e+001  6.792842e+001 -8.000000e-001
      vertex  3.059674e+001  6.794859e+001 -1.200000e+000
    endloop
  endfacet
  facet normal -3.177959e-001  9.481591e-001  0.000000e+000
    outer loop
      vertex  3.059674e+001  6.794859e+001 -1.200000e+000
      vertex  3.053656e+001  6.792842e+001 -8.000000e-001
      vertex  3.059674e+001  6.794859e+001 -8.000000e-001
    endloop
  endfacet
  facet normal -3.971547e-001  9.177517e-001  0.000000e+000
    outer loop
      vertex  3.059674e+001  6.794859e+001 -1.200000e+000
      vertex  3.059674e+001  6.794859e+001 -8.000000e-001
      vertex  3.065370e+001  6.797324e+001 -1.200000e+000
    endloop
  endfacet
  facet normal -3.971547e-001  9.177517e-001  0.000000e+000
    outer loop
      vertex  3.065370e+001  6.797324e+001 -1.200000e+000
      vertex  3.059674e+001  6.794859e+001 -8.000000e-001
      vertex  3.065370e+001  6.797324e+001 -8.000000e-001
    endloop
  endfacet
  facet normal -4.765636e-001  8.791400e-001  0.000000e+000
    outer loop
      vertex  3.065370e+001  6.797324e+001 -1.200000e+000
      vertex  3.065370e+001  6.797324e+001 -8.000000e-001
      vertex  3.070744e+001  6.800237e+001 -1.200000e+000
    endloop
  endfacet
  facet normal -4.765636e-001  8.791400e-001  0.000000e+000
    outer loop
      vertex  3.070744e+001  6.800237e+001 -1.200000e+000
      vertex  3.065370e+001  6.797324e+001 -8.000000e-001
      vertex  3.070744e+001  6.800237e+001 -8.000000e-001
    endloop
  endfacet
  facet normal -5.539165e-001  8.325722e-001  0.000000e+000
    outer loop
      vertex  3.070744e+001  6.800237e+001 -1.200000e+000
      vertex  3.070744e+001  6.800237e+001 -8.000000e-001
      vertex  3.075795e+001  6.803598e+001 -1.200000e+000
    endloop
  endfacet
  facet normal -5.539165e-001  8.325722e-001  0.000000e+000
    outer loop
      vertex  3.075795e+001  6.803598e+001 -1.200000e+000
      vertex  3.070744e+001  6.800237e+001 -8.000000e-001
      vertex  3.075795e+001  6.803598e+001 -8.000000e-001
    endloop
  endfacet
  facet normal -6.273115e-001  7.787684e-001  0.000000e+000
    outer loop
      vertex  3.075795e+001  6.803598e+001 -1.200000e+000
      vertex  3.075795e+001  6.803598e+001 -8.000000e-001
      vertex  3.080524e+001  6.807407e+001 -1.200000e+000
    endloop
  endfacet
  facet normal -6.273115e-001  7.787684e-001  0.000000e+000
    outer loop
      vertex  3.080524e+001  6.807407e+001 -1.200000e+000
      vertex  3.075795e+001  6.803598e+001 -8.000000e-001
      vertex  3.080524e+001  6.807407e+001 -8.000000e-001
    endloop
  endfacet
  facet normal -6.947989e-001  7.192041e-001  0.000000e+000
    outer loop
      vertex  3.080524e+001  6.807407e+001 -1.200000e+000
      vertex  3.080524e+001  6.807407e+001 -8.000000e-001
      vertex  3.084931e+001  6.811665e+001 -1.200000e+000
    endloop
  endfacet
  facet normal -6.947989e-001  7.192041e-001  0.000000e+000
    outer loop
      vertex  3.084931e+001  6.811665e+001 -1.200000e+000
      vertex  3.080524e+001  6.807407e+001 -8.000000e-001
      vertex  3.084931e+001  6.811665e+001 -8.000000e-001
    endloop
  endfacet
  facet normal -7.540985e-001  6.567614e-001  0.000000e+000
    outer loop
      vertex  3.084931e+001  6.811665e+001 -1.200000e+000
      vertex  3.084931e+001  6.811665e+001 -8.000000e-001
      vertex  3.088964e+001  6.816296e+001 -1.200000e+000
    endloop
  endfacet
  facet normal -7.540985e-001  6.567614e-001  0.000000e+000
    outer loop
      vertex  3.088964e+001  6.816296e+001 -1.200000e+000
      vertex  3.084931e+001  6.811665e+001 -8.000000e-001
      vertex  3.088964e+001  6.816296e+001 -8.000000e-001
    endloop
  endfacet
  facet normal -8.068851e-001  5.907084e-001  0.000000e+000
    outer loop
      vertex  3.088964e+001  6.816296e+001 -1.200000e+000
      vertex  3.088964e+001  6.816296e+001 -8.000000e-001
      vertex  3.092573e+001  6.821225e+001 -1.200000e+000
    endloop
  endfacet
  facet normal -8.068851e-001  5.907084e-001  0.000000e+000
    outer loop
      vertex  3.092573e+001  6.821225e+001 -1.200000e+000
      vertex  3.088964e+001  6.816296e+001 -8.000000e-001
      vertex  3.092573e+001  6.821225e+001 -8.000000e-001
    endloop
  endfacet
  facet normal -8.540680e-001  5.201614e-001  0.000000e+000
    outer loop
      vertex  3.092573e+001  6.821225e+001 -1.200000e+000
      vertex  3.092573e+001  6.821225e+001 -8.000000e-001
      vertex  3.095757e+001  6.826453e+001 -1.200000e+000
    endloop
  endfacet
  facet normal -8.540680e-001  5.201614e-001  0.000000e+000
    outer loop
      vertex  3.095757e+001  6.826453e+001 -1.200000e+000
      vertex  3.092573e+001  6.821225e+001 -8.000000e-001
      vertex  3.095757e+001  6.826453e+001 -8.000000e-001
    endloop
  endfacet
  facet normal -8.946740e-001  4.467195e-001  0.000000e+000
    outer loop
      vertex  3.095757e+001  6.826453e+001 -1.200000e+000
      vertex  3.095757e+001  6.826453e+001 -8.000000e-001
      vertex  3.098517e+001  6.831980e+001 -1.200000e+000
    endloop
  endfacet
  facet normal -8.946740e-001  4.467195e-001  0.000000e+000
    outer loop
      vertex  3.098517e+001  6.831980e+001 -1.200000e+000
      vertex  3.095757e+001  6.826453e+001 -8.000000e-001
      vertex  3.098517e+001  6.831980e+001 -8.000000e-001
    endloop
  endfacet
  facet normal -9.282271e-001  3.720140e-001  0.000000e+000
    outer loop
      vertex  3.098517e+001  6.831980e+001 -1.200000e+000
      vertex  3.098517e+001  6.831980e+001 -8.000000e-001
      vertex  3.100852e+001  6.837807e+001 -1.200000e+000
    endloop
  endfacet
  facet normal -9.282271e-001  3.720140e-001  0.000000e+000
    outer loop
      vertex  3.100852e+001  6.837807e+001 -1.200000e+000
      vertex  3.098517e+001  6.831980e+001 -8.000000e-001
      vertex  3.100852e+001  6.837807e+001 -8.000000e-001
    endloop
  endfacet
  facet normal -9.546301e-001  2.977942e-001  0.000000e+000
    outer loop
      vertex  3.100852e+001  6.837807e+001 -1.200000e+000
      vertex  3.100852e+001  6.837807e+001 -8.000000e-001
      vertex  3.102763e+001  6.843931e+001 -1.200000e+000
    endloop
  endfacet
  facet normal -9.546301e-001  2.977942e-001  0.000000e+000
    outer loop
      vertex  3.102763e+001  6.843931e+001 -1.200000e+000
      vertex  3.100852e+001  6.837807e+001 -8.000000e-001
      vertex  3.102763e+001  6.843931e+001 -8.000000e-001
    endloop
  endfacet
  facet normal -9.742666e-001  2.253983e-001  0.000000e+000
    outer loop
      vertex  3.102763e+001  6.843931e+001 -1.200000e+000
      vertex  3.102763e+001  6.843931e+001 -8.000000e-001
      vertex  3.104249e+001  6.850354e+001 -1.200000e+000
    endloop
  endfacet
  facet normal -9.742666e-001  2.253983e-001  0.000000e+000
    outer loop
      vertex  3.104249e+001  6.850354e+001 -1.200000e+000
      vertex  3.102763e+001  6.843931e+001 -8.000000e-001
      vertex  3.104249e+001  6.850354e+001 -8.000000e-001
    endloop
  endfacet
  facet normal -9.877624e-001  1.559669e-001  0.000000e+000
    outer loop
      vertex  3.104249e+001  6.850354e+001 -1.200000e+000
      vertex  3.104249e+001  6.850354e+001 -8.000000e-001
      vertex  3.105310e+001  6.857076e+001 -1.200000e+000
    endloop
  endfacet
  facet normal -9.877624e-001  1.559669e-001  0.000000e+000
    outer loop
      vertex  3.105310e+001  6.857076e+001 -1.200000e+000
      vertex  3.104249e+001  6.850354e+001 -8.000000e-001
      vertex  3.105310e+001  6.857076e+001 -8.000000e-001
    endloop
  endfacet
  facet normal -9.959106e-001  9.034301e-002  0.000000e+000
    outer loop
      vertex  3.105310e+001  6.857076e+001 -1.200000e+000
      vertex  3.105310e+001  6.857076e+001 -8.000000e-001
      vertex  3.105947e+001  6.864097e+001 -1.200000e+000
    endloop
  endfacet
  facet normal -9.959106e-001  9.034301e-002  0.000000e+000
    outer loop
      vertex  3.105947e+001  6.864097e+001 -1.200000e+000
      vertex  3.105310e+001  6.857076e+001 -8.000000e-001
      vertex  3.105947e+001  6.864097e+001 -8.000000e-001
    endloop
  endfacet
  facet normal -9.995806e-001  2.896429e-002  0.000000e+000
    outer loop
      vertex  3.105947e+001  6.864097e+001 -1.200000e+000
      vertex  3.105947e+001  6.864097e+001 -8.000000e-001
      vertex  3.106159e+001  6.871416e+001 -1.200000e+000
    endloop
  endfacet
  facet normal -9.995806e-001  2.896429e-002  0.000000e+000
    outer loop
      vertex  3.106159e+001  6.871416e+001 -1.200000e+000
      vertex  3.105947e+001  6.864097e+001 -8.000000e-001
      vertex  3.106159e+001  6.871416e+001 -8.000000e-001
    endloop
  endfacet
  facet normal -1.000000e+000  -0.000000e+000  0.000000e+000
    outer loop
      vertex  3.106159e+001  6.871416e+001 -8.000000e-001
      vertex  3.106159e+001  7.054212e+001 -8.000000e-001
      vertex  3.106159e+001  6.871416e+001 -1.200000e+000
    endloop
  endfacet
  facet normal -1.000000e+000  0.000000e+000  0.000000e+000
    outer loop
      vertex  3.106159e+001  6.871416e+001 -1.200000e+000
      vertex  3.106159e+001  7.054212e+001 -8.000000e-001
      vertex  3.106159e+001  7.054212e+001 -1.200000e+000
    endloop
  endfacet
  facet normal  0.000000e+000 -1.000000e+000  0.000000e+000
    outer loop
      vertex  3.106159e+001  7.054212e+001 -8.000000e-001
      vertex  2.490945e+001  7.054212e+001 -8.000000e-001
      vertex  3.106159e+001  7.054212e+001 -1.200000e+000
    endloop
  endfacet
  facet normal  0.000000e+000 -1.000000e+000  0.000000e+000
    outer loop
      vertex  3.106159e+001  7.054212e+001 -1.200000e+000
      vertex  2.490945e+001  7.054212e+001 -8.000000e-001
      vertex  2.490945e+001  7.054212e+001 -1.200000e+000
    endloop
  endfacet
  facet normal  1.000000e+000  -0.000000e+000  0.000000e+000
    outer loop
      vertex  2.490945e+001  7.054212e+001 -8.000000e-001
      vertex  2.490945e+001  6.964191e+001 -8.000000e-001
      vertex  2.490945e+001  7.054212e+001 -1.200000e+000
    endloop
  endfacet
  facet normal  1.000000e+000  0.000000e+000  0.000000e+000
    outer loop
      vertex  2.490945e+001  7.054212e+001 -1.200000e+000
      vertex  2.490945e+001  6.964191e+001 -8.000000e-001
      vertex  2.490945e+001  6.964191e+001 -1.200000e+000
    endloop
  endfacet
  facet normal  0.000000e+000  1.000000e+000  0.000000e+000
    outer loop
      vertex  2.490945e+001  6.964191e+001 -8.000000e-001
      vertex  2.723665e+001  6.964191e+001 -8.000000e-001
      vertex  2.490945e+001  6.964191e+001 -1.200000e+000
    endloop
  endfacet
  facet normal  0.000000e+000  1.000000e+000  0.000000e+000
    outer loop
      vertex  2.490945e+001  6.964191e+001 -1.200000e+000
      vertex  2.723665e+001  6.964191e+001 -8.000000e-001
      vertex  2.723665e+001  6.964191e+001 -1.200000e+000
    endloop
  endfacet
  facet normal  9.888412e-001 -1.489739e-001  0.000000e+000
    outer loop
      vertex  2.723665e+001  6.964191e+001 -1.200000e+000
      vertex  2.723665e+001  6.964191e+001 -8.000000e-001
      vertex  2.722718e+001  6.957901e+001 -1.200000e+000
    endloop
  endfacet
  facet normal  9.888412e-001 -1.489739e-001  0.000000e+000
    outer loop
      vertex  2.722718e+001  6.957901e+001 -1.200000e+000
      vertex  2.723665e+001  6.964191e+001 -8.000000e-001
      vertex  2.722718e+001  6.957901e+001 -8.000000e-001
    endloop
  endfacet
  facet normal  9.886664e-001 -1.501286e-001  0.000000e+000
    outer loop
      vertex  2.722718e+001  6.957901e+001 -1.200000e+000
      vertex  2.722718e+001  6.957901e+001 -8.000000e-001
      vertex  2.721762e+001  6.951611e+001 -1.200000e+000
    endloop
  endfacet
  facet normal  9.886664e-001 -1.501286e-001  0.000000e+000
    outer loop
      vertex  2.721762e+001  6.951611e+001 -1.200000e+000
      vertex  2.722718e+001  6.957901e+001 -8.000000e-001
      vertex  2.721762e+001  6.951611e+001 -8.000000e-001
    endloop
  endfacet
  facet normal  9.884762e-001 -1.513769e-001  0.000000e+000
    outer loop
      vertex  2.721762e+001  6.951611e+001 -1.200000e+000
      vertex  2.721762e+001  6.951611e+001 -8.000000e-001
      vertex  2.720799e+001  6.945321e+001 -1.200000e+000
    endloop
  endfacet
  facet normal  9.884762e-001 -1.513769e-001  0.000000e+000
    outer loop
      vertex  2.720799e+001  6.945321e+001 -1.200000e+000
      vertex  2.721762e+001  6.951611e+001 -8.000000e-001
      vertex  2.720799e+001  6.945321e+001 -8.000000e-001
    endloop
  endfacet
  facet normal  9.882916e-001 -1.525774e-001  0.000000e+000
    outer loop
      vertex  2.720799e+001  6.945321e+001 -1.200000e+000
      vertex  2.720799e+001  6.945321e+001 -8.000000e-001
      vertex  2.719828e+001  6.939031e+001 -1.200000e+000
    endloop
  endfacet
  facet normal  9.882916e-001 -1.525774e-001  0.000000e+000
    outer loop
      vertex  2.719828e+001  6.939031e+001 -1.200000e+000
      vertex  2.720799e+001  6.945321e+001 -8.000000e-001
      vertex  2.719828e+001  6.939031e+001 -8.000000e-001
    endloop
  endfacet
  facet normal  9.881101e-001 -1.537480e-001  0.000000e+000
    outer loop
      vertex  2.719828e+001  6.939031e+001 -1.200000e+000
      vertex  2.719828e+001  6.939031e+001 -8.000000e-001
      vertex  2.718850e+001  6.932742e+001 -1.200000e+000
    endloop
  endfacet
  facet normal  9.881101e-001 -1.537480e-001  0.000000e+000
    outer loop
      vertex  2.718850e+001  6.932742e+001 -1.200000e+000
      vertex  2.719828e+001  6.939031e+001 -8.000000e-001
      vertex  2.718850e+001  6.932742e+001 -8.000000e-001
    endloop
  endfacet
  facet normal  9.879182e-001 -1.549764e-001  0.000000e+000
    outer loop
      vertex  2.718850e+001  6.932742e+001 -1.200000e+000
      vertex  2.718850e+001  6.932742e+001 -8.000000e-001
      vertex  2.717863e+001  6.926452e+001 -1.200000e+000
    endloop
  endfacet
  facet normal  9.879182e-001 -1.549764e-001  0.000000e+000
    outer loop
      vertex  2.717863e+001  6.926452e+001 -1.200000e+000
      vertex  2.718850e+001  6.932742e+001 -8.000000e-001
      vertex  2.717863e+001  6.926452e+001 -8.000000e-001
    endloop
  endfacet
  facet normal  9.877248e-001 -1.562041e-001  0.000000e+000
    outer loop
      vertex  2.717863e+001  6.926452e+001 -1.200000e+000
      vertex  2.717863e+001  6.926452e+001 -8.000000e-001
      vertex  2.716868e+001  6.920162e+001 -1.200000e+000
    endloop
  endfacet
  facet normal  9.877248e-001 -1.562041e-001  0.000000e+000
    outer loop
      vertex  2.716868e+001  6.920162e+001 -1.200000e+000
      vertex  2.717863e+001  6.926452e+001 -8.000000e-001
      vertex  2.716868e+001  6.920162e+001 -8.000000e-001
    endloop
  endfacet
  facet normal  9.875347e-001 -1.574018e-001  0.000000e+000
    outer loop
      vertex  2.716868e+001  6.920162e+001 -1.200000e+000
      vertex  2.716868e+001  6.920162e+001 -8.000000e-001
      vertex  2.715866e+001  6.913873e+001 -1.200000e+000
    endloop
  endfacet
  facet normal  9.875347e-001 -1.574018e-001  0.000000e+000
    outer loop
      vertex  2.715866e+001  6.913873e+001 -1.200000e+000
      vertex  2.716868e+001  6.920162e+001 -8.000000e-001
      vertex  2.715866e+001  6.913873e+001 -8.000000e-001
    endloop
  endfacet
  facet normal  9.873477e-001 -1.585697e-001  0.000000e+000
    outer loop
      vertex  2.715866e+001  6.913873e+001 -1.200000e+000
      vertex  2.715866e+001  6.913873e+001 -8.000000e-001
      vertex  2.714856e+001  6.907583e+001 -1.200000e+000
    endloop
  endfacet
  facet normal  9.873477e-001 -1.585697e-001  0.000000e+000
    outer loop
      vertex  2.714856e+001  6.907583e+001 -1.200000e+000
      vertex  2.715866e+001  6.913873e+001 -8.000000e-001
      vertex  2.714856e+001  6.907583e+001 -8.000000e-001
    endloop
  endfacet
  facet normal  9.871503e-001 -1.597952e-001  0.000000e+000
    outer loop
      vertex  2.714856e+001  6.907583e+001 -1.200000e+000
      vertex  2.714856e+001  6.907583e+001 -8.000000e-001
      vertex  2.713837e+001  6.901293e+001 -1.200000e+000
    endloop
  endfacet
  facet normal  9.871503e-001 -1.597952e-001  0.000000e+000
    outer loop
      vertex  2.713837e+001  6.901293e+001 -1.200000e+000
      vertex  2.714856e+001  6.907583e+001 -8.000000e-001
      vertex  2.713837e+001  6.901293e+001 -8.000000e-001
    endloop
  endfacet
  facet normal  9.883971e-001 -1.518914e-001  0.000000e+000
    outer loop
      vertex  2.713837e+001  6.901293e+001 -1.200000e+000
      vertex  2.713837e+001  6.901293e+001 -8.000000e-001
      vertex  2.712642e+001  6.893517e+001 -1.200000e+000
    endloop
  endfacet
  facet normal  9.883971e-001 -1.518914e-001  0.000000e+000
    outer loop
      vertex  2.712642e+001  6.893517e+001 -1.200000e+000
      vertex  2.713837e+001  6.901293e+001 -8.000000e-001
      vertex  2.712642e+001  6.893517e+001 -8.000000e-001
    endloop
  endfacet
  facet normal  9.898412e-001 -1.421775e-001  0.000000e+000
    outer loop
      vertex  2.712642e+001  6.893517e+001 -1.200000e+000
      vertex  2.712642e+001  6.893517e+001 -8.000000e-001
      vertex  2.711573e+001  6.886072e+001 -1.200000e+000
    endloop
  endfacet
  facet normal  9.898412e-001 -1.421775e-001  0.000000e+000
    outer loop
      vertex  2.711573e+001  6.886072e+001 -1.200000e+000
      vertex  2.712642e+001  6.893517e+001 -8.000000e-001
      vertex  2.711573e+001  6.886072e+001 -8.000000e-001
    endloop
  endfacet
  facet normal  9.913247e-001 -1.314361e-001  0.000000e+000
    outer loop
      vertex  2.711573e+001  6.886072e+001 -1.200000e+000
      vertex  2.711573e+001  6.886072e+001 -8.000000e-001
      vertex  2.710630e+001  6.878957e+001 -1.200000e+000
    endloop
  endfacet
  facet normal  9.913247e-001 -1.314361e-001  0.000000e+000
    outer loop
      vertex  2.710630e+001  6.878957e+001 -1.200000e+000
      vertex  2.711573e+001  6.886072e+001 -8.000000e-001
      vertex  2.710630e+001  6.878957e+001 -8.000000e-001
    endloop
  endfacet
  facet normal  9.928161e-001 -1.196504e-001  0.000000e+000
    outer loop
      vertex  2.710630e+001  6.878957e+001 -1.200000e+000
      vertex  2.710630e+001  6.878957e+001 -8.000000e-001
      vertex  2.709812e+001  6.872172e+001 -1.200000e+000
    endloop
  endfacet
  facet normal  9.928161e-001 -1.196504e-001  0.000000e+000
    outer loop
      vertex  2.709812e+001  6.872172e+001 -1.200000e+000
      vertex  2.710630e+001  6.878957e+001 -8.000000e-001
      vertex  2.709812e+001  6.872172e+001 -8.000000e-001
    endloop
  endfacet
  facet normal  9.943020e-001 -1.065995e-001  0.000000e+000
    outer loop
      vertex  2.709812e+001  6.872172e+001 -1.200000e+000
      vertex  2.709812e+001  6.872172e+001 -8.000000e-001
      vertex  2.709120e+001  6.865717e+001 -1.200000e+000
    endloop
  endfacet
  facet normal  9.943020e-001 -1.065995e-001  0.000000e+000
    outer loop
      vertex  2.709120e+001  6.865717e+001 -1.200000e+000
      vertex  2.709812e+001  6.872172e+001 -8.000000e-001
      vertex  2.709120e+001  6.865717e+001 -8.000000e-001
    endloop
  endfacet
  facet normal  9.957558e-001 -9.203423e-002  0.000000e+000
    outer loop
      vertex  2.709120e+001  6.865717e+001 -1.200000e+000
      vertex  2.709120e+001  6.865717e+001 -8.000000e-001
      vertex  2.708554e+001  6.859592e+001 -1.200000e+000
    endloop
  endfacet
  facet normal  9.957558e-001 -9.203423e-002  0.000000e+000
    outer loop
      vertex  2.708554e+001  6.859592e+001 -1.200000e+000
      vertex  2.709120e+001  6.865717e+001 -8.000000e-001
      vertex  2.708554e+001  6.859592e+001 -8.000000e-001
    endloop
  endfacet
  facet normal  9.971291e-001 -7.572011e-002  0.000000e+000
    outer loop
      vertex  2.708554e+001  6.859592e+001 -1.200000e+000
      vertex  2.708554e+001  6.859592e+001 -8.000000e-001
      vertex  2.708114e+001  6.853798e+001 -1.200000e+000
    endloop
  endfacet
  facet normal  9.971291e-001 -7.572011e-002  0.000000e+000
    outer loop
      vertex  2.708114e+001  6.853798e+001 -1.200000e+000
      vertex  2.708554e+001  6.859592e+001 -8.000000e-001
      vertex  2.708114e+001  6.853798e+001 -8.000000e-001
    endloop
  endfacet
  facet normal  9.983456e-001 -5.750035e-002  0.000000e+000
    outer loop
      vertex  2.708114e+001  6.853798e+001 -1.200000e+000
      vertex  2.708114e+001  6.853798e+001 -8.000000e-001
      vertex  2.707799e+001  6.848334e+001 -1.200000e+000
    endloop
  endfacet
  facet normal  9.983456e-001 -5.750035e-002  0.000000e+000
    outer loop
      vertex  2.707799e+001  6.848334e+001 -1.200000e+000
      vertex  2.708114e+001  6.853798e+001 -8.000000e-001
      vertex  2.707799e+001  6.848334e+001 -8.000000e-001
    endloop
  endfacet
  facet normal  9.993256e-001 -3.671917e-002  0.000000e+000
    outer loop
      vertex  2.707799e+001  6.848334e+001 -1.200000e+000
      vertex  2.707799e+001  6.848334e+001 -8.000000e-001
      vertex  2.707611e+001  6.843200e+001 -1.200000e+000
    endloop
  endfacet
  facet normal  9.993256e-001 -3.671917e-002  0.000000e+000
    outer loop
      vertex  2.707611e+001  6.843200e+001 -1.200000e+000
      vertex  2.707799e+001  6.848334e+001 -8.000000e-001
      vertex  2.707611e+001  6.843200e+001 -8.000000e-001
    endloop
  endfacet
  facet normal  9.999148e-001 -1.306066e-002  0.000000e+000
    outer loop
      vertex  2.707611e+001  6.843200e+001 -1.200000e+000
      vertex  2.707611e+001  6.843200e+001 -8.000000e-001
      vertex  2.707548e+001  6.838396e+001 -1.200000e+000
    endloop
  endfacet
  facet normal  9.999148e-001 -1.306066e-002  0.000000e+000
    outer loop
      vertex  2.707548e+001  6.838396e+001 -1.200000e+000
      vertex  2.707611e+001  6.843200e+001 -8.000000e-001
      vertex  2.707548e+001  6.838396e+001 -8.000000e-001
    endloop
  endfacet
  facet normal  9.986627e-001  5.170000e-002  0.000000e+000
    outer loop
      vertex  2.707548e+001  6.838396e+001 -1.200000e+000
      vertex  2.707548e+001  6.838396e+001 -8.000000e-001
      vertex  2.708031e+001  6.829060e+001 -1.200000e+000
    endloop
  endfacet
  facet normal  9.986627e-001  5.170000e-002  -0.000000e+000
    outer loop
      vertex  2.708031e+001  6.829060e+001 -1.200000e+000
      vertex  2.707548e+001  6.838396e+001 -8.000000e-001
      vertex  2.708031e+001  6.829060e+001 -8.000000e-001
    endloop
  endfacet
  facet normal  9.852561e-001  1.710858e-001  0.000000e+000
    outer loop
      vertex  2.708031e+001  6.829060e+001 -1.200000e+000
      vertex  2.708031e+001  6.829060e+001 -8.000000e-001
      vertex  2.709482e+001  6.820706e+001 -1.200000e+000
    endloop
  endfacet
  facet normal  9.852561e-001  1.710858e-001  -0.000000e+000
    outer loop
      vertex  2.709482e+001  6.820706e+001 -1.200000e+000
      vertex  2.708031e+001  6.829060e+001 -8.000000e-001
      vertex  2.709482e+001  6.820706e+001 -8.000000e-001
    endloop
  endfacet
  facet normal  9.501966e-001  3.116511e-001  0.000000e+000
    outer loop
      vertex  2.709482e+001  6.820706e+001 -1.200000e+000
      vertex  2.709482e+001  6.820706e+001 -8.000000e-001
      vertex  2.711899e+001  6.813335e+001 -1.200000e+000
    endloop
  endfacet
  facet normal  9.501966e-001  3.116511e-001  -0.000000e+000
    outer loop
      vertex  2.711899e+001  6.813335e+001 -1.200000e+000
      vertex  2.709482e+001  6.820706e+001 -8.000000e-001
      vertex  2.711899e+001  6.813335e+001 -8.000000e-001
    endloop
  endfacet
  facet normal  8.836126e-001  4.682187e-001  0.000000e+000
    outer loop
      vertex  2.711899e+001  6.813335e+001 -1.200000e+000
      vertex  2.711899e+001  6.813335e+001 -8.000000e-001
      vertex  2.715284e+001  6.806947e+001 -1.200000e+000
    endloop
  endfacet
  facet normal  8.836126e-001  4.682187e-001  -0.000000e+000
    outer loop
      vertex  2.715284e+001  6.806947e+001 -1.200000e+000
      vertex  2.711899e+001  6.813335e+001 -8.000000e-001
      vertex  2.715284e+001  6.806947e+001 -8.000000e-001
    endloop
  endfacet
  facet normal  7.789344e-001  6.271054e-001  0.000000e+000
    outer loop
      vertex  2.715284e+001  6.806947e+001 -1.200000e+000
      vertex  2.715284e+001  6.806947e+001 -8.000000e-001
      vertex  2.719636e+001  6.801542e+001 -1.200000e+000
    endloop
  endfacet
  facet normal  7.789344e-001  6.271054e-001  -0.000000e+000
    outer loop
      vertex  2.719636e+001  6.801542e+001 -1.200000e+000
      vertex  2.715284e+001  6.806947e+001 -8.000000e-001
      vertex  2.719636e+001  6.801542e+001 -8.000000e-001
    endloop
  endfacet
  facet normal  6.392998e-001  7.689577e-001  0.000000e+000
    outer loop
      vertex  2.719636e+001  6.801542e+001 -1.200000e+000
      vertex  2.719636e+001  6.801542e+001 -8.000000e-001
      vertex  2.724955e+001  6.797120e+001 -1.200000e+000
    endloop
  endfacet
  facet normal  6.392998e-001  7.689577e-001  -0.000000e+000
    outer loop
      vertex  2.724955e+001  6.797120e+001 -1.200000e+000
      vertex  2.719636e+001  6.801542e+001 -8.000000e-001
      vertex  2.724955e+001  6.797120e+001 -8.000000e-001
    endloop
  endfacet
  facet normal  4.800825e-001  8.772233e-001  0.000000e+000
    outer loop
      vertex  2.724955e+001  6.797120e+001 -1.200000e+000
      vertex  2.724955e+001  6.797120e+001 -8.000000e-001
      vertex  2.731240e+001  6.793680e+001 -1.200000e+000
    endloop
  endfacet
  facet normal  4.800825e-001  8.772233e-001  -0.000000e+000
    outer loop
      vertex  2.731240e+001  6.793680e+001 -1.200000e+000
      vertex  2.724955e+001  6.797120e+001 -8.000000e-001
      vertex  2.731240e+001  6.793680e+001 -8.000000e-001
    endloop
  endfacet
  facet normal  3.208196e-001  9.471403e-001  0.000000e+000
    outer loop
      vertex  2.731240e+001  6.793680e+001 -1.200000e+000
      vertex  2.731240e+001  6.793680e+001 -8.000000e-001
      vertex  2.738493e+001  6.791223e+001 -1.200000e+000
    endloop
  endfacet
  facet normal  3.208196e-001  9.471403e-001  -0.000000e+000
    outer loop
      vertex  2.738493e+001  6.791223e+001 -1.200000e+000
      vertex  2.731240e+001  6.793680e+001 -8.000000e-001
      vertex  2.738493e+001  6.791223e+001 -8.000000e-001
    endloop
  endfacet
  facet normal  1.765937e-001  9.842837e-001  0.000000e+000
    outer loop
      vertex  2.738493e+001  6.791223e+001 -1.200000e+000
      vertex  2.738493e+001  6.791223e+001 -8.000000e-001
      vertex  2.746713e+001  6.789748e+001 -1.200000e+000
    endloop
  endfacet
  facet normal  1.765937e-001  9.842837e-001  -0.000000e+000
    outer loop
      vertex  2.746713e+001  6.789748e+001 -1.200000e+000
      vertex  2.738493e+001  6.791223e+001 -8.000000e-001
      vertex  2.746713e+001  6.789748e+001 -8.000000e-001
    endloop
  endfacet
  facet normal -3.057504e-002  9.995325e-001  0.000000e+000
    outer loop
      vertex  3.026358e+001  6.789258e+001 -1.200000e+000
      vertex  3.026358e+001  6.789258e+001 -8.000000e-001
      vertex  3.033666e+001  6.789481e+001 -1.200000e+000
    endloop
  endfacet
  facet normal -3.057504e-002  9.995325e-001  0.000000e+000
    outer loop
      vertex  3.033666e+001  6.789481e+001 -1.200000e+000
      vertex  3.026358e+001  6.789258e+001 -8.000000e-001
      vertex  3.033666e+001  6.789481e+001 -8.000000e-001
    endloop
  endfacet
  facet normal  5.332269e-002  9.985773e-001  0.000000e+000
    outer loop
      vertex  2.746713e+001  6.789748e+001 -1.200000e+000
      vertex  2.746713e+001  6.789748e+001 -8.000000e-001
      vertex  2.755900e+001  6.789258e+001 -1.200000e+000
    endloop
  endfacet
  facet normal  5.332269e-002  9.985773e-001  -0.000000e+000
    outer loop
      vertex  2.755900e+001  6.789258e+001 -1.200000e+000
      vertex  2.746713e+001  6.789748e+001 -8.000000e-001
      vertex  2.755900e+001  6.789258e+001 -8.000000e-001
    endloop
  endfacet
  facet normal  0.000000e+000  0.000000e+000 -1.000000e+000
    outer loop
      vertex  2.711899e+001  6.813335e+001 -8.000000e-001
      vertex  2.709482e+001  6.820706e+001 -8.000000e-001
      vertex  2.709812e+001  6.872172e+001 -8.000000e-001
    endloop
  endfacet
  facet normal  0.000000e+000  0.000000e+000 -1.000000e+000
    outer loop
      vertex  2.723665e+001  6.964191e+001 -8.000000e-001
      vertex  2.490945e+001  6.964191e+001 -8.000000e-001
      vertex  2.490945e+001  7.054212e+001 -8.000000e-001
    endloop
  endfacet
  facet normal  0.000000e+000  0.000000e+000 -1.000000e+000
    outer loop
      vertex  2.707799e+001  6.848334e+001 -8.000000e-001
      vertex  2.707548e+001  6.838396e+001 -8.000000e-001
      vertex  2.707611e+001  6.843200e+001 -8.000000e-001
    endloop
  endfacet
  facet normal  0.000000e+000  0.000000e+000 -1.000000e+000
    outer loop
      vertex  2.708031e+001  6.829060e+001 -8.000000e-001
      vertex  2.707548e+001  6.838396e+001 -8.000000e-001
      vertex  2.707799e+001  6.848334e+001 -8.000000e-001
    endloop
  endfacet
  facet normal  0.000000e+000  0.000000e+000 -1.000000e+000
    outer loop
      vertex  2.708031e+001  6.829060e+001 -8.000000e-001
      vertex  2.707799e+001  6.848334e+001 -8.000000e-001
      vertex  2.708114e+001  6.853798e+001 -8.000000e-001
    endloop
  endfacet
  facet normal  0.000000e+000  -0.000000e+000 -1.000000e+000
    outer loop
      vertex  2.708031e+001  6.829060e+001 -8.000000e-001
      vertex  2.708114e+001  6.853798e+001 -8.000000e-001
      vertex  2.708554e+001  6.859592e+001 -8.000000e-001
    endloop
  endfacet
  facet normal  0.000000e+000  0.000000e+000 -1.000000e+000
    outer loop
      vertex  2.709482e+001  6.820706e+001 -8.000000e-001
      vertex  2.708031e+001  6.829060e+001 -8.000000e-001
      vertex  2.708554e+001  6.859592e+001 -8.000000e-001
    endloop
  endfacet
  facet normal  0.000000e+000  0.000000e+000 -9.999999e-001
    outer loop
      vertex  2.709482e+001  6.820706e+001 -8.000000e-001
      vertex  2.708554e+001  6.859592e+001 -8.000000e-001
      vertex  2.709120e+001  6.865717e+001 -8.000000e-001
    endloop
  endfacet
  facet normal  0.000000e+000  0.000000e+000 -9.999999e-001
    outer loop
      vertex  2.709482e+001  6.820706e+001 -8.000000e-001
      vertex  2.709120e+001  6.865717e+001 -8.000000e-001
      vertex  2.709812e+001  6.872172e+001 -8.000000e-001
    endloop
  endfacet
  facet normal  0.000000e+000  -0.000000e+000 -1.000000e+000
    outer loop
      vertex  2.710630e+001  6.878957e+001 -8.000000e-001
      vertex  2.711573e+001  6.886072e+001 -8.000000e-001
      vertex  2.785776e+001  6.964191e+001 -8.000000e-001
    endloop
  endfacet
  facet normal  0.000000e+000  0.000000e+000 -9.999999e-001
    outer loop
      vertex  2.710630e+001  6.878957e+001 -8.000000e-001
      vertex  2.785776e+001  6.964191e+001 -8.000000e-001
      vertex  2.784204e+001  6.879672e+001 -8.000000e-001
    endloop
  endfacet
  facet normal  0.000000e+000  0.000000e+000 -1.000000e+000
    outer loop
      vertex  2.710630e+001  6.878957e+001 -8.000000e-001
      vertex  2.784204e+001  6.879672e+001 -8.000000e-001
      vertex  2.755900e+001  6.789258e+001 -8.000000e-001
    endloop
  endfacet
  facet normal  0.000000e+000  0.000000e+000 -1.000000e+000
    outer loop
      vertex  2.710630e+001  6.878957e+001 -8.000000e-001
      vertex  2.755900e+001  6.789258e+001 -8.000000e-001
      vertex  2.746713e+001  6.789748e+001 -8.000000e-001
    endloop
  endfacet
  facet normal  0.000000e+000  0.000000e+000 -1.000000e+000
    outer loop
      vertex  2.710630e+001  6.878957e+001 -8.000000e-001
      vertex  2.746713e+001  6.789748e+001 -8.000000e-001
      vertex  2.738493e+001  6.791223e+001 -8.000000e-001
    endloop
  endfacet
  facet normal  0.000000e+000  0.000000e+000 -1.000000e+000
    outer loop
      vertex  2.710630e+001  6.878957e+001 -8.000000e-001
      vertex  2.738493e+001  6.791223e+001 -8.000000e-001
      vertex  2.731240e+001  6.793680e+001 -8.000000e-001
    endloop
  endfacet
  facet normal  0.000000e+000  0.000000e+000 -1.000000e+000
    outer loop
      vertex  2.710630e+001  6.878957e+001 -8.000000e-001
      vertex  2.731240e+001  6.793680e+001 -8.000000e-001
      vertex  2.724955e+001  6.797120e+001 -8.000000e-001
    endloop
  endfacet
  facet normal  0.000000e+000  0.000000e+000 -1.000000e+000
    outer loop
      vertex  2.710630e+001  6.878957e+001 -8.000000e-001
      vertex  2.724955e+001  6.797120e+001 -8.000000e-001
      vertex  2.719636e+001  6.801542e+001 -8.000000e-001
    endloop
  endfacet
  facet normal  0.000000e+000  0.000000e+000 -1.000000e+000
    outer loop
      vertex  2.710630e+001  6.878957e+001 -8.000000e-001
      vertex  2.719636e+001  6.801542e+001 -8.000000e-001
      vertex  2.715284e+001  6.806947e+001 -8.000000e-001
    endloop
  endfacet
  facet normal  0.000000e+000  0.000000e+000 -1.000000e+000
    outer loop
      vertex  2.710630e+001  6.878957e+001 -8.000000e-001
      vertex  2.715284e+001  6.806947e+001 -8.000000e-001
      vertex  2.711899e+001  6.813335e+001 -8.000000e-001
    endloop
  endfacet
  facet normal  0.000000e+000  0.000000e+000 -9.999999e-001
    outer loop
      vertex  2.710630e+001  6.878957e+001 -8.000000e-001
      vertex  2.711899e+001  6.813335e+001 -8.000000e-001
      vertex  2.709812e+001  6.872172e+001 -8.000000e-001
    endloop
  endfacet
  facet normal  -0.000000e+000  0.000000e+000 -9.999999e-001
    outer loop
      vertex  3.001592e+001  6.879672e+001 -8.000000e-001
      vertex  3.106159e+001  6.871416e+001 -8.000000e-001
      vertex  3.105947e+001  6.864097e+001 -8.000000e-001
    endloop
  endfacet
  facet normal  -0.000000e+000  0.000000e+000 -1.000000e+000
    outer loop
      vertex  3.001592e+001  6.879672e+001 -8.000000e-001
      vertex  3.105947e+001  6.864097e+001 -8.000000e-001
      vertex  3.105310e+001  6.857076e+001 -8.000000e-001
    endloop
  endfacet
  facet normal  -0.000000e+000  0.000000e+000 -1.000000e+000
    outer loop
      vertex  3.001592e+001  6.879672e+001 -8.000000e-001
      vertex  3.105310e+001  6.857076e+001 -8.000000e-001
      vertex  3.104249e+001  6.850354e+001 -8.000000e-001
    endloop
  endfacet
  facet normal  -0.000000e+000  0.000000e+000 -1.000000e+000
    outer loop
      vertex  3.001592e+001  6.879672e+001 -8.000000e-001
      vertex  3.104249e+001  6.850354e+001 -8.000000e-001
      vertex  3.102763e+001  6.843931e+001 -8.000000e-001
    endloop
  endfacet
  facet normal  -0.000000e+000  0.000000e+000 -1.000000e+000
    outer loop
      vertex  3.001592e+001  6.879672e+001 -8.000000e-001
      vertex  3.102763e+001  6.843931e+001 -8.000000e-001
      vertex  3.100852e+001  6.837807e+001 -8.000000e-001
    endloop
  endfacet
  facet normal  -0.000000e+000  0.000000e+000 -1.000000e+000
    outer loop
      vertex  3.001592e+001  6.879672e+001 -8.000000e-001
      vertex  3.100852e+001  6.837807e+001 -8.000000e-001
      vertex  3.098517e+001  6.831980e+001 -8.000000e-001
    endloop
  endfacet
  facet normal  -0.000000e+000  0.000000e+000 -1.000000e+000
    outer loop
      vertex  3.001592e+001  6.879672e+001 -8.000000e-001
      vertex  3.098517e+001  6.831980e+001 -8.000000e-001
      vertex  3.095757e+001  6.826453e+001 -8.000000e-001
    endloop
  endfacet
  facet normal  -0.000000e+000  0.000000e+000 -1.000000e+000
    outer loop
      vertex  3.001592e+001  6.879672e+001 -8.000000e-001
      vertex  3.095757e+001  6.826453e+001 -8.000000e-001
      vertex  3.092573e+001  6.821225e+001 -8.000000e-001
    endloop
  endfacet
  facet normal  -0.000000e+000  0.000000e+000 -1.000000e+000
    outer loop
      vertex  3.001592e+001  6.879672e+001 -8.000000e-001
      vertex  3.092573e+001  6.821225e+001 -8.000000e-001
      vertex  3.088964e+001  6.816296e+001 -8.000000e-001
    endloop
  endfacet
  facet normal  -0.000000e+000  0.000000e+000 -1.000000e+000
    outer loop
      vertex  3.001592e+001  6.879672e+001 -8.000000e-001
      vertex  3.088964e+001  6.816296e+001 -8.000000e-001
      vertex  3.084931e+001  6.811665e+001 -8.000000e-001
    endloop
  endfacet
  facet normal  -0.000000e+000  0.000000e+000 -1.000000e+000
    outer loop
      vertex  3.001592e+001  6.879672e+001 -8.000000e-001
      vertex  3.084931e+001  6.811665e+001 -8.000000e-001
      vertex  3.080524e+001  6.807407e+001 -8.000000e-001
    endloop
  endfacet
  facet normal  -0.000000e+000  0.000000e+000 -1.000000e+000
    outer loop
      vertex  3.001592e+001  6.879672e+001 -8.000000e-001
      vertex  3.080524e+001  6.807407e+001 -8.000000e-001
      vertex  3.075795e+001  6.803598e+001 -8.000000e-001
    endloop
  endfacet
  facet normal  -0.000000e+000  0.000000e+000 -1.000000e+000
    outer loop
      vertex  3.001592e+001  6.879672e+001 -8.000000e-001
      vertex  3.075795e+001  6.803598e+001 -8.000000e-001
      vertex  3.070744e+001  6.800237e+001 -8.000000e-001
    endloop
  endfacet
  facet normal  -0.000000e+000  0.000000e+000 -1.000000e+000
    outer loop
      vertex  3.001592e+001  6.879672e+001 -8.000000e-001
      vertex  3.070744e+001  6.800237e+001 -8.000000e-001
      vertex  3.065370e+001  6.797324e+001 -8.000000e-001
    endloop
  endfacet
  facet normal  -0.000000e+000  0.000000e+000 -1.000000e+000
    outer loop
      vertex  3.001592e+001  6.879672e+001 -8.000000e-001
      vertex  3.065370e+001  6.797324e+001 -8.000000e-001
      vertex  3.059674e+001  6.794859e+001 -8.000000e-001
    endloop
  endfacet
  facet normal  -0.000000e+000  0.000000e+000 -1.000000e+000
    outer loop
      vertex  3.001592e+001  6.879672e+001 -8.000000e-001
      vertex  3.059674e+001  6.794859e+001 -8.000000e-001
      vertex  3.053656e+001  6.792842e+001 -8.000000e-001
    endloop
  endfacet
  facet normal  -0.000000e+000  0.000000e+000 -1.000000e+000
    outer loop
      vertex  3.001592e+001  6.879672e+001 -8.000000e-001
      vertex  3.053656e+001  6.792842e+001 -8.000000e-001
      vertex  3.047315e+001  6.791274e+001 -8.000000e-001
    endloop
  endfacet
  facet normal  -0.000000e+000  0.000000e+000 -1.000000e+000
    outer loop
      vertex  3.001592e+001  6.879672e+001 -8.000000e-001
      vertex  3.047315e+001  6.791274e+001 -8.000000e-001
      vertex  3.040652e+001  6.790154e+001 -8.000000e-001
    endloop
  endfacet
  facet normal  -0.000000e+000  0.000000e+000 -1.000000e+000
    outer loop
      vertex  3.001592e+001  6.879672e+001 -8.000000e-001
      vertex  3.040652e+001  6.790154e+001 -8.000000e-001
      vertex  3.033666e+001  6.789481e+001 -8.000000e-001
    endloop
  endfacet
  facet normal  -0.000000e+000  0.000000e+000 -1.000000e+000
    outer loop
      vertex  3.001592e+001  6.879672e+001 -8.000000e-001
      vertex  3.033666e+001  6.789481e+001 -8.000000e-001
      vertex  3.026358e+001  6.789258e+001 -8.000000e-001
    endloop
  endfacet
  facet normal  0.000000e+000  0.000000e+000 -1.000000e+000
    outer loop
      vertex  3.001592e+001  6.879672e+001 -8.000000e-001
      vertex  3.026358e+001  6.789258e+001 -8.000000e-001
      vertex  2.755900e+001  6.789258e+001 -8.000000e-001
    endloop
  endfacet
  facet normal  0.000000e+000  0.000000e+000 -9.999999e-001
    outer loop
      vertex  3.001592e+001  6.879672e+001 -8.000000e-001
      vertex  2.755900e+001  6.789258e+001 -8.000000e-001
      vertex  2.784204e+001  6.879672e+001 -8.000000e-001
    endloop
  endfacet
  facet normal  0.000000e+000  0.000000e+000 -1.000000e+000
    outer loop
      vertex  2.785776e+001  6.964191e+001 -8.000000e-001
      vertex  2.711573e+001  6.886072e+001 -8.000000e-001
      vertex  2.712642e+001  6.893517e+001 -8.000000e-001
    endloop
  endfacet
  facet normal  0.000000e+000  0.000000e+000 -1.000000e+000
    outer loop
      vertex  2.785776e+001  6.964191e+001 -8.000000e-001
      vertex  2.712642e+001  6.893517e+001 -8.000000e-001
      vertex  2.713837e+001  6.901293e+001 -8.000000e-001
    endloop
  endfacet
  facet normal  0.000000e+000  0.000000e+000 -9.999999e-001
    outer loop
      vertex  2.785776e+001  6.964191e+001 -8.000000e-001
      vertex  2.713837e+001  6.901293e+001 -8.000000e-001
      vertex  2.714856e+001  6.907583e+001 -8.000000e-001
    endloop
  endfacet
  facet normal  0.000000e+000  0.000000e+000 -1.000000e+000
    outer loop
      vertex  2.785776e+001  6.964191e+001 -8.000000e-001
      vertex  2.714856e+001  6.907583e+001 -8.000000e-001
      vertex  2.715866e+001  6.913873e+001 -8.000000e-001
    endloop
  endfacet
  facet normal  0.000000e+000  0.000000e+000 -1.000000e+000
    outer loop
      vertex  2.785776e+001  6.964191e+001 -8.000000e-001
      vertex  2.715866e+001  6.913873e+001 -8.000000e-001
      vertex  2.716868e+001  6.920162e+001 -8.000000e-001
    endloop
  endfacet
  facet normal  0.000000e+000  0.000000e+000 -1.000000e+000
    outer loop
      vertex  2.785776e+001  6.964191e+001 -8.000000e-001
      vertex  2.716868e+001  6.920162e+001 -8.000000e-001
      vertex  2.717863e+001  6.926452e+001 -8.000000e-001
    endloop
  endfacet
  facet normal  0.000000e+000  0.000000e+000 -1.000000e+000
    outer loop
      vertex  2.785776e+001  6.964191e+001 -8.000000e-001
      vertex  2.717863e+001  6.926452e+001 -8.000000e-001
      vertex  2.718850e+001  6.932742e+001 -8.000000e-001
    endloop
  endfacet
  facet normal  0.000000e+000  0.000000e+000 -1.000000e+000
    outer loop
      vertex  2.785776e+001  6.964191e+001 -8.000000e-001
      vertex  2.718850e+001  6.932742e+001 -8.000000e-001
      vertex  2.719828e+001  6.939031e+001 -8.000000e-001
    endloop
  endfacet
  facet normal  0.000000e+000  0.000000e+000 -1.000000e+000
    outer loop
      vertex  2.785776e+001  6.964191e+001 -8.000000e-001
      vertex  2.719828e+001  6.939031e+001 -8.000000e-001
      vertex  2.720799e+001  6.945321e+001 -8.000000e-001
    endloop
  endfacet
  facet normal  0.000000e+000  0.000000e+000 -1.000000e+000
    outer loop
      vertex  2.785776e+001  6.964191e+001 -8.000000e-001
      vertex  2.720799e+001  6.945321e+001 -8.000000e-001
      vertex  2.721762e+001  6.951611e+001 -8.000000e-001
    endloop
  endfacet
  facet normal  0.000000e+000  0.000000e+000 -1.000000e+000
    outer loop
      vertex  2.785776e+001  6.964191e+001 -8.000000e-001
      vertex  2.721762e+001  6.951611e+001 -8.000000e-001
      vertex  2.722718e+001  6.957901e+001 -8.000000e-001
    endloop
  endfacet
  facet normal  0.000000e+000  0.000000e+000 -9.999999e-001
    outer loop
      vertex  2.785776e+001  6.964191e+001 -8.000000e-001
      vertex  2.722718e+001  6.957901e+001 -8.000000e-001
      vertex  2.723665e+001  6.964191e+001 -8.000000e-001
    endloop
  endfacet
  facet normal  0.000000e+000  0.000000e+000 -1.000000e+000
    outer loop
      vertex  2.785776e+001  6.964191e+001 -8.000000e-001
      vertex  2.723665e+001  6.964191e+001 -8.000000e-001
      vertex  2.490945e+001  7.054212e+001 -8.000000e-001
    endloop
  endfacet
  facet normal  0.000000e+000  0.000000e+000 -1.000000e+000
    outer loop
      vertex  2.785776e+001  6.964191e+001 -8.000000e-001
      vertex  2.490945e+001  7.054212e+001 -8.000000e-001
      vertex  3.106159e+001  7.054212e+001 -8.000000e-001
    endloop
  endfacet
  facet normal  0.000000e+000  0.000000e+000 -1.000000e+000
    outer loop
      vertex  2.785776e+001  6.964191e+001 -8.000000e-001
      vertex  3.106159e+001  7.054212e+001 -8.000000e-001
      vertex  3.031468e+001  6.964191e+001 -8.000000e-001
    endloop
  endfacet
  facet normal  0.000000e+000  0.000000e+000 -1.000000e+000
    outer loop
      vertex  3.106159e+001  6.871416e+001 -8.000000e-001
      vertex  3.001592e+001  6.879672e+001 -8.000000e-001
      vertex  3.007269e+001  6.879959e+001 -8.000000e-001
    endloop
  endfacet
  facet normal  0.000000e+000  0.000000e+000 -1.000000e+000
    outer loop
      vertex  3.106159e+001  6.871416e+001 -8.000000e-001
      vertex  3.007269e+001  6.879959e+001 -8.000000e-001
      vertex  3.012348e+001  6.880820e+001 -8.000000e-001
    endloop
  endfacet
  facet normal  0.000000e+000  0.000000e+000 -1.000000e+000
    outer loop
      vertex  3.106159e+001  6.871416e+001 -8.000000e-001
      vertex  3.012348e+001  6.880820e+001 -8.000000e-001
      vertex  3.016829e+001  6.882255e+001 -8.000000e-001
    endloop
  endfacet
  facet normal  0.000000e+000  0.000000e+000 -1.000000e+000
    outer loop
      vertex  3.106159e+001  6.871416e+001 -8.000000e-001
      vertex  3.016829e+001  6.882255e+001 -8.000000e-001
      vertex  3.020713e+001  6.884264e+001 -8.000000e-001
    endloop
  endfacet
  facet normal  0.000000e+000  0.000000e+000 -1.000000e+000
    outer loop
      vertex  3.106159e+001  6.871416e+001 -8.000000e-001
      vertex  3.020713e+001  6.884264e+001 -8.000000e-001
      vertex  3.023999e+001  6.886846e+001 -8.000000e-001
    endloop
  endfacet
  facet normal  0.000000e+000  0.000000e+000 -1.000000e+000
    outer loop
      vertex  3.106159e+001  6.871416e+001 -8.000000e-001
      vertex  3.023999e+001  6.886846e+001 -8.000000e-001
      vertex  3.026688e+001  6.890003e+001 -8.000000e-001
    endloop
  endfacet
  facet normal  0.000000e+000  0.000000e+000 -1.000000e+000
    outer loop
      vertex  3.106159e+001  6.871416e+001 -8.000000e-001
      vertex  3.026688e+001  6.890003e+001 -8.000000e-001
      vertex  3.028780e+001  6.893734e+001 -8.000000e-001
    endloop
  endfacet
  facet normal  0.000000e+000  0.000000e+000 -1.000000e+000
    outer loop
      vertex  3.106159e+001  6.871416e+001 -8.000000e-001
      vertex  3.028780e+001  6.893734e+001 -8.000000e-001
      vertex  3.030274e+001  6.898038e+001 -8.000000e-001
    endloop
  endfacet
  facet normal  0.000000e+000  0.000000e+000 -1.000000e+000
    outer loop
      vertex  3.106159e+001  6.871416e+001 -8.000000e-001
      vertex  3.030274e+001  6.898038e+001 -8.000000e-001
      vertex  3.031170e+001  6.902917e+001 -8.000000e-001
    endloop
  endfacet
  facet normal  0.000000e+000  0.000000e+000 -9.999999e-001
    outer loop
      vertex  3.106159e+001  6.871416e+001 -8.000000e-001
      vertex  3.031170e+001  6.902917e+001 -8.000000e-001
      vertex  3.031468e+001  6.908369e+001 -8.000000e-001
    endloop
  endfacet
  facet normal  0.000000e+000  0.000000e+000 -1.000000e+000
    outer loop
      vertex  3.106159e+001  6.871416e+001 -8.000000e-001
      vertex  3.031468e+001  6.908369e+001 -8.000000e-001
      vertex  3.031468e+001  6.964191e+001 -8.000000e-001
    endloop
  endfacet
  facet normal  0.000000e+000  0.000000e+000 -1.000000e+000
    outer loop
      vertex  3.106159e+001  6.871416e+001 -8.000000e-001
      vertex  3.031468e+001  6.964191e+001 -8.000000e-001
      vertex  3.106159e+001  7.054212e+001 -8.000000e-001
    endloop
  endfacet
  facet normal  0.000000e+000  1.000000e+000  0.000000e+000
    outer loop
      vertex  2.755900e+001  6.789258e+001 -8.000000e-001
      vertex  3.026358e+001  6.789258e+001 -8.000000e-001
      vertex  2.755900e+001  6.789258e+001 -1.200000e+000
    endloop
  endfacet
  facet normal  0.000000e+000  1.000000e+000  0.000000e+000
    outer loop
      vertex  2.755900e+001  6.789258e+001 -1.200000e+000
      vertex  3.026358e+001  6.789258e+001 -8.000000e-001
      vertex  3.026358e+001  6.789258e+001 -1.200000e+000
    endloop
  endfacet
  facet normal -1.764720e-001  9.843056e-001  0.000000e+000
    outer loop
      vertex  3.066357e+001  7.445853e+001 -1.200000e+000
      vertex  3.066357e+001  7.445853e+001 -8.000000e-001
      vertex  3.074710e+001  7.447351e+001 -1.200000e+000
    endloop
  endfacet
  facet normal -1.764720e-001  9.843056e-001  0.000000e+000
    outer loop
      vertex  3.074710e+001  7.447351e+001 -1.200000e+000
      vertex  3.066357e+001  7.445853e+001 -8.000000e-001
      vertex  3.074710e+001  7.447351e+001 -8.000000e-001
    endloop
  endfacet
  facet normal -3.207829e-001  9.471527e-001  0.000000e+000
    outer loop
      vertex  3.074710e+001  7.447351e+001 -1.200000e+000
      vertex  3.074710e+001  7.447351e+001 -8.000000e-001
      vertex  3.082081e+001  7.449847e+001 -1.200000e+000
    endloop
  endfacet
  facet normal -3.207829e-001  9.471527e-001  0.000000e+000
    outer loop
      vertex  3.082081e+001  7.449847e+001 -1.200000e+000
      vertex  3.074710e+001  7.447351e+001 -8.000000e-001
      vertex  3.082081e+001  7.449847e+001 -8.000000e-001
    endloop
  endfacet
  facet normal -4.799860e-001  8.772762e-001  0.000000e+000
    outer loop
      vertex  3.082081e+001  7.449847e+001 -1.200000e+000
      vertex  3.082081e+001  7.449847e+001 -8.000000e-001
      vertex  3.088469e+001  7.453342e+001 -1.200000e+000
    endloop
  endfacet
  facet normal -4.799860e-001  8.772762e-001  0.000000e+000
    outer loop
      vertex  3.088469e+001  7.453342e+001 -1.200000e+000
      vertex  3.082081e+001  7.449847e+001 -8.000000e-001
      vertex  3.088469e+001  7.453342e+001 -8.000000e-001
    endloop
  endfacet
  facet normal -6.392123e-001  7.690303e-001  0.000000e+000
    outer loop
      vertex  3.088469e+001  7.453342e+001 -1.200000e+000
      vertex  3.088469e+001  7.453342e+001 -8.000000e-001
      vertex  3.093875e+001  7.457835e+001 -1.200000e+000
    endloop
  endfacet
  facet normal -6.392123e-001  7.690303e-001  0.000000e+000
    outer loop
      vertex  3.093875e+001  7.457835e+001 -1.200000e+000
      vertex  3.088469e+001  7.453342e+001 -8.000000e-001
      vertex  3.093875e+001  7.457835e+001 -8.000000e-001
    endloop
  endfacet
  facet normal -7.788537e-001  6.272056e-001  0.000000e+000
    outer loop
      vertex  3.093875e+001  7.457835e+001 -1.200000e+000
      vertex  3.093875e+001  7.457835e+001 -8.000000e-001
      vertex  3.098297e+001  7.463327e+001 -1.200000e+000
    endloop
  endfacet
  facet normal -7.788537e-001  6.272056e-001  0.000000e+000
    outer loop
      vertex  3.098297e+001  7.463327e+001 -1.200000e+000
      vertex  3.093875e+001  7.457835e+001 -8.000000e-001
      vertex  3.098297e+001  7.463327e+001 -8.000000e-001
    endloop
  endfacet
  facet normal -8.835819e-001  4.682766e-001  0.000000e+000
    outer loop
      vertex  3.098297e+001  7.463327e+001 -1.200000e+000
      vertex  3.098297e+001  7.463327e+001 -8.000000e-001
      vertex  3.101737e+001  7.469817e+001 -1.200000e+000
    endloop
  endfacet
  facet normal -8.835819e-001  4.682766e-001  0.000000e+000
    outer loop
      vertex  3.101737e+001  7.469817e+001 -1.200000e+000
      vertex  3.098297e+001  7.463327e+001 -8.000000e-001
      vertex  3.101737e+001  7.469817e+001 -8.000000e-001
    endloop
  endfacet
  facet normal -9.501826e-001  3.116940e-001  0.000000e+000
    outer loop
      vertex  3.101737e+001  7.469817e+001 -1.200000e+000
      vertex  3.101737e+001  7.469817e+001 -8.000000e-001
      vertex  3.104193e+001  7.477306e+001 -1.200000e+000
    endloop
  endfacet
  facet normal -9.501826e-001  3.116940e-001  0.000000e+000
    outer loop
      vertex  3.104193e+001  7.477306e+001 -1.200000e+000
      vertex  3.101737e+001  7.469817e+001 -8.000000e-001
      vertex  3.104193e+001  7.477306e+001 -8.000000e-001
    endloop
  endfacet
  facet normal -9.852433e-001  1.711599e-001  0.000000e+000
    outer loop
      vertex  3.104193e+001  7.477306e+001 -1.200000e+000
      vertex  3.104193e+001  7.477306e+001 -8.000000e-001
      vertex  3.105668e+001  7.485793e+001 -1.200000e+000
    endloop
  endfacet
  facet normal -9.852433e-001  1.711599e-001  0.000000e+000
    outer loop
      vertex  3.105668e+001  7.485793e+001 -1.200000e+000
      vertex  3.104193e+001  7.477306e+001 -8.000000e-001
      vertex  3.105668e+001  7.485793e+001 -8.000000e-001
    endloop
  endfacet
  facet normal -9.986612e-001  5.172829e-002  0.000000e+000
    outer loop
      vertex  3.105668e+001  7.485793e+001 -1.200000e+000
      vertex  3.105668e+001  7.485793e+001 -8.000000e-001
      vertex  3.106159e+001  7.495279e+001 -1.200000e+000
    endloop
  endfacet
  facet normal -9.986612e-001  5.172829e-002  0.000000e+000
    outer loop
      vertex  3.106159e+001  7.495279e+001 -1.200000e+000
      vertex  3.105668e+001  7.485793e+001 -8.000000e-001
      vertex  3.106159e+001  7.495279e+001 -8.000000e-001
    endloop
  endfacet
  facet normal -1.000000e+000  -0.000000e+000  0.000000e+000
    outer loop
      vertex  3.106159e+001  7.495279e+001 -8.000000e-001
      vertex  3.106159e+001  7.651343e+001 -8.000000e-001
      vertex  3.106159e+001  7.495279e+001 -1.200000e+000
    endloop
  endfacet
  facet normal -1.000000e+000  0.000000e+000  0.000000e+000
    outer loop
      vertex  3.106159e+001  7.495279e+001 -1.200000e+000
      vertex  3.106159e+001  7.651343e+001 -8.000000e-001
      vertex  3.106159e+001  7.651343e+001 -1.200000e+000
    endloop
  endfacet
  facet normal -9.987024e-001 -5.092758e-002  -0.000000e+000
    outer loop
      vertex  3.106159e+001  7.651343e+001 -1.200000e+000
      vertex  3.106159e+001  7.651343e+001 -8.000000e-001
      vertex  3.105668e+001  7.660978e+001 -1.200000e+000
    endloop
  endfacet
  facet normal -9.987024e-001 -5.092758e-002  0.000000e+000
    outer loop
      vertex  3.105668e+001  7.660978e+001 -1.200000e+000
      vertex  3.106159e+001  7.651343e+001 -8.000000e-001
      vertex  3.105668e+001  7.660978e+001 -8.000000e-001
    endloop
  endfacet
  facet normal -9.856896e-001 -1.685704e-001  -0.000000e+000
    outer loop
      vertex  3.105668e+001  7.660978e+001 -1.200000e+000
      vertex  3.105668e+001  7.660978e+001 -8.000000e-001
      vertex  3.104193e+001  7.669599e+001 -1.200000e+000
    endloop
  endfacet
  facet normal -9.856896e-001 -1.685704e-001  0.000000e+000
    outer loop
      vertex  3.104193e+001  7.669599e+001 -1.200000e+000
      vertex  3.105668e+001  7.660978e+001 -8.000000e-001
      vertex  3.104193e+001  7.669599e+001 -8.000000e-001
    endloop
  endfacet
  facet normal -9.516006e-001 -3.073374e-001  -0.000000e+000
    outer loop
      vertex  3.104193e+001  7.669599e+001 -1.200000e+000
      vertex  3.104193e+001  7.669599e+001 -8.000000e-001
      vertex  3.101737e+001  7.677206e+001 -1.200000e+000
    endloop
  endfacet
  facet normal -9.516006e-001 -3.073374e-001  0.000000e+000
    outer loop
      vertex  3.101737e+001  7.677206e+001 -1.200000e+000
      vertex  3.104193e+001  7.669599e+001 -8.000000e-001
      vertex  3.101737e+001  7.677206e+001 -8.000000e-001
    endloop
  endfacet
  facet normal -8.865565e-001 -4.626204e-001  -0.000000e+000
    outer loop
      vertex  3.101737e+001  7.677206e+001 -1.200000e+000
      vertex  3.101737e+001  7.677206e+001 -8.000000e-001
      vertex  3.098297e+001  7.683797e+001 -1.200000e+000
    endloop
  endfacet
  facet normal -8.865565e-001 -4.626204e-001  0.000000e+000
    outer loop
      vertex  3.098297e+001  7.683797e+001 -1.200000e+000
      vertex  3.101737e+001  7.677206e+001 -8.000000e-001
      vertex  3.098297e+001  7.683797e+001 -8.000000e-001
    endloop
  endfacet
  facet normal -7.836371e-001 -6.212189e-001  -0.000000e+000
    outer loop
      vertex  3.098297e+001  7.683797e+001 -1.200000e+000
      vertex  3.098297e+001  7.683797e+001 -8.000000e-001
      vertex  3.093875e+001  7.689376e+001 -1.200000e+000
    endloop
  endfacet
  facet normal -7.836371e-001 -6.212189e-001  0.000000e+000
    outer loop
      vertex  3.093875e+001  7.689376e+001 -1.200000e+000
      vertex  3.098297e+001  7.683797e+001 -8.000000e-001
      vertex  3.093875e+001  7.689376e+001 -8.000000e-001
    endloop
  endfacet
  facet normal -6.451249e-001 -7.640772e-001  -0.000000e+000
    outer loop
      vertex  3.093875e+001  7.689376e+001 -1.200000e+000
      vertex  3.093875e+001  7.689376e+001 -8.000000e-001
      vertex  3.088469e+001  7.693940e+001 -1.200000e+000
    endloop
  endfacet
  facet normal -6.451249e-001 -7.640772e-001  0.000000e+000
    outer loop
      vertex  3.088469e+001  7.693940e+001 -1.200000e+000
      vertex  3.093875e+001  7.689376e+001 -8.000000e-001
      vertex  3.088469e+001  7.693940e+001 -8.000000e-001
    endloop
  endfacet
  facet normal -4.857604e-001 -8.740920e-001  -0.000000e+000
    outer loop
      vertex  3.088469e+001  7.693940e+001 -1.200000e+000
      vertex  3.088469e+001  7.693940e+001 -8.000000e-001
      vertex  3.082081e+001  7.697490e+001 -1.200000e+000
    endloop
  endfacet
  facet normal -4.857604e-001 -8.740920e-001  0.000000e+000
    outer loop
      vertex  3.082081e+001  7.697490e+001 -1.200000e+000
      vertex  3.088469e+001  7.693940e+001 -8.000000e-001
      vertex  3.082081e+001  7.697490e+001 -8.000000e-001
    endloop
  endfacet
  facet normal -3.252576e-001 -9.456255e-001  -0.000000e+000
    outer loop
      vertex  3.082081e+001  7.697490e+001 -1.200000e+000
      vertex  3.082081e+001  7.697490e+001 -8.000000e-001
      vertex  3.074710e+001  7.700025e+001 -1.200000e+000
    endloop
  endfacet
  facet normal -3.252576e-001 -9.456255e-001  0.000000e+000
    outer loop
      vertex  3.074710e+001  7.700025e+001 -1.200000e+000
      vertex  3.082081e+001  7.697490e+001 -8.000000e-001
      vertex  3.074710e+001  7.700025e+001 -8.000000e-001
    endloop
  endfacet
  facet normal -1.791701e-001 -9.838181e-001  -0.000000e+000
    outer loop
      vertex  3.074710e+001  7.700025e+001 -1.200000e+000
      vertex  3.074710e+001  7.700025e+001 -8.000000e-001
      vertex  3.066357e+001  7.701546e+001 -1.200000e+000
    endloop
  endfacet
  facet normal -1.791701e-001 -9.838181e-001  0.000000e+000
    outer loop
      vertex  3.066357e+001  7.701546e+001 -1.200000e+000
      vertex  3.074710e+001  7.700025e+001 -8.000000e-001
      vertex  3.066357e+001  7.701546e+001 -8.000000e-001
    endloop
  endfacet
  facet normal -5.426111e-002 -9.985268e-001  -0.000000e+000
    outer loop
      vertex  3.066357e+001  7.701546e+001 -1.200000e+000
      vertex  3.066357e+001  7.701546e+001 -8.000000e-001
      vertex  3.057021e+001  7.702054e+001 -1.200000e+000
    endloop
  endfacet
  facet normal -5.426111e-002 -9.985268e-001  0.000000e+000
    outer loop
      vertex  3.057021e+001  7.702054e+001 -1.200000e+000
      vertex  3.066357e+001  7.701546e+001 -8.000000e-001
      vertex  3.057021e+001  7.702054e+001 -8.000000e-001
    endloop
  endfacet
  facet normal  0.000000e+000 -1.000000e+000  0.000000e+000
    outer loop
      vertex  3.057021e+001  7.702054e+001 -8.000000e-001
      vertex  2.758258e+001  7.702054e+001 -8.000000e-001
      vertex  3.057021e+001  7.702054e+001 -1.200000e+000
    endloop
  endfacet
  facet normal  0.000000e+000 -1.000000e+000  0.000000e+000
    outer loop
      vertex  3.057021e+001  7.702054e+001 -1.200000e+000
      vertex  2.758258e+001  7.702054e+001 -8.000000e-001
      vertex  2.758258e+001  7.702054e+001 -1.200000e+000
    endloop
  endfacet
  facet normal  5.426332e-002 -9.985267e-001  0.000000e+000
    outer loop
      vertex  2.758258e+001  7.702054e+001 -1.200000e+000
      vertex  2.758258e+001  7.702054e+001 -8.000000e-001
      vertex  2.748922e+001  7.701546e+001 -1.200000e+000
    endloop
  endfacet
  facet normal  5.426332e-002 -9.985267e-001  0.000000e+000
    outer loop
      vertex  2.748922e+001  7.701546e+001 -1.200000e+000
      vertex  2.758258e+001  7.702054e+001 -8.000000e-001
      vertex  2.748922e+001  7.701546e+001 -8.000000e-001
    endloop
  endfacet
  facet normal  1.791701e-001 -9.838181e-001  0.000000e+000
    outer loop
      vertex  2.748922e+001  7.701546e+001 -1.200000e+000
      vertex  2.748922e+001  7.701546e+001 -8.000000e-001
      vertex  2.740569e+001  7.700025e+001 -1.200000e+000
    endloop
  endfacet
  facet normal  1.791701e-001 -9.838181e-001  0.000000e+000
    outer loop
      vertex  2.740569e+001  7.700025e+001 -1.200000e+000
      vertex  2.748922e+001  7.701546e+001 -8.000000e-001
      vertex  2.740569e+001  7.700025e+001 -8.000000e-001
    endloop
  endfacet
  facet normal  3.252500e-001 -9.456280e-001  0.000000e+000
    outer loop
      vertex  2.740569e+001  7.700025e+001 -1.200000e+000
      vertex  2.740569e+001  7.700025e+001 -8.000000e-001
      vertex  2.733198e+001  7.697490e+001 -1.200000e+000
    endloop
  endfacet
  facet normal  3.252500e-001 -9.456280e-001  0.000000e+000
    outer loop
      vertex  2.733198e+001  7.697490e+001 -1.200000e+000
      vertex  2.740569e+001  7.700025e+001 -8.000000e-001
      vertex  2.733198e+001  7.697490e+001 -8.000000e-001
    endloop
  endfacet
  facet normal  4.857493e-001 -8.740982e-001  0.000000e+000
    outer loop
      vertex  2.733198e+001  7.697490e+001 -1.200000e+000
      vertex  2.733198e+001  7.697490e+001 -8.000000e-001
      vertex  2.726810e+001  7.693940e+001 -1.200000e+000
    endloop
  endfacet
  facet normal  4.857493e-001 -8.740982e-001  0.000000e+000
    outer loop
      vertex  2.726810e+001  7.693940e+001 -1.200000e+000
      vertex  2.733198e+001  7.697490e+001 -8.000000e-001
      vertex  2.726810e+001  7.693940e+001 -8.000000e-001
    endloop
  endfacet
  facet normal  6.451514e-001 -7.640547e-001  0.000000e+000
    outer loop
      vertex  2.726810e+001  7.693940e+001 -1.200000e+000
      vertex  2.726810e+001  7.693940e+001 -8.000000e-001
      vertex  2.721405e+001  7.689376e+001 -1.200000e+000
    endloop
  endfacet
  facet normal  6.451514e-001 -7.640547e-001  0.000000e+000
    outer loop
      vertex  2.721405e+001  7.689376e+001 -1.200000e+000
      vertex  2.726810e+001  7.693940e+001 -8.000000e-001
      vertex  2.721405e+001  7.689376e+001 -8.000000e-001
    endloop
  endfacet
  facet normal  7.836241e-001 -6.212353e-001  0.000000e+000
    outer loop
      vertex  2.721405e+001  7.689376e+001 -1.200000e+000
      vertex  2.721405e+001  7.689376e+001 -8.000000e-001
      vertex  2.716982e+001  7.683797e+001 -1.200000e+000
    endloop
  endfacet
  facet normal  7.836241e-001 -6.212353e-001  0.000000e+000
    outer loop
      vertex  2.716982e+001  7.683797e+001 -1.200000e+000
      vertex  2.721405e+001  7.689376e+001 -8.000000e-001
      vertex  2.716982e+001  7.683797e+001 -8.000000e-001
    endloop
  endfacet
  facet normal  8.865670e-001 -4.626002e-001  0.000000e+000
    outer loop
      vertex  2.716982e+001  7.683797e+001 -1.200000e+000
      vertex  2.716982e+001  7.683797e+001 -8.000000e-001
      vertex  2.713543e+001  7.677206e+001 -1.200000e+000
    endloop
  endfacet
  facet normal  8.865670e-001 -4.626002e-001  0.000000e+000
    outer loop
      vertex  2.713543e+001  7.677206e+001 -1.200000e+000
      vertex  2.716982e+001  7.683797e+001 -8.000000e-001
      vertex  2.713543e+001  7.677206e+001 -8.000000e-001
    endloop
  endfacet
  facet normal  9.515867e-001 -3.073806e-001  0.000000e+000
    outer loop
      vertex  2.713543e+001  7.677206e+001 -1.200000e+000
      vertex  2.713543e+001  7.677206e+001 -8.000000e-001
      vertex  2.711086e+001  7.669599e+001 -1.200000e+000
    endloop
  endfacet
  facet normal  9.515867e-001 -3.073806e-001  0.000000e+000
    outer loop
      vertex  2.711086e+001  7.669599e+001 -1.200000e+000
      vertex  2.713543e+001  7.677206e+001 -8.000000e-001
      vertex  2.711086e+001  7.669599e+001 -8.000000e-001
    endloop
  endfacet
  facet normal  9.856896e-001 -1.685704e-001  0.000000e+000
    outer loop
      vertex  2.711086e+001  7.669599e+001 -1.200000e+000
      vertex  2.711086e+001  7.669599e+001 -8.000000e-001
      vertex  2.709611e+001  7.660978e+001 -1.200000e+000
    endloop
  endfacet
  facet normal  9.856896e-001 -1.685704e-001  0.000000e+000
    outer loop
      vertex  2.709611e+001  7.660978e+001 -1.200000e+000
      vertex  2.711086e+001  7.669599e+001 -8.000000e-001
      vertex  2.709611e+001  7.660978e+001 -8.000000e-001
    endloop
  endfacet
  facet normal  9.987024e-001 -5.092758e-002  0.000000e+000
    outer loop
      vertex  2.709611e+001  7.660978e+001 -1.200000e+000
      vertex  2.709611e+001  7.660978e+001 -8.000000e-001
      vertex  2.709120e+001  7.651343e+001 -1.200000e+000
    endloop
  endfacet
  facet normal  9.987024e-001 -5.092758e-002  0.000000e+000
    outer loop
      vertex  2.709120e+001  7.651343e+001 -1.200000e+000
      vertex  2.709611e+001  7.660978e+001 -8.000000e-001
      vertex  2.709120e+001  7.651343e+001 -8.000000e-001
    endloop
  endfacet
  facet normal  1.000000e+000  -0.000000e+000  0.000000e+000
    outer loop
      vertex  2.709120e+001  7.651343e+001 -8.000000e-001
      vertex  2.709120e+001  7.495279e+001 -8.000000e-001
      vertex  2.709120e+001  7.651343e+001 -1.200000e+000
    endloop
  endfacet
  facet normal  1.000000e+000  0.000000e+000  0.000000e+000
    outer loop
      vertex  2.709120e+001  7.651343e+001 -1.200000e+000
      vertex  2.709120e+001  7.495279e+001 -8.000000e-001
      vertex  2.709120e+001  7.495279e+001 -1.200000e+000
    endloop
  endfacet
  facet normal  9.986591e-001  5.176834e-002  0.000000e+000
    outer loop
      vertex  2.709120e+001  7.495279e+001 -1.200000e+000
      vertex  2.709120e+001  7.495279e+001 -8.000000e-001
      vertex  2.709612e+001  7.485793e+001 -1.200000e+000
    endloop
  endfacet
  facet normal  9.986591e-001  5.176834e-002  -0.000000e+000
    outer loop
      vertex  2.709612e+001  7.485793e+001 -1.200000e+000
      vertex  2.709120e+001  7.495279e+001 -8.000000e-001
      vertex  2.709612e+001  7.485793e+001 -8.000000e-001
    endloop
  endfacet
  facet normal  9.852507e-001  1.711169e-001  0.000000e+000
    outer loop
      vertex  2.709612e+001  7.485793e+001 -1.200000e+000
      vertex  2.709612e+001  7.485793e+001 -8.000000e-001
      vertex  2.711086e+001  7.477306e+001 -1.200000e+000
    endloop
  endfacet
  facet normal  9.852507e-001  1.711169e-001  -0.000000e+000
    outer loop
      vertex  2.711086e+001  7.477306e+001 -1.200000e+000
      vertex  2.709612e+001  7.485793e+001 -8.000000e-001
      vertex  2.711086e+001  7.477306e+001 -8.000000e-001
    endloop
  endfacet
  facet normal  9.501683e-001  3.117377e-001  0.000000e+000
    outer loop
      vertex  2.711086e+001  7.477306e+001 -1.200000e+000
      vertex  2.711086e+001  7.477306e+001 -8.000000e-001
      vertex  2.713543e+001  7.469817e+001 -1.200000e+000
    endloop
  endfacet
  facet normal  9.501683e-001  3.117377e-001  -0.000000e+000
    outer loop
      vertex  2.713543e+001  7.469817e+001 -1.200000e+000
      vertex  2.711086e+001  7.477306e+001 -8.000000e-001
      vertex  2.713543e+001  7.469817e+001 -8.000000e-001
    endloop
  endfacet
  facet normal  8.835927e-001  4.682563e-001  0.000000e+000
    outer loop
      vertex  2.713543e+001  7.469817e+001 -1.200000e+000
      vertex  2.713543e+001  7.469817e+001 -8.000000e-001
      vertex  2.716982e+001  7.463327e+001 -1.200000e+000
    endloop
  endfacet
  facet normal  8.835927e-001  4.682563e-001  -0.000000e+000
    outer loop
      vertex  2.716982e+001  7.463327e+001 -1.200000e+000
      vertex  2.713543e+001  7.469817e+001 -8.000000e-001
      vertex  2.716982e+001  7.463327e+001 -8.000000e-001
    endloop
  endfacet
  facet normal  7.788405e-001  6.272220e-001  0.000000e+000
    outer loop
      vertex  2.716982e+001  7.463327e+001 -1.200000e+000
      vertex  2.716982e+001  7.463327e+001 -8.000000e-001
      vertex  2.721405e+001  7.457835e+001 -1.200000e+000
    endloop
  endfacet
  facet normal  7.788405e-001  6.272220e-001  -0.000000e+000
    outer loop
      vertex  2.721405e+001  7.457835e+001 -1.200000e+000
      vertex  2.716982e+001  7.463327e+001 -8.000000e-001
      vertex  2.721405e+001  7.457835e+001 -8.000000e-001
    endloop
  endfacet
  facet normal  6.392390e-001  7.690081e-001  0.000000e+000
    outer loop
      vertex  2.721405e+001  7.457835e+001 -1.200000e+000
      vertex  2.721405e+001  7.457835e+001 -8.000000e-001
      vertex  2.726810e+001  7.453342e+001 -1.200000e+000
    endloop
  endfacet
  facet normal  6.392390e-001  7.690081e-001  -0.000000e+000
    outer loop
      vertex  2.726810e+001  7.453342e+001 -1.200000e+000
      vertex  2.721405e+001  7.457835e+001 -8.000000e-001
      vertex  2.726810e+001  7.453342e+001 -8.000000e-001
    endloop
  endfacet
  facet normal  4.799749e-001  8.772822e-001  0.000000e+000
    outer loop
      vertex  2.726810e+001  7.453342e+001 -1.200000e+000
      vertex  2.726810e+001  7.453342e+001 -8.000000e-001
      vertex  2.733198e+001  7.449847e+001 -1.200000e+000
    endloop
  endfacet
  facet normal  4.799749e-001  8.772822e-001  -0.000000e+000
    outer loop
      vertex  2.733198e+001  7.449847e+001 -1.200000e+000
      vertex  2.726810e+001  7.453342e+001 -8.000000e-001
      vertex  2.733198e+001  7.449847e+001 -8.000000e-001
    endloop
  endfacet
  facet normal  3.207755e-001  9.471553e-001  0.000000e+000
    outer loop
      vertex  2.733198e+001  7.449847e+001 -1.200000e+000
      vertex  2.733198e+001  7.449847e+001 -8.000000e-001
      vertex  2.740569e+001  7.447351e+001 -1.200000e+000
    endloop
  endfacet
  facet normal  3.207755e-001  9.471553e-001  -0.000000e+000
    outer loop
      vertex  2.740569e+001  7.447351e+001 -1.200000e+000
      vertex  2.733198e+001  7.449847e+001 -8.000000e-001
      vertex  2.740569e+001  7.447351e+001 -8.000000e-001
    endloop
  endfacet
  facet normal  1.764720e-001  9.843056e-001  0.000000e+000
    outer loop
      vertex  2.740569e+001  7.447351e+001 -1.200000e+000
      vertex  2.740569e+001  7.447351e+001 -8.000000e-001
      vertex  2.748922e+001  7.445853e+001 -1.200000e+000
    endloop
  endfacet
  facet normal  1.764720e-001  9.843056e-001  -0.000000e+000
    outer loop
      vertex  2.748922e+001  7.445853e+001 -1.200000e+000
      vertex  2.740569e+001  7.447351e+001 -8.000000e-001
      vertex  2.748922e+001  7.445853e+001 -8.000000e-001
    endloop
  endfacet
  facet normal  5.336832e-002  9.985749e-001  0.000000e+000
    outer loop
      vertex  2.748922e+001  7.445853e+001 -1.200000e+000
      vertex  2.748922e+001  7.445853e+001 -8.000000e-001
      vertex  2.758258e+001  7.445354e+001 -1.200000e+000
    endloop
  endfacet
  facet normal  5.336832e-002  9.985749e-001  -0.000000e+000
    outer loop
      vertex  2.758258e+001  7.445354e+001 -1.200000e+000
      vertex  2.748922e+001  7.445853e+001 -8.000000e-001
      vertex  2.758258e+001  7.445354e+001 -8.000000e-001
    endloop
  endfacet
  facet normal  0.000000e+000  1.000000e+000  0.000000e+000
    outer loop
      vertex  2.758258e+001  7.445354e+001 -8.000000e-001
      vertex  2.852604e+001  7.445354e+001 -8.000000e-001
      vertex  2.758258e+001  7.445354e+001 -1.200000e+000
    endloop
  endfacet
  facet normal  0.000000e+000  1.000000e+000  0.000000e+000
    outer loop
      vertex  2.758258e+001  7.445354e+001 -1.200000e+000
      vertex  2.852604e+001  7.445354e+001 -8.000000e-001
      vertex  2.852604e+001  7.445354e+001 -1.200000e+000
    endloop
  endfacet
  facet normal -1.000000e+000  -0.000000e+000  0.000000e+000
    outer loop
      vertex  2.852604e+001  7.445354e+001 -8.000000e-001
      vertex  2.852604e+001  7.533017e+001 -8.000000e-001
      vertex  2.852604e+001  7.445354e+001 -1.200000e+000
    endloop
  endfacet
  facet normal -1.000000e+000  0.000000e+000  0.000000e+000
    outer loop
      vertex  2.852604e+001  7.445354e+001 -1.200000e+000
      vertex  2.852604e+001  7.533017e+001 -8.000000e-001
      vertex  2.852604e+001  7.533017e+001 -1.200000e+000
    endloop
  endfacet
  facet normal  0.000000e+000 -1.000000e+000  0.000000e+000
    outer loop
      vertex  2.852604e+001  7.533017e+001 -8.000000e-001
      vertex  2.784204e+001  7.533017e+001 -8.000000e-001
      vertex  2.852604e+001  7.533017e+001 -1.200000e+000
    endloop
  endfacet
  facet normal  0.000000e+000 -1.000000e+000  0.000000e+000
    outer loop
      vertex  2.852604e+001  7.533017e+001 -1.200000e+000
      vertex  2.784204e+001  7.533017e+001 -8.000000e-001
      vertex  2.784204e+001  7.533017e+001 -1.200000e+000
    endloop
  endfacet
  facet normal -9.999999e-001  -0.000000e+000  0.000000e+000
    outer loop
      vertex  2.784204e+001  7.533017e+001 -8.000000e-001
      vertex  2.784204e+001  7.613605e+001 -8.000000e-001
      vertex  2.784204e+001  7.533017e+001 -1.200000e+000
    endloop
  endfacet
  facet normal -9.999999e-001  0.000000e+000  0.000000e+000
    outer loop
      vertex  2.784204e+001  7.533017e+001 -1.200000e+000
      vertex  2.784204e+001  7.613605e+001 -8.000000e-001
      vertex  2.784204e+001  7.613605e+001 -1.200000e+000
    endloop
  endfacet
  facet normal  0.000000e+000  1.000000e+000  0.000000e+000
    outer loop
      vertex  2.784204e+001  7.613605e+001 -8.000000e-001
      vertex  3.031468e+001  7.613605e+001 -8.000000e-001
      vertex  2.784204e+001  7.613605e+001 -1.200000e+000
    endloop
  endfacet
  facet normal  0.000000e+000  1.000000e+000  0.000000e+000
    outer loop
      vertex  2.784204e+001  7.613605e+001 -1.200000e+000
      vertex  3.031468e+001  7.613605e+001 -8.000000e-001
      vertex  3.031468e+001  7.613605e+001 -1.200000e+000
    endloop
  endfacet
  facet normal  9.999999e-001  -0.000000e+000  0.000000e+000
    outer loop
      vertex  3.031468e+001  7.613605e+001 -8.000000e-001
      vertex  3.031468e+001  7.533017e+001 -8.000000e-001
      vertex  3.031468e+001  7.613605e+001 -1.200000e+000
    endloop
  endfacet
  facet normal  9.999999e-001  0.000000e+000  0.000000e+000
    outer loop
      vertex  3.031468e+001  7.613605e+001 -1.200000e+000
      vertex  3.031468e+001  7.533017e+001 -8.000000e-001
      vertex  3.031468e+001  7.533017e+001 -1.200000e+000
    endloop
  endfacet
  facet normal  0.000000e+000 -1.000000e+000  0.000000e+000
    outer loop
      vertex  3.031468e+001  7.533017e+001 -8.000000e-001
      vertex  2.955599e+001  7.533017e+001 -8.000000e-001
      vertex  3.031468e+001  7.533017e+001 -1.200000e+000
    endloop
  endfacet
  facet normal  0.000000e+000 -1.000000e+000  0.000000e+000
    outer loop
      vertex  3.031468e+001  7.533017e+001 -1.200000e+000
      vertex  2.955599e+001  7.533017e+001 -8.000000e-001
      vertex  2.955599e+001  7.533017e+001 -1.200000e+000
    endloop
  endfacet
  facet normal -5.336614e-002  9.985750e-001  0.000000e+000
    outer loop
      vertex  3.057021e+001  7.445354e+001 -1.200000e+000
      vertex  3.057021e+001  7.445354e+001 -8.000000e-001
      vertex  3.066357e+001  7.445853e+001 -1.200000e+000
    endloop
  endfacet
  facet normal -5.336614e-002  9.985750e-001  0.000000e+000
    outer loop
      vertex  3.066357e+001  7.445853e+001 -1.200000e+000
      vertex  3.057021e+001  7.445354e+001 -8.000000e-001
      vertex  3.066357e+001  7.445853e+001 -8.000000e-001
    endloop
  endfacet
  facet normal  1.000000e+000  -0.000000e+000  0.000000e+000
    outer loop
      vertex  2.955599e+001  7.533017e+001 -8.000000e-001
      vertex  2.955599e+001  7.445354e+001 -8.000000e-001
      vertex  2.955599e+001  7.533017e+001 -1.200000e+000
    endloop
  endfacet
  facet normal  1.000000e+000  0.000000e+000  0.000000e+000
    outer loop
      vertex  2.955599e+001  7.533017e+001 -1.200000e+000
      vertex  2.955599e+001  7.445354e+001 -8.000000e-001
      vertex  2.955599e+001  7.445354e+001 -1.200000e+000
    endloop
  endfacet
  facet normal  -0.000000e+000  -0.000000e+000 -9.999999e-001
    outer loop
      vertex  2.758258e+001  7.702054e+001 -8.000000e-001
      vertex  3.057021e+001  7.702054e+001 -8.000000e-001
      vertex  3.066357e+001  7.701546e+001 -8.000000e-001
    endloop
  endfacet
  facet normal  -0.000000e+000  -0.000000e+000 -1.000000e+000
    outer loop
      vertex  2.955599e+001  7.533017e+001 -8.000000e-001
      vertex  3.031468e+001  7.533017e+001 -8.000000e-001
      vertex  3.106159e+001  7.495279e+001 -8.000000e-001
    endloop
  endfacet
  facet normal  -0.000000e+000  0.000000e+000 -1.000000e+000
    outer loop
      vertex  2.955599e+001  7.533017e+001 -8.000000e-001
      vertex  3.106159e+001  7.495279e+001 -8.000000e-001
      vertex  3.105668e+001  7.485793e+001 -8.000000e-001
    endloop
  endfacet
  facet normal  -0.000000e+000  0.000000e+000 -1.000000e+000
    outer loop
      vertex  2.955599e+001  7.533017e+001 -8.000000e-001
      vertex  3.105668e+001  7.485793e+001 -8.000000e-001
      vertex  3.104193e+001  7.477306e+001 -8.000000e-001
    endloop
  endfacet
  facet normal  -0.000000e+000  0.000000e+000 -1.000000e+000
    outer loop
      vertex  2.955599e+001  7.533017e+001 -8.000000e-001
      vertex  3.104193e+001  7.477306e+001 -8.000000e-001
      vertex  3.101737e+001  7.469817e+001 -8.000000e-001
    endloop
  endfacet
  facet normal  -0.000000e+000  0.000000e+000 -1.000000e+000
    outer loop
      vertex  2.955599e+001  7.533017e+001 -8.000000e-001
      vertex  3.101737e+001  7.469817e+001 -8.000000e-001
      vertex  3.098297e+001  7.463327e+001 -8.000000e-001
    endloop
  endfacet
  facet normal  -0.000000e+000  0.000000e+000 -9.999999e-001
    outer loop
      vertex  2.955599e+001  7.533017e+001 -8.000000e-001
      vertex  3.098297e+001  7.463327e+001 -8.000000e-001
      vertex  3.093875e+001  7.457835e+001 -8.000000e-001
    endloop
  endfacet
  facet normal  -0.000000e+000  0.000000e+000 -1.000000e+000
    outer loop
      vertex  2.955599e+001  7.533017e+001 -8.000000e-001
      vertex  3.093875e+001  7.457835e+001 -8.000000e-001
      vertex  3.088469e+001  7.453342e+001 -8.000000e-001
    endloop
  endfacet
  facet normal  -0.000000e+000  0.000000e+000 -1.000000e+000
    outer loop
      vertex  2.955599e+001  7.533017e+001 -8.000000e-001
      vertex  3.088469e+001  7.453342e+001 -8.000000e-001
      vertex  3.082081e+001  7.449847e+001 -8.000000e-001
    endloop
  endfacet
  facet normal  -0.000000e+000  0.000000e+000 -1.000000e+000
    outer loop
      vertex  2.955599e+001  7.533017e+001 -8.000000e-001
      vertex  3.082081e+001  7.449847e+001 -8.000000e-001
      vertex  3.074710e+001  7.447351e+001 -8.000000e-001
    endloop
  endfacet
  facet normal  -0.000000e+000  0.000000e+000 -1.000000e+000
    outer loop
      vertex  2.955599e+001  7.533017e+001 -8.000000e-001
      vertex  3.074710e+001  7.447351e+001 -8.000000e-001
      vertex  3.066357e+001  7.445853e+001 -8.000000e-001
    endloop
  endfacet
  facet normal  -0.000000e+000  0.000000e+000 -1.000000e+000
    outer loop
      vertex  2.955599e+001  7.533017e+001 -8.000000e-001
      vertex  3.066357e+001  7.445853e+001 -8.000000e-001
      vertex  3.057021e+001  7.445354e+001 -8.000000e-001
    endloop
  endfacet
  facet normal  0.000000e+000  0.000000e+000 -9.999999e-001
    outer loop
      vertex  2.955599e+001  7.533017e+001 -8.000000e-001
      vertex  3.057021e+001  7.445354e+001 -8.000000e-001
      vertex  2.955599e+001  7.445354e+001 -8.000000e-001
    endloop
  endfacet
  facet normal  0.000000e+000  0.000000e+000 -1.000000e+000
    outer loop
      vertex  2.852604e+001  7.533017e+001 -8.000000e-001
      vertex  2.852604e+001  7.445354e+001 -8.000000e-001
      vertex  2.758258e+001  7.445354e+001 -8.000000e-001
    endloop
  endfacet
  facet normal  0.000000e+000  0.000000e+000 -1.000000e+000
    outer loop
      vertex  2.852604e+001  7.533017e+001 -8.000000e-001
      vertex  2.758258e+001  7.445354e+001 -8.000000e-001
      vertex  2.748922e+001  7.445853e+001 -8.000000e-001
    endloop
  endfacet
  facet normal  0.000000e+000  0.000000e+000 -1.000000e+000
    outer loop
      vertex  2.852604e+001  7.533017e+001 -8.000000e-001
      vertex  2.748922e+001  7.445853e+001 -8.000000e-001
      vertex  2.740569e+001  7.447351e+001 -8.000000e-001
    endloop
  endfacet
  facet normal  0.000000e+000  0.000000e+000 -9.999999e-001
    outer loop
      vertex  2.852604e+001  7.533017e+001 -8.000000e-001
      vertex  2.740569e+001  7.447351e+001 -8.000000e-001
      vertex  2.733198e+001  7.449847e+001 -8.000000e-001
    endloop
  endfacet
  facet normal  0.000000e+000  0.000000e+000 -9.999999e-001
    outer loop
      vertex  2.852604e+001  7.533017e+001 -8.000000e-001
      vertex  2.733198e+001  7.449847e+001 -8.000000e-001
      vertex  2.726810e+001  7.453342e+001 -8.000000e-001
    endloop
  endfacet
  facet normal  0.000000e+000  0.000000e+000 -1.000000e+000
    outer loop
      vertex  2.852604e+001  7.533017e+001 -8.000000e-001
      vertex  2.726810e+001  7.453342e+001 -8.000000e-001
      vertex  2.721405e+001  7.457835e+001 -8.000000e-001
    endloop
  endfacet
  facet normal  0.000000e+000  0.000000e+000 -1.000000e+000
    outer loop
      vertex  2.852604e+001  7.533017e+001 -8.000000e-001
      vertex  2.721405e+001  7.457835e+001 -8.000000e-001
      vertex  2.716982e+001  7.463327e+001 -8.000000e-001
    endloop
  endfacet
  facet normal  0.000000e+000  0.000000e+000 -9.999999e-001
    outer loop
      vertex  2.852604e+001  7.533017e+001 -8.000000e-001
      vertex  2.716982e+001  7.463327e+001 -8.000000e-001
      vertex  2.713543e+001  7.469817e+001 -8.000000e-001
    endloop
  endfacet
  facet normal  0.000000e+000  0.000000e+000 -1.000000e+000
    outer loop
      vertex  2.852604e+001  7.533017e+001 -8.000000e-001
      vertex  2.713543e+001  7.469817e+001 -8.000000e-001
      vertex  2.711086e+001  7.477306e+001 -8.000000e-001
    endloop
  endfacet
  facet normal  0.000000e+000  0.000000e+000 -1.000000e+000
    outer loop
      vertex  2.852604e+001  7.533017e+001 -8.000000e-001
      vertex  2.711086e+001  7.477306e+001 -8.000000e-001
      vertex  2.709612e+001  7.485793e+001 -8.000000e-001
    endloop
  endfacet
  facet normal  0.000000e+000  0.000000e+000 -1.000000e+000
    outer loop
      vertex  2.852604e+001  7.533017e+001 -8.000000e-001
      vertex  2.709612e+001  7.485793e+001 -8.000000e-001
      vertex  2.709120e+001  7.495279e+001 -8.000000e-001
    endloop
  endfacet
  facet normal  0.000000e+000  0.000000e+000 -1.000000e+000
    outer loop
      vertex  2.852604e+001  7.533017e+001 -8.000000e-001
      vertex  2.709120e+001  7.495279e+001 -8.000000e-001
      vertex  2.784204e+001  7.533017e+001 -8.000000e-001
    endloop
  endfacet
  facet normal  0.000000e+000  0.000000e+000 -1.000000e+000
    outer loop
      vertex  3.106159e+001  7.495279e+001 -8.000000e-001
      vertex  3.031468e+001  7.533017e+001 -8.000000e-001
      vertex  3.106159e+001  7.651343e+001 -8.000000e-001
    endloop
  endfacet
  facet normal  0.000000e+000  0.000000e+000 -1.000000e+000
    outer loop
      vertex  3.106159e+001  7.651343e+001 -8.000000e-001
      vertex  3.031468e+001  7.533017e+001 -8.000000e-001
      vertex  3.031468e+001  7.613605e+001 -8.000000e-001
    endloop
  endfacet
  facet normal  0.000000e+000  0.000000e+000 -1.000000e+000
    outer loop
      vertex  3.106159e+001  7.651343e+001 -8.000000e-001
      vertex  3.031468e+001  7.613605e+001 -8.000000e-001
      vertex  2.709120e+001  7.651343e+001 -8.000000e-001
    endloop
  endfacet
  facet normal  0.000000e+000  0.000000e+000 -1.000000e+000
    outer loop
      vertex  2.709120e+001  7.651343e+001 -8.000000e-001
      vertex  3.031468e+001  7.613605e+001 -8.000000e-001
      vertex  2.784204e+001  7.613605e+001 -8.000000e-001
    endloop
  endfacet
  facet normal  -0.000000e+000  0.000000e+000 -1.000000e+000
    outer loop
      vertex  2.709120e+001  7.651343e+001 -8.000000e-001
      vertex  2.784204e+001  7.613605e+001 -8.000000e-001
      vertex  2.709120e+001  7.495279e+001 -8.000000e-001
    endloop
  endfacet
  facet normal  0.000000e+000  0.000000e+000 -1.000000e+000
    outer loop
      vertex  2.709120e+001  7.495279e+001 -8.000000e-001
      vertex  2.784204e+001  7.613605e+001 -8.000000e-001
      vertex  2.784204e+001  7.533017e+001 -8.000000e-001
    endloop
  endfacet
  facet normal  0.000000e+000  0.000000e+000 -1.000000e+000
    outer loop
      vertex  3.106159e+001  7.651343e+001 -8.000000e-001
      vertex  2.709120e+001  7.651343e+001 -8.000000e-001
      vertex  3.105668e+001  7.660978e+001 -8.000000e-001
    endloop
  endfacet
  facet normal  -0.000000e+000  0.000000e+000 -1.000000e+000
    outer loop
      vertex  3.105668e+001  7.660978e+001 -8.000000e-001
      vertex  2.709120e+001  7.651343e+001 -8.000000e-001
      vertex  2.709611e+001  7.660978e+001 -8.000000e-001
    endloop
  endfacet
  facet normal  0.000000e+000  0.000000e+000 -1.000000e+000
    outer loop
      vertex  3.105668e+001  7.660978e+001 -8.000000e-001
      vertex  2.709611e+001  7.660978e+001 -8.000000e-001
      vertex  3.104193e+001  7.669599e+001 -8.000000e-001
    endloop
  endfacet
  facet normal  -0.000000e+000  0.000000e+000 -1.000000e+000
    outer loop
      vertex  3.104193e+001  7.669599e+001 -8.000000e-001
      vertex  2.709611e+001  7.660978e+001 -8.000000e-001
      vertex  2.711086e+001  7.669599e+001 -8.000000e-001
    endloop
  endfacet
  facet normal  0.000000e+000  0.000000e+000 -1.000000e+000
    outer loop
      vertex  3.104193e+001  7.669599e+001 -8.000000e-001
      vertex  2.711086e+001  7.669599e+001 -8.000000e-001
      vertex  3.101737e+001  7.677206e+001 -8.000000e-001
    endloop
  endfacet
  facet normal  -0.000000e+000  0.000000e+000 -1.000000e+000
    outer loop
      vertex  3.101737e+001  7.677206e+001 -8.000000e-001
      vertex  2.711086e+001  7.669599e+001 -8.000000e-001
      vertex  2.713543e+001  7.677206e+001 -8.000000e-001
    endloop
  endfacet
  facet normal  0.000000e+000  0.000000e+000 -1.000000e+000
    outer loop
      vertex  3.101737e+001  7.677206e+001 -8.000000e-001
      vertex  2.713543e+001  7.677206e+001 -8.000000e-001
      vertex  3.098297e+001  7.683797e+001 -8.000000e-001
    endloop
  endfacet
  facet normal  -0.000000e+000  0.000000e+000 -1.000000e+000
    outer loop
      vertex  3.098297e+001  7.683797e+001 -8.000000e-001
      vertex  2.713543e+001  7.677206e+001 -8.000000e-001
      vertex  2.716982e+001  7.683797e+001 -8.000000e-001
    endloop
  endfacet
  facet normal  0.000000e+000  0.000000e+000 -1.000000e+000
    outer loop
      vertex  3.098297e+001  7.683797e+001 -8.000000e-001
      vertex  2.716982e+001  7.683797e+001 -8.000000e-001
      vertex  3.093875e+001  7.689376e+001 -8.000000e-001
    endloop
  endfacet
  facet normal  -0.000000e+000  0.000000e+000 -1.000000e+000
    outer loop
      vertex  3.093875e+001  7.689376e+001 -8.000000e-001
      vertex  2.716982e+001  7.683797e+001 -8.000000e-001
      vertex  2.721405e+001  7.689376e+001 -8.000000e-001
    endloop
  endfacet
  facet normal  0.000000e+000  0.000000e+000 -1.000000e+000
    outer loop
      vertex  3.093875e+001  7.689376e+001 -8.000000e-001
      vertex  2.721405e+001  7.689376e+001 -8.000000e-001
      vertex  3.088469e+001  7.693940e+001 -8.000000e-001
    endloop
  endfacet
  facet normal  -0.000000e+000  0.000000e+000 -1.000000e+000
    outer loop
      vertex  3.088469e+001  7.693940e+001 -8.000000e-001
      vertex  2.721405e+001  7.689376e+001 -8.000000e-001
      vertex  2.726810e+001  7.693940e+001 -8.000000e-001
    endloop
  endfacet
  facet normal  0.000000e+000  0.000000e+000 -1.000000e+000
    outer loop
      vertex  3.088469e+001  7.693940e+001 -8.000000e-001
      vertex  2.726810e+001  7.693940e+001 -8.000000e-001
      vertex  3.082081e+001  7.697490e+001 -8.000000e-001
    endloop
  endfacet
  facet normal  -0.000000e+000  0.000000e+000 -1.000000e+000
    outer loop
      vertex  3.082081e+001  7.697490e+001 -8.000000e-001
      vertex  2.726810e+001  7.693940e+001 -8.000000e-001
      vertex  2.733198e+001  7.697490e+001 -8.000000e-001
    endloop
  endfacet
  facet normal  0.000000e+000  0.000000e+000 -1.000000e+000
    outer loop
      vertex  3.082081e+001  7.697490e+001 -8.000000e-001
      vertex  2.733198e+001  7.697490e+001 -8.000000e-001
      vertex  3.074710e+001  7.700025e+001 -8.000000e-001
    endloop
  endfacet
  facet normal  -0.000000e+000  0.000000e+000 -1.000000e+000
    outer loop
      vertex  3.074710e+001  7.700025e+001 -8.000000e-001
      vertex  2.733198e+001  7.697490e+001 -8.000000e-001
      vertex  2.740569e+001  7.700025e+001 -8.000000e-001
    endloop
  endfacet
  facet normal  0.000000e+000  0.000000e+000 -1.000000e+000
    outer loop
      vertex  3.074710e+001  7.700025e+001 -8.000000e-001
      vertex  2.740569e+001  7.700025e+001 -8.000000e-001
      vertex  3.066357e+001  7.701546e+001 -8.000000e-001
    endloop
  endfacet
  facet normal  -0.000000e+000  0.000000e+000 -1.000000e+000
    outer loop
      vertex  3.066357e+001  7.701546e+001 -8.000000e-001
      vertex  2.740569e+001  7.700025e+001 -8.000000e-001
      vertex  2.748922e+001  7.701546e+001 -8.000000e-001
    endloop
  endfacet
  facet normal  0.000000e+000  0.000000e+000 -1.000000e+000
    outer loop
      vertex  3.066357e+001  7.701546e+001 -8.000000e-001
      vertex  2.748922e+001  7.701546e+001 -8.000000e-001
      vertex  2.758258e+001  7.702054e+001 -8.000000e-001
    endloop
  endfacet
  facet normal  0.000000e+000  1.000000e+000  0.000000e+000
    outer loop
      vertex  2.955599e+001  7.445354e+001 -8.000000e-001
      vertex  3.057021e+001  7.445354e+001 -8.000000e-001
      vertex  2.955599e+001  7.445354e+001 -1.200000e+000
    endloop
  endfacet
  facet normal  0.000000e+000  1.000000e+000  0.000000e+000
    outer loop
      vertex  2.955599e+001  7.445354e+001 -1.200000e+000
      vertex  3.057021e+001  7.445354e+001 -8.000000e-001
      vertex  3.057021e+001  7.445354e+001 -1.200000e+000
    endloop
  endfacet
  facet normal  0.000000e+000  0.000000e+000 -1.000000e+000
    outer loop
      vertex  2.784204e+001  7.207131e+001 -1.200000e+000
      vertex  2.784204e+001  7.292435e+001 -1.200000e+000
      vertex  3.031468e+001  7.207131e+001 -1.200000e+000
    endloop
  endfacet
  facet normal  0.000000e+000  0.000000e+000 -1.000000e+000
    outer loop
      vertex  3.031468e+001  7.207131e+001 -1.200000e+000
      vertex  2.784204e+001  7.292435e+001 -1.200000e+000
      vertex  3.031468e+001  7.292435e+001 -1.200000e+000
    endloop
  endfacet
  facet normal -3.982189e-001 -9.172904e-001  0.000000e+000
    outer loop
      vertex  3.106159e+001  6.233796e+001 -8.000000e-001
      vertex  2.924150e+001  6.312811e+001 -8.000000e-001
      vertex  3.106159e+001  6.233796e+001 -1.200000e+000
    endloop
  endfacet
  facet normal -3.982189e-001 -9.172904e-001  0.000000e+000
    outer loop
      vertex  3.106159e+001  6.233796e+001 -1.200000e+000
      vertex  2.924150e+001  6.312811e+001 -8.000000e-001
      vertex  2.924150e+001  6.312811e+001 -1.200000e+000
    endloop
  endfacet
  facet normal  0.000000e+000  1.000000e+000  0.000000e+000
    outer loop
      vertex  2.924150e+001  6.312811e+001 -8.000000e-001
      vertex  3.106159e+001  6.312811e+001 -8.000000e-001
      vertex  2.924150e+001  6.312811e+001 -1.200000e+000
    endloop
  endfacet
  facet normal  0.000000e+000  1.000000e+000  0.000000e+000
    outer loop
      vertex  2.924150e+001  6.312811e+001 -1.200000e+000
      vertex  3.106159e+001  6.312811e+001 -8.000000e-001
      vertex  3.106159e+001  6.312811e+001 -1.200000e+000
    endloop
  endfacet
  facet normal -1.000000e+000  -0.000000e+000  0.000000e+000
    outer loop
      vertex  3.106159e+001  6.312811e+001 -8.000000e-001
      vertex  3.106159e+001  6.402833e+001 -8.000000e-001
      vertex  3.106159e+001  6.312811e+001 -1.200000e+000
    endloop
  endfacet
  facet normal -1.000000e+000  0.000000e+000  0.000000e+000
    outer loop
      vertex  3.106159e+001  6.312811e+001 -1.200000e+000
      vertex  3.106159e+001  6.402833e+001 -8.000000e-001
      vertex  3.106159e+001  6.402833e+001 -1.200000e+000
    endloop
  endfacet
  facet normal  0.000000e+000 -1.000000e+000  0.000000e+000
    outer loop
      vertex  3.106159e+001  6.402833e+001 -8.000000e-001
      vertex  2.490945e+001  6.402833e+001 -8.000000e-001
      vertex  3.106159e+001  6.402833e+001 -1.200000e+000
    endloop
  endfacet
  facet normal  0.000000e+000 -1.000000e+000  0.000000e+000
    outer loop
      vertex  3.106159e+001  6.402833e+001 -1.200000e+000
      vertex  2.490945e+001  6.402833e+001 -8.000000e-001
      vertex  2.490945e+001  6.402833e+001 -1.200000e+000
    endloop
  endfacet
  facet normal  1.000000e+000  -0.000000e+000  0.000000e+000
    outer loop
      vertex  2.490945e+001  6.402833e+001 -8.000000e-001
      vertex  2.490945e+001  6.312811e+001 -8.000000e-001
      vertex  2.490945e+001  6.402833e+001 -1.200000e+000
    endloop
  endfacet
  facet normal  1.000000e+000  0.000000e+000  0.000000e+000
    outer loop
      vertex  2.490945e+001  6.402833e+001 -1.200000e+000
      vertex  2.490945e+001  6.312811e+001 -8.000000e-001
      vertex  2.490945e+001  6.312811e+001 -1.200000e+000
    endloop
  endfacet
  facet normal  0.000000e+000  1.000000e+000  0.000000e+000
    outer loop
      vertex  2.490945e+001  6.312811e+001 -8.000000e-001
      vertex  2.860467e+001  6.312811e+001 -8.000000e-001
      vertex  2.490945e+001  6.312811e+001 -1.200000e+000
    endloop
  endfacet
  facet normal  0.000000e+000  1.000000e+000  0.000000e+000
    outer loop
      vertex  2.490945e+001  6.312811e+001 -1.200000e+000
      vertex  2.860467e+001  6.312811e+001 -8.000000e-001
      vertex  2.860467e+001  6.312811e+001 -1.200000e+000
    endloop
  endfacet
  facet normal  4.254571e-001 -9.049785e-001  0.000000e+000
    outer loop
      vertex  2.860467e+001  6.312811e+001 -8.000000e-001
      vertex  2.709120e+001  6.241658e+001 -8.000000e-001
      vertex  2.860467e+001  6.312811e+001 -1.200000e+000
    endloop
  endfacet
  facet normal  4.254571e-001 -9.049785e-001  0.000000e+000
    outer loop
      vertex  2.860467e+001  6.312811e+001 -1.200000e+000
      vertex  2.709120e+001  6.241658e+001 -8.000000e-001
      vertex  2.709120e+001  6.241658e+001 -1.200000e+000
    endloop
  endfacet
  facet normal  1.000000e+000  -0.000000e+000  0.000000e+000
    outer loop
      vertex  2.709120e+001  6.241658e+001 -8.000000e-001
      vertex  2.709120e+001  6.147705e+001 -8.000000e-001
      vertex  2.709120e+001  6.241658e+001 -1.200000e+000
    endloop
  endfacet
  facet normal  1.000000e+000  0.000000e+000  0.000000e+000
    outer loop
      vertex  2.709120e+001  6.241658e+001 -1.200000e+000
      vertex  2.709120e+001  6.147705e+001 -8.000000e-001
      vertex  2.709120e+001  6.147705e+001 -1.200000e+000
    endloop
  endfacet
  facet normal  0.000000e+000  9.999999e-001  0.000000e+000
    outer loop
      vertex  2.709120e+001  6.147705e+001 -1.200000e+000
      vertex  2.709120e+001  6.147705e+001 -8.000000e-001
      vertex  2.710693e+001  6.147705e+001 -1.200000e+000
    endloop
  endfacet
  facet normal  0.000000e+000  9.999999e-001  -0.000000e+000
    outer loop
      vertex  2.710693e+001  6.147705e+001 -1.200000e+000
      vertex  2.709120e+001  6.147705e+001 -8.000000e-001
      vertex  2.710693e+001  6.147705e+001 -8.000000e-001
    endloop
  endfacet
  facet normal -1.000000e+000  -0.000000e+000  0.000000e+000
    outer loop
      vertex  3.106159e+001  6.137878e+001 -8.000000e-001
      vertex  3.106159e+001  6.233796e+001 -8.000000e-001
      vertex  3.106159e+001  6.137878e+001 -1.200000e+000
    endloop
  endfacet
  facet normal -1.000000e+000  0.000000e+000  0.000000e+000
    outer loop
      vertex  3.106159e+001  6.137878e+001 -1.200000e+000
      vertex  3.106159e+001  6.233796e+001 -8.000000e-001
      vertex  3.106159e+001  6.233796e+001 -1.200000e+000
    endloop
  endfacet
  facet normal -4.526470e-001  8.916898e-001  0.000000e+000
    outer loop
      vertex  2.710693e+001  6.147705e+001 -8.000000e-001
      vertex  2.891129e+001  6.239300e+001 -8.000000e-001
      vertex  2.710693e+001  6.147705e+001 -1.200000e+000
    endloop
  endfacet
  facet normal -4.526470e-001  8.916898e-001  0.000000e+000
    outer loop
      vertex  2.710693e+001  6.147705e+001 -1.200000e+000
      vertex  2.891129e+001  6.239300e+001 -8.000000e-001
      vertex  2.891129e+001  6.239300e+001 -1.200000e+000
    endloop
  endfacet
  facet normal  0.000000e+000  0.000000e+000 -1.000000e+000
    outer loop
      vertex  2.710693e+001  6.147705e+001 -8.000000e-001
      vertex  2.709120e+001  6.241658e+001 -8.000000e-001
      vertex  2.891129e+001  6.239300e+001 -8.000000e-001
    endloop
  endfacet
  facet normal  0.000000e+000  0.000000e+000 -1.000000e+000
    outer loop
      vertex  2.710693e+001  6.147705e+001 -8.000000e-001
      vertex  2.709120e+001  6.147705e+001 -8.000000e-001
      vertex  2.709120e+001  6.241658e+001 -8.000000e-001
    endloop
  endfacet
  facet normal  -0.000000e+000  -0.000000e+000 -1.000000e+000
    outer loop
      vertex  2.490945e+001  6.402833e+001 -8.000000e-001
      vertex  3.106159e+001  6.402833e+001 -8.000000e-001
      vertex  3.106159e+001  6.312811e+001 -8.000000e-001
    endloop
  endfacet
  facet normal  0.000000e+000  0.000000e+000 -1.000000e+000
    outer loop
      vertex  2.490945e+001  6.402833e+001 -8.000000e-001
      vertex  3.106159e+001  6.312811e+001 -8.000000e-001
      vertex  2.924150e+001  6.312811e+001 -8.000000e-001
    endloop
  endfacet
  facet normal  0.000000e+000  0.000000e+000 -1.000000e+000
    outer loop
      vertex  2.490945e+001  6.402833e+001 -8.000000e-001
      vertex  2.924150e+001  6.312811e+001 -8.000000e-001
      vertex  2.860467e+001  6.312811e+001 -8.000000e-001
    endloop
  endfacet
  facet normal  0.000000e+000  0.000000e+000 -1.000000e+000
    outer loop
      vertex  2.490945e+001  6.402833e+001 -8.000000e-001
      vertex  2.860467e+001  6.312811e+001 -8.000000e-001
      vertex  2.490945e+001  6.312811e+001 -8.000000e-001
    endloop
  endfacet
  facet normal  0.000000e+000  0.000000e+000 -1.000000e+000
    outer loop
      vertex  3.106159e+001  6.233796e+001 -8.000000e-001
      vertex  3.106159e+001  6.137878e+001 -8.000000e-001
      vertex  2.924150e+001  6.312811e+001 -8.000000e-001
    endloop
  endfacet
  facet normal  0.000000e+000  -0.000000e+000 -1.000000e+000
    outer loop
      vertex  2.924150e+001  6.312811e+001 -8.000000e-001
      vertex  3.106159e+001  6.137878e+001 -8.000000e-001
      vertex  2.891129e+001  6.239300e+001 -8.000000e-001
    endloop
  endfacet
  facet normal  0.000000e+000  0.000000e+000 -1.000000e+000
    outer loop
      vertex  2.924150e+001  6.312811e+001 -8.000000e-001
      vertex  2.891129e+001  6.239300e+001 -8.000000e-001
      vertex  2.860467e+001  6.312811e+001 -8.000000e-001
    endloop
  endfacet
  facet normal  0.000000e+000  -0.000000e+000 -1.000000e+000
    outer loop
      vertex  2.860467e+001  6.312811e+001 -8.000000e-001
      vertex  2.891129e+001  6.239300e+001 -8.000000e-001
      vertex  2.709120e+001  6.241658e+001 -8.000000e-001
    endloop
  endfacet
  facet normal  4.265943e-001  9.044431e-001  0.000000e+000
    outer loop
      vertex  2.891129e+001  6.239300e+001 -8.000000e-001
      vertex  3.106159e+001  6.137878e+001 -8.000000e-001
      vertex  2.891129e+001  6.239300e+001 -1.200000e+000
    endloop
  endfacet
  facet normal  4.265943e-001  9.044431e-001  0.000000e+000
    outer loop
      vertex  2.891129e+001  6.239300e+001 -1.200000e+000
      vertex  3.106159e+001  6.137878e+001 -8.000000e-001
      vertex  3.106159e+001  6.137878e+001 -1.200000e+000
    endloop
  endfacet
  facet normal  0.000000e+000  0.000000e+000  1.000000e+000
    outer loop
      vertex  3.315300e+001 -8.048368e+001  0.000000e+000
      vertex  3.315300e+001  8.048368e+001  0.000000e+000
      vertex  2.100000e+001 -5.092500e+001  0.000000e+000
    endloop
  endfacet
  facet normal  0.000000e+000  0.000000e+000  1.000000e+000
    outer loop
      vertex  3.315300e+001 -8.048368e+001  0.000000e+000
      vertex  2.100000e+001 -5.092500e+001  0.000000e+000
      vertex  2.100000e+001 -5.987500e+001  0.000000e+000
    endloop
  endfacet
  facet normal  0.000000e+000  0.000000e+000  1.000000e+000
    outer loop
      vertex  3.315300e+001 -8.048368e+001  0.000000e+000
      vertex  2.100000e+001 -5.987500e+001  0.000000e+000
      vertex  2.059808e+001 -6.137500e+001  0.000000e+000
    endloop
  endfacet
  facet normal  0.000000e+000  0.000000e+000  1.000000e+000
    outer loop
      vertex  3.315300e+001 -8.048368e+001  0.000000e+000
      vertex  2.059808e+001 -6.137500e+001  0.000000e+000
      vertex  1.950000e+001 -6.247308e+001  0.000000e+000
    endloop
  endfacet
  facet normal  0.000000e+000  0.000000e+000  1.000000e+000
    outer loop
      vertex  3.315300e+001 -8.048368e+001  0.000000e+000
      vertex  1.950000e+001 -6.247308e+001  0.000000e+000
      vertex  1.800000e+001 -6.287500e+001  0.000000e+000
    endloop
  endfacet
  facet normal  0.000000e+000  0.000000e+000  9.999999e-001
    outer loop
      vertex  3.315300e+001 -8.048368e+001  0.000000e+000
      vertex  1.800000e+001 -6.287500e+001  0.000000e+000
      vertex -1.800000e+001 -6.287500e+001  0.000000e+000
    endloop
  endfacet
  facet normal  0.000000e+000  0.000000e+000  1.000000e+000
    outer loop
      vertex  3.315300e+001 -8.048368e+001  0.000000e+000
      vertex -1.800000e+001 -6.287500e+001  0.000000e+000
      vertex -3.315300e+001 -8.048368e+001  0.000000e+000
    endloop
  endfacet
  facet normal  0.000000e+000  0.000000e+000  1.000000e+000
    outer loop
      vertex -3.315300e+001  8.048368e+001  0.000000e+000
      vertex -3.315300e+001 -8.048368e+001  0.000000e+000
      vertex -2.100000e+001 -5.987500e+001  0.000000e+000
    endloop
  endfacet
  facet normal  0.000000e+000  -0.000000e+000  1.000000e+000
    outer loop
      vertex -3.315300e+001  8.048368e+001  0.000000e+000
      vertex -2.100000e+001 -5.987500e+001  0.000000e+000
      vertex -2.100000e+001 -5.092500e+001  0.000000e+000
    endloop
  endfacet
  facet normal  0.000000e+000  -0.000000e+000  1.000000e+000
    outer loop
      vertex -3.315300e+001  8.048368e+001  0.000000e+000
      vertex -2.100000e+001 -5.092500e+001  0.000000e+000
      vertex -2.059808e+001 -4.942500e+001  0.000000e+000
    endloop
  endfacet
  facet normal  0.000000e+000  -0.000000e+000  1.000000e+000
    outer loop
      vertex -3.315300e+001  8.048368e+001  0.000000e+000
      vertex -2.059808e+001 -4.942500e+001  0.000000e+000
      vertex -1.950000e+001 -4.832692e+001  0.000000e+000
    endloop
  endfacet
  facet normal  0.000000e+000  -0.000000e+000  1.000000e+000
    outer loop
      vertex -3.315300e+001  8.048368e+001  0.000000e+000
      vertex -1.950000e+001 -4.832692e+001  0.000000e+000
      vertex -1.800000e+001 -4.792500e+001  0.000000e+000
    endloop
  endfacet
  facet normal  0.000000e+000  -0.000000e+000  1.000000e+000
    outer loop
      vertex -3.315300e+001  8.048368e+001  0.000000e+000
      vertex -1.800000e+001 -4.792500e+001  0.000000e+000
      vertex  1.800000e+001 -4.792500e+001  0.000000e+000
    endloop
  endfacet
  facet normal  0.000000e+000  -0.000000e+000  1.000000e+000
    outer loop
      vertex -3.315300e+001  8.048368e+001  0.000000e+000
      vertex  1.800000e+001 -4.792500e+001  0.000000e+000
      vertex  3.315300e+001  8.048368e+001  0.000000e+000
    endloop
  endfacet
  facet normal  0.000000e+000  0.000000e+000  1.000000e+000
    outer loop
      vertex -3.315300e+001 -8.048368e+001  0.000000e+000
      vertex -1.800000e+001 -6.287500e+001  0.000000e+000
      vertex -1.950000e+001 -6.247308e+001  0.000000e+000
    endloop
  endfacet
  facet normal  0.000000e+000  0.000000e+000  1.000000e+000
    outer loop
      vertex -3.315300e+001 -8.048368e+001  0.000000e+000
      vertex -1.950000e+001 -6.247308e+001  0.000000e+000
      vertex -2.059808e+001 -6.137500e+001  0.000000e+000
    endloop
  endfacet
  facet normal  0.000000e+000  0.000000e+000  1.000000e+000
    outer loop
      vertex -3.315300e+001 -8.048368e+001  0.000000e+000
      vertex -2.059808e+001 -6.137500e+001  0.000000e+000
      vertex -2.100000e+001 -5.987500e+001  0.000000e+000
    endloop
  endfacet
  facet normal  -0.000000e+000  0.000000e+000  1.000000e+000
    outer loop
      vertex  3.315300e+001  8.048368e+001  0.000000e+000
      vertex  1.800000e+001 -4.792500e+001  0.000000e+000
      vertex  1.950000e+001 -4.832692e+001  0.000000e+000
    endloop
  endfacet
  facet normal  -0.000000e+000  0.000000e+000  1.000000e+000
    outer loop
      vertex  3.315300e+001  8.048368e+001  0.000000e+000
      vertex  1.950000e+001 -4.832692e+001  0.000000e+000
      vertex  2.059808e+001 -4.942500e+001  0.000000e+000
    endloop
  endfacet
  facet normal  -0.000000e+000  0.000000e+000  1.000000e+000
    outer loop
      vertex  3.315300e+001  8.048368e+001  0.000000e+000
      vertex  2.059808e+001 -4.942500e+001  0.000000e+000
      vertex  2.100000e+001 -5.092500e+001  0.000000e+000
    endloop
  endfacet
  facet normal  6.531932e-002  9.978644e-001  -0.000000e+000
    outer loop
      vertex -3.337500e+001 -8.137500e+001  4.324994e+000
      vertex -3.389645e+001 -8.134087e+001  3.461500e+000
      vertex -3.389645e+001 -8.134087e+001  5.188488e+000
    endloop
  endfacet
  facet normal  3.389963e-001  9.407877e-001  0.000000e+000
    outer loop
      vertex -3.389645e+001 -8.134087e+001  5.188488e+000
      vertex -3.389645e+001 -8.134087e+001  3.461500e+000
      vertex -3.550301e+001 -8.076197e+001  7.144759e-001
    endloop
  endfacet
  facet normal  3.389938e-001  9.407886e-001  1.012080e-006
    outer loop
      vertex -3.389645e+001 -8.134087e+001  5.188488e+000
      vertex -3.550301e+001 -8.076197e+001  7.144759e-001
      vertex -3.550297e+001 -8.076199e+001  7.935445e+000
    endloop
  endfacet
  facet normal  6.190940e-001  7.853169e-001 -1.108402e-006
    outer loop
      vertex -3.550297e+001 -8.076199e+001  7.935445e+000
      vertex -3.550301e+001 -8.076197e+001  7.144759e-001
      vertex -3.617160e+001 -8.023490e+001  1.270158e+000
    endloop
  endfacet
  facet normal  6.190872e-001  7.853224e-001  -0.000000e+000
    outer loop
      vertex -3.550297e+001 -8.076199e+001  7.935445e+000
      vertex -3.617160e+001 -8.023490e+001  1.270158e+000
      vertex -3.617160e+001 -8.023490e+001  7.379707e+000
    endloop
  endfacet
  facet normal  8.073341e-001  5.900946e-001  0.000000e+000
    outer loop
      vertex -3.617160e+001 -8.023490e+001  7.379707e+000
      vertex -3.617160e+001 -8.023490e+001  1.270158e+000
      vertex -3.694892e+001 -7.917141e+001  2.373688e+000
    endloop
  endfacet
  facet normal  8.073341e-001  5.900945e-001  -0.000000e+000
    outer loop
      vertex -3.617160e+001 -8.023490e+001  7.379707e+000
      vertex -3.694892e+001 -7.917141e+001  2.373688e+000
      vertex -3.694892e+001 -7.917141e+001  6.276138e+000
    endloop
  endfacet
  facet normal  9.730058e-001  2.307810e-001  0.000000e+000
    outer loop
      vertex -3.694892e+001 -7.917141e+001  6.276138e+000
      vertex -3.694892e+001 -7.917141e+001  2.373688e+000
      vertex -3.737500e+001 -7.737500e+001  4.222000e+000
    endloop
  endfacet
  facet normal  9.730058e-001  2.307810e-001  -0.000000e+000
    outer loop
      vertex -3.694892e+001 -7.917141e+001  6.276138e+000
      vertex -3.737500e+001 -7.737500e+001  4.222000e+000
      vertex -3.737500e+001 -7.737500e+001  4.427774e+000
    endloop
  endfacet
  facet normal -6.531932e-002  9.978644e-001  0.000000e+000
    outer loop
      vertex  3.337500e+001 -8.137500e+001  4.324994e+000
      vertex  3.389645e+001 -8.134087e+001  5.188488e+000
      vertex  3.389645e+001 -8.134087e+001  3.461500e+000
    endloop
  endfacet
  facet normal -3.389923e-001  9.407892e-001  0.000000e+000
    outer loop
      vertex  3.389645e+001 -8.134087e+001  3.461500e+000
      vertex  3.389645e+001 -8.134087e+001  5.188488e+000
      vertex  3.550297e+001 -8.076199e+001  7.935445e+000
    endloop
  endfacet
  facet normal -3.389948e-001  9.407882e-001  1.012073e-006
    outer loop
      vertex  3.389645e+001 -8.134087e+001  3.461500e+000
      vertex  3.550297e+001 -8.076199e+001  7.935445e+000
      vertex  3.550301e+001 -8.076197e+001  7.144759e-001
    endloop
  endfacet
  facet normal -6.190878e-001  7.853218e-001 -1.108350e-006
    outer loop
      vertex  3.550301e+001 -8.076197e+001  7.144759e-001
      vertex  3.550297e+001 -8.076199e+001  7.935445e+000
      vertex  3.617160e+001 -8.023490e+001  7.379707e+000
    endloop
  endfacet
  facet normal -6.190946e-001  7.853165e-001  0.000000e+000
    outer loop
      vertex  3.550301e+001 -8.076197e+001  7.144759e-001
      vertex  3.617160e+001 -8.023490e+001  7.379707e+000
      vertex  3.617160e+001 -8.023490e+001  1.270158e+000
    endloop
  endfacet
  facet normal -8.073341e-001  5.900946e-001  0.000000e+000
    outer loop
      vertex  3.617160e+001 -8.023490e+001  1.270158e+000
      vertex  3.617160e+001 -8.023490e+001  7.379707e+000
      vertex  3.694892e+001 -7.917141e+001  6.276138e+000
    endloop
  endfacet
  facet normal -8.073341e-001  5.900945e-001  0.000000e+000
    outer loop
      vertex  3.617160e+001 -8.023490e+001  1.270158e+000
      vertex  3.694892e+001 -7.917141e+001  6.276138e+000
      vertex  3.694892e+001 -7.917141e+001  2.373688e+000
    endloop
  endfacet
  facet normal -9.730058e-001  2.307810e-001  0.000000e+000
    outer loop
      vertex  3.694892e+001 -7.917141e+001  2.373688e+000
      vertex  3.694892e+001 -7.917141e+001  6.276138e+000
      vertex  3.737500e+001 -7.737500e+001  4.427774e+000
    endloop
  endfacet
  facet normal -9.730058e-001  2.307810e-001  0.000000e+000
    outer loop
      vertex  3.694892e+001 -7.917141e+001  2.373688e+000
      vertex  3.737500e+001 -7.737500e+001  4.427774e+000
      vertex  3.737500e+001 -7.737500e+001  4.222000e+000
    endloop
  endfacet
  facet normal  -0.000000e+000  7.790306e-001  6.269860e-001
    outer loop
      vertex  3.504912e+001 -8.052574e+001  8.550929e+000
      vertex -3.504912e+001 -8.052574e+001  8.550929e+000
      vertex -3.635051e+001 -8.060548e+001  8.650000e+000
    endloop
  endfacet
  facet normal  -0.000000e+000  7.790305e-001  6.269860e-001
    outer loop
      vertex  3.504912e+001 -8.052574e+001  8.550929e+000
      vertex -3.635051e+001 -8.060548e+001  8.650000e+000
      vertex  3.635051e+001 -8.060548e+001  8.650000e+000
    endloop
  endfacet
  facet normal -1.476670e-002  6.752530e-001  7.374384e-001
    outer loop
      vertex  3.504912e+001 -8.052574e+001  8.550929e+000
      vertex  3.635051e+001 -8.060548e+001  8.650000e+000
      vertex  3.733115e+001 -7.951415e+001  7.670340e+000
    endloop
  endfacet
  facet normal  3.909002e-003  6.515443e-001  7.586005e-001
    outer loop
      vertex  3.504912e+001 -8.052574e+001  8.550929e+000
      vertex  3.733115e+001 -7.951415e+001  7.670340e+000
      vertex  3.634660e+001 -7.948930e+001  7.654064e+000
    endloop
  endfacet
  facet normal  1.548295e-002  6.697549e-001  7.424209e-001
    outer loop
      vertex -3.631493e+001 -7.953740e+001  7.685721e+000
      vertex -3.635051e+001 -8.060548e+001  8.650000e+000
      vertex -3.504912e+001 -8.052574e+001  8.550929e+000
    endloop
  endfacet
  facet normal  1.878527e-002  6.696563e-001  7.424335e-001
    outer loop
      vertex -3.635051e+001 -8.060548e+001  8.650000e+000
      vertex -3.631493e+001 -7.953740e+001  7.685721e+000
      vertex -3.736629e+001 -7.943185e+001  7.617124e+000
    endloop
  endfacet
  facet normal -1.426389e-002  4.411224e-001  8.973335e-001
    outer loop
      vertex -3.736629e+001 -7.943185e+001  7.617124e+000
      vertex -3.631493e+001 -7.953740e+001  7.685721e+000
      vertex -3.691516e+001 -7.803924e+001  6.939695e+000
    endloop
  endfacet
  facet normal  2.113329e-002  4.317923e-001  9.017255e-001
    outer loop
      vertex -3.736629e+001 -7.943185e+001  7.617124e+000
      vertex -3.691516e+001 -7.803924e+001  6.939695e+000
      vertex -3.773168e+001 -7.788948e+001  6.887120e+000
    endloop
  endfacet
  facet normal -2.189254e-002  2.227939e-001  9.746197e-001
    outer loop
      vertex -3.773168e+001 -7.788948e+001  6.887120e+000
      vertex -3.691516e+001 -7.803924e+001  6.939695e+000
      vertex -3.714581e+001 -7.625725e+001  6.527159e+000
    endloop
  endfacet
  facet normal  0.000000e+000  2.153582e-001  9.765352e-001
    outer loop
      vertex -3.773168e+001 -7.788948e+001  6.887120e+000
      vertex -3.714581e+001 -7.625725e+001  6.527159e+000
      vertex -3.784673e+001 -7.625725e+001  6.527159e+000
    endloop
  endfacet
  facet normal -3.634380e-003  4.430425e-001  8.964932e-001
    outer loop
      vertex  3.733115e+001 -7.951415e+001  7.670340e+000
      vertex  3.771510e+001 -7.801447e+001  6.930762e+000
      vertex  3.634660e+001 -7.948930e+001  7.654064e+000
    endloop
  endfacet
  facet normal  1.298223e-002  4.305554e-001  9.024708e-001
    outer loop
      vertex  3.634660e+001 -7.948930e+001  7.654064e+000
      vertex  3.771510e+001 -7.801447e+001  6.930762e+000
      vertex  3.694037e+001 -7.792543e+001  6.899426e+000
    endloop
  endfacet
  facet normal -1.357198e-002  2.247984e-001  9.743108e-001
    outer loop
      vertex  3.771510e+001 -7.801447e+001  6.930762e+000
      vertex  3.784673e+001 -7.625725e+001  6.527159e+000
      vertex  3.694037e+001 -7.792543e+001  6.899426e+000
    endloop
  endfacet
  facet normal  0.000000e+000  2.177999e-001  9.759935e-001
    outer loop
      vertex  3.694037e+001 -7.792543e+001  6.899426e+000
      vertex  3.784673e+001 -7.625725e+001  6.527159e+000
      vertex  3.714581e+001 -7.625725e+001  6.527159e+000
    endloop
  endfacet
  facet normal -4.984673e-001  1.131126e-001 -8.594974e-001
    outer loop
      vertex  3.501200e+001  8.065858e+001  8.218615e+000
      vertex  3.600185e+001  7.989342e+001  7.543850e+000
      vertex  3.494041e+001  8.064344e+001  8.258141e+000
    endloop
  endfacet
  facet normal -6.877435e-001 -3.904613e-001 -6.120040e-001
    outer loop
      vertex  3.494041e+001  8.064344e+001  8.258141e+000
      vertex  3.600185e+001  7.989342e+001  7.543850e+000
      vertex  3.597012e+001  7.979417e+001  7.642834e+000
    endloop
  endfacet
  facet normal -6.773326e-001 -3.539999e-001 -6.449066e-001
    outer loop
      vertex  3.494041e+001  8.064344e+001  8.258141e+000
      vertex  3.597012e+001  7.979417e+001  7.642834e+000
      vertex  3.479440e+001  8.056573e+001  8.454151e+000
    endloop
  endfacet
  facet normal -4.599124e-001 -8.727774e-001  1.635249e-001
    outer loop
      vertex  3.479440e+001  8.056573e+001  8.454151e+000
      vertex  3.597012e+001  7.979417e+001  7.642834e+000
      vertex  3.487229e+001  8.053753e+001  8.522680e+000
    endloop
  endfacet
  facet normal -5.891117e-001 -8.062527e-001 -5.388873e-002
    outer loop
      vertex  3.487229e+001  8.053753e+001  8.522680e+000
      vertex  3.597012e+001  7.979417e+001  7.642834e+000
      vertex  3.602446e+001  7.974618e+001  7.766924e+000
    endloop
  endfacet
  facet normal -1.480969e-001 -7.872648e-001  5.985662e-001
    outer loop
      vertex  3.487229e+001  8.053753e+001  8.522680e+000
      vertex  3.602446e+001  7.974618e+001  7.766924e+000
      vertex  3.504912e+001  8.052574e+001  8.550929e+000
    endloop
  endfacet
  facet normal -2.104863e-001 -8.115312e-001  5.450805e-001
    outer loop
      vertex  3.504912e+001  8.052574e+001  8.550929e+000
      vertex  3.602446e+001  7.974618e+001  7.766924e+000
      vertex  3.613681e+001  7.977421e+001  7.852043e+000
    endloop
  endfacet
  facet normal -9.720473e-001 -7.579489e-002 -2.222144e-001
    outer loop
      vertex  3.669529e+001  7.832423e+001  6.725117e+000
      vertex  3.696521e+001  7.627807e+001  6.242294e+000
      vertex  3.667137e+001  7.826918e+001  6.848522e+000
    endloop
  endfacet
  facet normal -9.869483e-001 -1.097781e-001 -1.178215e-001
    outer loop
      vertex  3.667137e+001  7.826918e+001  6.848522e+000
      vertex  3.696521e+001  7.627807e+001  6.242294e+000
      vertex  3.695127e+001  7.626375e+001  6.372430e+000
    endloop
  endfacet
  facet normal -8.698065e-001 -2.255732e-001  4.388090e-001
    outer loop
      vertex  3.667137e+001  7.826918e+001  6.848522e+000
      vertex  3.695127e+001  7.626375e+001  6.372430e+000
      vertex  3.673772e+001  7.824004e+001  6.965061e+000
    endloop
  endfacet
  facet normal -8.274744e-001 -2.414321e-001  5.069486e-001
    outer loop
      vertex  3.673772e+001  7.824004e+001  6.965061e+000
      vertex  3.695127e+001  7.626375e+001  6.372430e+000
      vertex  3.702163e+001  7.625564e+001  6.483417e+000
    endloop
  endfacet
  facet normal -3.668526e-001 -2.686577e-001  8.906414e-001
    outer loop
      vertex  3.673772e+001  7.824004e+001  6.965061e+000
      vertex  3.702163e+001  7.625564e+001  6.483417e+000
      vertex  3.686309e+001  7.825054e+001  7.019867e+000
    endloop
  endfacet
  facet normal -3.168290e-001 -2.697072e-001  9.093279e-001
    outer loop
      vertex  3.686309e+001  7.825054e+001  7.019867e+000
      vertex  3.702163e+001  7.625564e+001  6.483417e+000
      vertex  3.714581e+001  7.625725e+001  6.527159e+000
    endloop
  endfacet
  facet normal -8.825395e-001 -1.591250e-001 -4.424967e-001
    outer loop
      vertex  3.600185e+001  7.989342e+001  7.543850e+000
      vertex  3.669529e+001  7.832423e+001  6.725117e+000
      vertex  3.597012e+001  7.979417e+001  7.642834e+000
    endloop
  endfacet
  facet normal -9.168476e-001 -2.670015e-001 -2.968173e-001
    outer loop
      vertex  3.597012e+001  7.979417e+001  7.642834e+000
      vertex  3.669529e+001  7.832423e+001  6.725117e+000
      vertex  3.667137e+001  7.826918e+001  6.848522e+000
    endloop
  endfacet
  facet normal -8.529062e-001 -4.883433e-001  1.845854e-001
    outer loop
      vertex  3.597012e+001  7.979417e+001  7.642834e+000
      vertex  3.667137e+001  7.826918e+001  6.848522e+000
      vertex  3.602446e+001  7.974618e+001  7.766924e+000
    endloop
  endfacet
  facet normal -7.836925e-001 -5.371776e-001  3.118755e-001
    outer loop
      vertex  3.602446e+001  7.974618e+001  7.766924e+000
      vertex  3.667137e+001  7.826918e+001  6.848522e+000
      vertex  3.673772e+001  7.824004e+001  6.965061e+000
    endloop
  endfacet
  facet normal -4.003956e-001 -5.711265e-001  7.165877e-001
    outer loop
      vertex  3.602446e+001  7.974618e+001  7.766924e+000
      vertex  3.673772e+001  7.824004e+001  6.965061e+000
      vertex  3.613681e+001  7.977421e+001  7.852043e+000
    endloop
  endfacet
  facet normal -2.914274e-001 -5.617849e-001  7.742531e-001
    outer loop
      vertex  3.613681e+001  7.977421e+001  7.852043e+000
      vertex  3.673772e+001  7.824004e+001  6.965061e+000
      vertex  3.686309e+001  7.825054e+001  7.019867e+000
    endloop
  endfacet
  facet normal -9.945881e-001 -1.827472e-002 -1.022763e-001
    outer loop
      vertex  3.696449e+001  7.573682e+001  6.346016e+000
      vertex  3.696521e+001  7.627807e+001  6.242294e+000
      vertex  3.697793e+001  7.573682e+001  6.215326e+000
    endloop
  endfacet
  facet normal -9.938911e-001 -1.949327e-002 -1.086302e-001
    outer loop
      vertex  3.696521e+001  7.627807e+001  6.242294e+000
      vertex  3.696449e+001  7.573682e+001  6.346016e+000
      vertex  3.695127e+001  7.626375e+001  6.372430e+000
    endloop
  endfacet
  facet normal -8.426493e-001 -4.802806e-002  5.363164e-001
    outer loop
      vertex  3.695127e+001  7.626375e+001  6.372430e+000
      vertex  3.696449e+001  7.573682e+001  6.346016e+000
      vertex  3.703503e+001  7.573682e+001  6.456849e+000
    endloop
  endfacet
  facet normal -8.451776e-001 -4.908512e-002  5.322270e-001
    outer loop
      vertex  3.695127e+001  7.626375e+001  6.372430e+000
      vertex  3.703503e+001  7.573682e+001  6.456849e+000
      vertex  3.702163e+001  7.625564e+001  6.483417e+000
    endloop
  endfacet
  facet normal -3.279126e-001 -5.675932e-002  9.430014e-001
    outer loop
      vertex  3.702163e+001  7.625564e+001  6.483417e+000
      vertex  3.703503e+001  7.573682e+001  6.456849e+000
      vertex  3.715913e+001  7.573682e+001  6.500000e+000
    endloop
  endfacet
  facet normal -3.310373e-001 -5.762401e-002  9.418565e-001
    outer loop
      vertex  3.702163e+001  7.625564e+001  6.483417e+000
      vertex  3.715913e+001  7.573682e+001  6.500000e+000
      vertex  3.714581e+001  7.625725e+001  6.527159e+000
    endloop
  endfacet
  facet normal -9.939380e-001  1.795106e-002 -1.084659e-001
    outer loop
      vertex  3.695127e+001 -7.626375e+001  6.372429e+000
      vertex  3.697793e+001 -7.573682e+001  6.215326e+000
      vertex  3.696521e+001 -7.627807e+001  6.242294e+000
    endloop
  endfacet
  facet normal -9.945587e-001  1.982877e-002 -1.022732e-001
    outer loop
      vertex  3.697793e+001 -7.573682e+001  6.215326e+000
      vertex  3.695127e+001 -7.626375e+001  6.372429e+000
      vertex  3.696449e+001 -7.573682e+001  6.346016e+000
    endloop
  endfacet
  facet normal -8.451883e-001  4.789089e-002  5.323187e-001
    outer loop
      vertex  3.696449e+001 -7.573682e+001  6.346016e+000
      vertex  3.695127e+001 -7.626375e+001  6.372429e+000
      vertex  3.702163e+001 -7.625564e+001  6.483417e+000
    endloop
  endfacet
  facet normal -8.426002e-001  4.922635e-002  5.362851e-001
    outer loop
      vertex  3.696449e+001 -7.573682e+001  6.346016e+000
      vertex  3.702163e+001 -7.625564e+001  6.483417e+000
      vertex  3.703503e+001 -7.573682e+001  6.456849e+000
    endloop
  endfacet
  facet normal -3.310631e-001  5.678422e-002  9.418986e-001
    outer loop
      vertex  3.703503e+001 -7.573682e+001  6.456849e+000
      vertex  3.702163e+001 -7.625564e+001  6.483417e+000
      vertex  3.714581e+001 -7.625725e+001  6.527159e+000
    endloop
  endfacet
  facet normal -3.278968e-001  5.760101e-002  9.429559e-001
    outer loop
      vertex  3.703503e+001 -7.573682e+001  6.456849e+000
      vertex  3.714581e+001 -7.625725e+001  6.527159e+000
      vertex  3.715913e+001 -7.573682e+001  6.500000e+000
    endloop
  endfacet
  facet normal  6.995209e-001  1.573159e-001  6.970811e-001
    outer loop
      vertex  3.819763e+001 -8.006399e+001  7.334273e+000
      vertex  3.804142e+001 -7.924470e+001  7.306136e+000
      vertex  3.745411e+001 -8.035855e+001  8.146874e+000
    endloop
  endfacet
  facet normal  7.796317e-001  1.117061e-001  6.161949e-001
    outer loop
      vertex  3.854836e+001 -7.897291e+001  6.615472e+000
      vertex  3.838049e+001 -7.755048e+001  6.570000e+000
      vertex  3.804142e+001 -7.924470e+001  7.306136e+000
    endloop
  endfacet
  facet normal  7.623936e-001  1.668363e-001  6.252373e-001
    outer loop
      vertex  3.854836e+001 -7.897291e+001  6.615472e+000
      vertex  3.804142e+001 -7.924470e+001  7.306136e+000
      vertex  3.819763e+001 -8.006399e+001  7.334273e+000
    endloop
  endfacet
  facet normal  3.174977e-001  3.527867e-001  8.801913e-001
    outer loop
      vertex  3.804142e+001 -7.924470e+001  7.306136e+000
      vertex  3.771510e+001 -7.801447e+001  6.930762e+000
      vertex  3.733115e+001 -7.951415e+001  7.670340e+000
    endloop
  endfacet
  facet normal  2.515978e-001  3.428928e-001  9.050542e-001
    outer loop
      vertex  3.838049e+001 -7.755048e+001  6.570000e+000
      vertex  3.771510e+001 -7.801447e+001  6.930762e+000
      vertex  3.804142e+001 -7.924470e+001  7.306136e+000
    endloop
  endfacet
  facet normal  8.250750e-001  1.150547e-001  5.531849e-001
    outer loop
      vertex  3.838049e+001 -7.755048e+001  6.570000e+000
      vertex  3.854836e+001 -7.897291e+001  6.615472e+000
      vertex  3.873840e+001 -7.771636e+001  6.070683e+000
    endloop
  endfacet
  facet normal  8.224562e-001  7.884293e-002  5.633379e-001
    outer loop
      vertex  3.873840e+001 -7.771636e+001  6.070683e+000
      vertex  3.882013e+001 -7.636134e+001  5.761709e+000
      vertex  3.838049e+001 -7.755048e+001  6.570000e+000
    endloop
  endfacet
  facet normal  8.445452e-001  5.014432e-002  5.331312e-001
    outer loop
      vertex  3.838049e+001 -7.755048e+001  6.570000e+000
      vertex  3.882013e+001 -7.636134e+001  5.761709e+000
      vertex  3.846789e+001 -7.629491e+001  6.313456e+000
    endloop
  endfacet
  facet normal  3.823560e-001  1.593551e-001  9.101703e-001
    outer loop
      vertex  3.838049e+001 -7.755048e+001  6.570000e+000
      vertex  3.846789e+001 -7.629491e+001  6.313456e+000
      vertex  3.771510e+001 -7.801447e+001  6.930762e+000
    endloop
  endfacet
  facet normal  3.297015e-001  1.878076e-001  9.252164e-001
    outer loop
      vertex  3.771510e+001 -7.801447e+001  6.930762e+000
      vertex  3.846789e+001 -7.629491e+001  6.313456e+000
      vertex  3.784673e+001 -7.625725e+001  6.527159e+000
    endloop
  endfacet
  facet normal  6.900705e-001  1.768631e-001  7.017993e-001
    outer loop
      vertex  3.724738e+001 -8.124756e+001  8.566924e+000
      vertex  3.819763e+001 -8.006399e+001  7.334273e+000
      vertex  3.711266e+001 -8.095578e+001  8.625860e+000
    endloop
  endfacet
  facet normal  6.987853e-001  1.597077e-001  6.972749e-001
    outer loop
      vertex  3.711266e+001 -8.095578e+001  8.625860e+000
      vertex  3.819763e+001 -8.006399e+001  7.334273e+000
      vertex  3.745411e+001 -8.035855e+001  8.146874e+000
    endloop
  endfacet
  facet normal  4.398500e-001  3.952734e-001  8.064062e-001
    outer loop
      vertex  3.711266e+001 -8.095578e+001  8.625860e+000
      vertex  3.745411e+001 -8.035855e+001  8.146874e+000
      vertex  3.687219e+001 -8.073035e+001  8.646523e+000
    endloop
  endfacet
  facet normal  1.454322e-001  5.853415e-001  7.976371e-001
    outer loop
      vertex  3.635051e+001 -8.060548e+001  8.650000e+000
      vertex  3.687219e+001 -8.073035e+001  8.646523e+000
      vertex  3.733115e+001 -7.951415e+001  7.670340e+000
    endloop
  endfacet
  facet normal  3.596196e-001  4.977720e-001  7.892380e-001
    outer loop
      vertex  3.733115e+001 -7.951415e+001  7.670340e+000
      vertex  3.687219e+001 -8.073035e+001  8.646523e+000
      vertex  3.745411e+001 -8.035855e+001  8.146874e+000
    endloop
  endfacet
  facet normal  2.353070e-001  5.034459e-001  8.313680e-001
    outer loop
      vertex  3.733115e+001 -7.951415e+001  7.670340e+000
      vertex  3.745411e+001 -8.035855e+001  8.146874e+000
      vertex  3.804142e+001 -7.924470e+001  7.306136e+000
    endloop
  endfacet
  facet normal -8.466036e-001  2.115063e-002  5.318035e-001
    outer loop
      vertex -3.882925e+001 -7.573682e+001  5.722351e+000
      vertex -3.882013e+001 -7.636134e+001  5.761709e+000
      vertex -3.847784e+001 -7.573682e+001  6.281777e+000
    endloop
  endfacet
  facet normal -8.436192e-001  1.542054e-002  5.367203e-001
    outer loop
      vertex -3.847784e+001 -7.573682e+001  6.281777e+000
      vertex -3.882013e+001 -7.636134e+001  5.761709e+000
      vertex -3.846789e+001 -7.629491e+001  6.313456e+000
    endloop
  endfacet
  facet normal -3.299449e-001  4.763027e-002  9.427978e-001
    outer loop
      vertex -3.847784e+001 -7.573682e+001  6.281777e+000
      vertex -3.846789e+001 -7.629491e+001  6.313456e+000
      vertex -3.785428e+001 -7.573682e+001  6.500000e+000
    endloop
  endfacet
  facet normal -3.274162e-001  4.450445e-002  9.438315e-001
    outer loop
      vertex -3.785428e+001 -7.573682e+001  6.500000e+000
      vertex -3.846789e+001 -7.629491e+001  6.313456e+000
      vertex -3.784673e+001 -7.625725e+001  6.527159e+000
    endloop
  endfacet
  facet normal -8.438562e-001 -2.146101e-002  5.361400e-001
    outer loop
      vertex -3.882013e+001  7.636134e+001  5.761700e+000
      vertex -3.882925e+001  7.573682e+001  5.722351e+000
      vertex -3.846789e+001  7.629491e+001  6.313457e+000
    endloop
  endfacet
  facet normal -8.466964e-001 -1.509129e-002  5.318623e-001
    outer loop
      vertex -3.846789e+001  7.629491e+001  6.313457e+000
      vertex -3.882925e+001  7.573682e+001  5.722351e+000
      vertex -3.847784e+001  7.573682e+001  6.281777e+000
    endloop
  endfacet
  facet normal -3.275409e-001 -4.772285e-002  9.436311e-001
    outer loop
      vertex -3.846789e+001  7.629491e+001  6.313457e+000
      vertex -3.847784e+001  7.573682e+001  6.281777e+000
      vertex -3.784673e+001  7.625725e+001  6.527159e+000
    endloop
  endfacet
  facet normal -3.299944e-001 -4.442037e-002  9.429371e-001
    outer loop
      vertex -3.784673e+001  7.625725e+001  6.527159e+000
      vertex -3.847784e+001  7.573682e+001  6.281777e+000
      vertex -3.785428e+001  7.573682e+001  6.500000e+000
    endloop
  endfacet
  facet normal -2.341607e-001 -4.935950e-001  8.375756e-001
    outer loop
      vertex -3.750035e+001  8.030178e+001  8.092303e+000
      vertex -3.807957e+001  7.912460e+001  7.236640e+000
      vertex -3.736629e+001  7.943185e+001  7.617124e+000
    endloop
  endfacet
  facet normal -2.358995e-001 -3.345809e-001  9.123634e-001
    outer loop
      vertex -3.807957e+001  7.912460e+001  7.236640e+000
      vertex -3.839207e+001  7.744080e+001  6.538362e+000
      vertex -3.764970e+001  7.842001e+001  7.089399e+000
    endloop
  endfacet
  facet normal -3.076780e-001 -3.708264e-001  8.762546e-001
    outer loop
      vertex -3.736629e+001  7.943185e+001  7.617124e+000
      vertex -3.807957e+001  7.912460e+001  7.236640e+000
      vertex -3.764970e+001  7.842001e+001  7.089399e+000
    endloop
  endfacet
  facet normal -7.683903e-001 -1.628800e-001  6.189073e-001
    outer loop
      vertex -3.824006e+001  7.996803e+001  7.259360e+000
      vertex -3.858224e+001  7.881073e+001  6.529951e+000
      vertex -3.807957e+001  7.912460e+001  7.236640e+000
    endloop
  endfacet
  facet normal -7.875687e-001 -1.056035e-001  6.071107e-001
    outer loop
      vertex -3.807957e+001  7.912460e+001  7.236640e+000
      vertex -3.858224e+001  7.881073e+001  6.529951e+000
      vertex -3.839207e+001  7.744080e+001  6.538362e+000
    endloop
  endfacet
  facet normal -4.053735e-001 -1.952340e-001  8.930600e-001
    outer loop
      vertex -3.764970e+001  7.842001e+001  7.089399e+000
      vertex -3.839207e+001  7.744080e+001  6.538362e+000
      vertex -3.784673e+001  7.625725e+001  6.527159e+000
    endloop
  endfacet
  facet normal -3.297964e-001 -1.607630e-001  9.302632e-001
    outer loop
      vertex -3.784673e+001  7.625725e+001  6.527159e+000
      vertex -3.839207e+001  7.744080e+001  6.538362e+000
      vertex -3.846789e+001  7.629491e+001  6.313457e+000
    endloop
  endfacet
  facet normal -6.995941e-001 -9.276845e-002  7.084928e-001
    outer loop
      vertex -3.839207e+001  7.744080e+001  6.538362e+000
      vertex -3.858224e+001  7.881073e+001  6.529951e+000
      vertex -3.846789e+001  7.629491e+001  6.313457e+000
    endloop
  endfacet
  facet normal -8.444588e-001 -8.390795e-002  5.290073e-001
    outer loop
      vertex -3.846789e+001  7.629491e+001  6.313457e+000
      vertex -3.858224e+001  7.881073e+001  6.529951e+000
      vertex -3.882013e+001  7.636134e+001  5.761700e+000
    endloop
  endfacet
  facet normal -4.885159e-001 -3.290436e-001  8.081352e-001
    outer loop
      vertex -3.719329e+001  8.109800e+001  8.602110e+000
      vertex -3.750035e+001  8.030178e+001  8.092303e+000
      vertex -3.687219e+001  8.073035e+001  8.646523e+000
    endloop
  endfacet
  facet normal -3.652773e-001 -4.889784e-001  7.921317e-001
    outer loop
      vertex -3.687219e+001  8.073035e+001  8.646523e+000
      vertex -3.750035e+001  8.030178e+001  8.092303e+000
      vertex -3.736629e+001  7.943185e+001  7.617124e+000
    endloop
  endfacet
  facet normal -1.442811e-001 -5.804355e-001  8.014222e-001
    outer loop
      vertex -3.687219e+001  8.073035e+001  8.646523e+000
      vertex -3.736629e+001  7.943185e+001  7.617124e+000
      vertex -3.635051e+001  8.060548e+001  8.650000e+000
    endloop
  endfacet
  facet normal -7.076073e-001 -1.532237e-001  6.897929e-001
    outer loop
      vertex -3.807957e+001  7.912460e+001  7.236640e+000
      vertex -3.750035e+001  8.030178e+001  8.092303e+000
      vertex -3.824006e+001  7.996803e+001  7.259360e+000
    endloop
  endfacet
  facet normal -7.011560e-001 -1.725602e-001  6.918116e-001
    outer loop
      vertex -3.824006e+001  7.996803e+001  7.259360e+000
      vertex -3.750035e+001  8.030178e+001  8.092303e+000
      vertex -3.719329e+001  8.109800e+001  8.602110e+000
    endloop
  endfacet
  facet normal -7.370725e-001 -1.096393e-001  6.668609e-001
    outer loop
      vertex -3.824006e+001  7.996803e+001  7.259360e+000
      vertex -3.719329e+001  8.109800e+001  8.602110e+000
      vertex -3.724738e+001  8.124756e+001  8.566924e+000
    endloop
  endfacet
  facet normal -7.646546e-002 -7.360972e-001  6.725429e-001
    outer loop
      vertex  3.504912e+001  8.052574e+001  8.550929e+000
      vertex  3.613681e+001  7.977421e+001  7.852043e+000
      vertex  3.736629e+001  7.943185e+001  7.617124e+000
    endloop
  endfacet
  facet normal -1.568519e-002 -6.681945e-001  7.438213e-001
    outer loop
      vertex  3.504912e+001  8.052574e+001  8.550929e+000
      vertex  3.736629e+001  7.943185e+001  7.617124e+000
      vertex  3.635051e+001  8.060548e+001  8.650000e+000
    endloop
  endfacet
  facet normal  0.000000e+000 -7.790306e-001  6.269860e-001
    outer loop
      vertex  3.504912e+001  8.052574e+001  8.550929e+000
      vertex  3.635051e+001  8.060548e+001  8.650000e+000
      vertex -3.635051e+001  8.060548e+001  8.650000e+000
    endloop
  endfacet
  facet normal  0.000000e+000 -7.790306e-001  6.269860e-001
    outer loop
      vertex  3.504912e+001  8.052574e+001  8.550929e+000
      vertex -3.635051e+001  8.060548e+001  8.650000e+000
      vertex -3.504912e+001  8.052574e+001  8.550929e+000
    endloop
  endfacet
  facet normal  1.380931e-002 -6.825355e-001  7.307221e-001
    outer loop
      vertex -3.504912e+001  8.052574e+001  8.550929e+000
      vertex -3.635051e+001  8.060548e+001  8.650000e+000
      vertex -3.620988e+001  7.968346e+001  7.786124e+000
    endloop
  endfacet
  facet normal  4.089988e-002 -6.798219e-001  7.322357e-001
    outer loop
      vertex -3.620988e+001  7.968346e+001  7.786124e+000
      vertex -3.635051e+001  8.060548e+001  8.650000e+000
      vertex -3.736629e+001  7.943185e+001  7.617124e+000
    endloop
  endfacet
  facet normal -2.648222e-002 -4.706628e-001  8.819157e-001
    outer loop
      vertex -3.620988e+001  7.968346e+001  7.786124e+000
      vertex -3.736629e+001  7.943185e+001  7.617124e+000
      vertex -3.682606e+001  7.838488e+001  7.074594e+000
    endloop
  endfacet
  facet normal -3.740838e-003 -4.616037e-001  8.870783e-001
    outer loop
      vertex -3.682606e+001  7.838488e+001  7.074594e+000
      vertex -3.736629e+001  7.943185e+001  7.617124e+000
      vertex -3.764970e+001  7.842001e+001  7.089399e+000
    endloop
  endfacet
  facet normal  6.735997e-003 -2.501256e-001  9.681900e-001
    outer loop
      vertex -3.682606e+001  7.838488e+001  7.074594e+000
      vertex -3.764970e+001  7.842001e+001  7.089399e+000
      vertex -3.714581e+001  7.625725e+001  6.527159e+000
    endloop
  endfacet
  facet normal  0.000000e+000 -2.516016e-001  9.678308e-001
    outer loop
      vertex -3.714581e+001  7.625725e+001  6.527159e+000
      vertex -3.764970e+001  7.842001e+001  7.089399e+000
      vertex -3.784673e+001  7.625725e+001  6.527159e+000
    endloop
  endfacet
  facet normal  4.429482e-002 -4.521952e-001  8.908184e-001
    outer loop
      vertex  3.736629e+001  7.943185e+001  7.617124e+000
      vertex  3.613681e+001  7.977421e+001  7.852043e+000
      vertex  3.764970e+001  7.842001e+001  7.089399e+000
    endloop
  endfacet
  facet normal  2.341268e-002 -4.705834e-001  8.820448e-001
    outer loop
      vertex  3.764970e+001  7.842001e+001  7.089399e+000
      vertex  3.613681e+001  7.977421e+001  7.852043e+000
      vertex  3.686309e+001  7.825054e+001  7.019867e+000
    endloop
  endfacet
  facet normal -3.070702e-002 -2.541024e-001  9.666898e-001
    outer loop
      vertex  3.764970e+001  7.842001e+001  7.089399e+000
      vertex  3.686309e+001  7.825054e+001  7.019867e+000
      vertex  3.784673e+001  7.625725e+001  6.527159e+000
    endloop
  endfacet
  facet normal  0.000000e+000 -2.399609e-001  9.707826e-001
    outer loop
      vertex  3.784673e+001  7.625725e+001  6.527159e+000
      vertex  3.686309e+001  7.825054e+001  7.019867e+000
      vertex  3.714581e+001  7.625725e+001  6.527159e+000
    endloop
  endfacet
  facet normal  0.000000e+000 -5.211413e-002  9.986412e-001
    outer loop
      vertex  3.714581e+001  7.625725e+001  6.527159e+000
      vertex  3.715913e+001  7.573682e+001  6.500000e+000
      vertex  3.784673e+001  7.625725e+001  6.527159e+000
    endloop
  endfacet
  facet normal  0.000000e+000 -5.211412e-002  9.986411e-001
    outer loop
      vertex  3.784673e+001  7.625725e+001  6.527159e+000
      vertex  3.715913e+001  7.573682e+001  6.500000e+000
      vertex  3.785428e+001  7.573682e+001  6.500000e+000
    endloop
  endfacet
  facet normal  0.000000e+000 -5.211413e-002  9.986412e-001
    outer loop
      vertex -3.784673e+001  7.625725e+001  6.527159e+000
      vertex -3.785428e+001  7.573682e+001  6.500000e+000
      vertex -3.714581e+001  7.625725e+001  6.527159e+000
    endloop
  endfacet
  facet normal  0.000000e+000 -5.211412e-002  9.986411e-001
    outer loop
      vertex -3.714581e+001  7.625725e+001  6.527159e+000
      vertex -3.785428e+001  7.573682e+001  6.500000e+000
      vertex -3.715913e+001  7.573682e+001  6.500000e+000
    endloop
  endfacet
  facet normal  2.875573e-001 -8.300955e-001  4.777575e-001
    outer loop
      vertex -3.504912e+001  8.052574e+001  8.550929e+000
      vertex -3.620988e+001  7.968346e+001  7.786124e+000
      vertex -3.479782e+001  8.056215e+001  8.462929e+000
    endloop
  endfacet
  facet normal  2.215911e-001 -7.930989e-001  5.673547e-001
    outer loop
      vertex -3.479782e+001  8.056215e+001  8.462929e+000
      vertex -3.620988e+001  7.968346e+001  7.786124e+000
      vertex -3.609535e+001  7.965672e+001  7.704019e+000
    endloop
  endfacet
  facet normal  6.732460e-001 -5.656624e-001 -4.761994e-001
    outer loop
      vertex -3.479782e+001  8.056215e+001  8.462929e+000
      vertex -3.609535e+001  7.965672e+001  7.704019e+000
      vertex -3.484716e+001  8.061556e+001  8.329725e+000
    endloop
  endfacet
  facet normal  6.154145e-001 -7.879446e-001 -2.020601e-002
    outer loop
      vertex -3.484716e+001  8.061556e+001  8.329725e+000
      vertex -3.609535e+001  7.965672e+001  7.704019e+000
      vertex -3.603973e+001  7.970334e+001  7.580297e+000
    endloop
  endfacet
  facet normal  5.518723e-001 -3.704537e-002 -8.331054e-001
    outer loop
      vertex -3.484716e+001  8.061556e+001  8.329725e+000
      vertex -3.603973e+001  7.970334e+001  7.580297e+000
      vertex -3.501200e+001  8.065858e+001  8.218615e+000
    endloop
  endfacet
  facet normal  7.167574e-001 -3.807786e-001 -5.841801e-001
    outer loop
      vertex -3.501200e+001  8.065858e+001  8.218615e+000
      vertex -3.603973e+001  7.970334e+001  7.580297e+000
      vertex -3.607162e+001  7.979932e+001  7.478594e+000
    endloop
  endfacet
  facet normal  3.713521e-001 -2.833133e-001  8.842122e-001
    outer loop
      vertex -3.682606e+001  7.838488e+001  7.074594e+000
      vertex -3.714581e+001  7.625725e+001  6.527159e+000
      vertex -3.670082e+001  7.837331e+001  7.018290e+000
    endloop
  endfacet
  facet normal  3.160496e-001 -2.770624e-001  9.073858e-001
    outer loop
      vertex -3.670082e+001  7.837331e+001  7.018290e+000
      vertex -3.714581e+001  7.625725e+001  6.527159e+000
      vertex -3.702163e+001  7.625564e+001  6.483417e+000
    endloop
  endfacet
  facet normal  8.718647e-001 -2.399193e-001  4.269551e-001
    outer loop
      vertex -3.670082e+001  7.837331e+001  7.018290e+000
      vertex -3.702163e+001  7.625564e+001  6.483417e+000
      vertex -3.663504e+001  7.840388e+001  6.901133e+000
    endloop
  endfacet
  facet normal  8.264520e-001 -2.470948e-001  5.058866e-001
    outer loop
      vertex -3.663504e+001  7.840388e+001  6.901133e+000
      vertex -3.702163e+001  7.625564e+001  6.483417e+000
      vertex -3.695127e+001  7.626375e+001  6.372430e+000
    endloop
  endfacet
  facet normal  9.678259e-001 -8.445488e-002 -2.370237e-001
    outer loop
      vertex -3.663504e+001  7.840388e+001  6.901133e+000
      vertex -3.695127e+001  7.626375e+001  6.372430e+000
      vertex -3.665993e+001  7.846210e+001  6.778740e+000
    endloop
  endfacet
  facet normal  9.870379e-001 -1.090456e-001 -1.177504e-001
    outer loop
      vertex -3.665993e+001  7.846210e+001  6.778740e+000
      vertex -3.695127e+001  7.626375e+001  6.372430e+000
      vertex -3.696521e+001  7.627807e+001  6.242294e+000
    endloop
  endfacet
  facet normal  3.826226e-001 -5.769501e-001  7.216151e-001
    outer loop
      vertex -3.620988e+001  7.968346e+001  7.786124e+000
      vertex -3.682606e+001  7.838488e+001  7.074594e+000
      vertex -3.609535e+001  7.965672e+001  7.704019e+000
    endloop
  endfacet
  facet normal  2.977892e-001 -5.553564e-001  7.764670e-001
    outer loop
      vertex -3.609535e+001  7.965672e+001  7.704019e+000
      vertex -3.682606e+001  7.838488e+001  7.074594e+000
      vertex -3.670082e+001  7.837331e+001  7.018290e+000
    endloop
  endfacet
  facet normal  8.444154e-001 -5.004562e-001  1.910659e-001
    outer loop
      vertex -3.609535e+001  7.965672e+001  7.704019e+000
      vertex -3.670082e+001  7.837331e+001  7.018290e+000
      vertex -3.603973e+001  7.970334e+001  7.580297e+000
    endloop
  endfacet
  facet normal  7.933745e-001 -5.247344e-001  3.085621e-001
    outer loop
      vertex -3.603973e+001  7.970334e+001  7.580297e+000
      vertex -3.670082e+001  7.837331e+001  7.018290e+000
      vertex -3.663504e+001  7.840388e+001  6.901133e+000
    endloop
  endfacet
  facet normal  8.809979e-001 -1.735693e-001 -4.401323e-001
    outer loop
      vertex -3.603973e+001  7.970334e+001  7.580297e+000
      vertex -3.663504e+001  7.840388e+001  6.901133e+000
      vertex -3.607162e+001  7.979932e+001  7.478594e+000
    endloop
  endfacet
  facet normal  9.203922e-001 -2.457682e-001 -3.040990e-001
    outer loop
      vertex -3.607162e+001  7.979932e+001  7.478594e+000
      vertex -3.663504e+001  7.840388e+001  6.901133e+000
      vertex -3.665993e+001  7.846210e+001  6.778740e+000
    endloop
  endfacet
  facet normal  3.278968e-001 -5.760101e-002  9.429559e-001
    outer loop
      vertex -3.703503e+001  7.573682e+001  6.456849e+000
      vertex -3.714581e+001  7.625725e+001  6.527159e+000
      vertex -3.715913e+001  7.573682e+001  6.500000e+000
    endloop
  endfacet
  facet normal  3.310631e-001 -5.678422e-002  9.418986e-001
    outer loop
      vertex -3.714581e+001  7.625725e+001  6.527159e+000
      vertex -3.703503e+001  7.573682e+001  6.456849e+000
      vertex -3.702163e+001  7.625564e+001  6.483417e+000
    endloop
  endfacet
  facet normal  8.426002e-001 -4.922635e-002  5.362851e-001
    outer loop
      vertex -3.702163e+001  7.625564e+001  6.483417e+000
      vertex -3.703503e+001  7.573682e+001  6.456849e+000
      vertex -3.696449e+001  7.573682e+001  6.346016e+000
    endloop
  endfacet
  facet normal  8.451872e-001 -4.789142e-002  5.323203e-001
    outer loop
      vertex -3.702163e+001  7.625564e+001  6.483417e+000
      vertex -3.696449e+001  7.573682e+001  6.346016e+000
      vertex -3.695127e+001  7.626375e+001  6.372430e+000
    endloop
  endfacet
  facet normal  9.945588e-001 -1.982868e-002 -1.022733e-001
    outer loop
      vertex -3.695127e+001  7.626375e+001  6.372430e+000
      vertex -3.696449e+001  7.573682e+001  6.346016e+000
      vertex -3.697793e+001  7.573682e+001  6.215326e+000
    endloop
  endfacet
  facet normal  9.939382e-001 -1.795108e-002 -1.084655e-001
    outer loop
      vertex -3.695127e+001  7.626375e+001  6.372430e+000
      vertex -3.697793e+001  7.573682e+001  6.215326e+000
      vertex -3.696521e+001  7.627807e+001  6.242294e+000
    endloop
  endfacet
  facet normal  3.310373e-001  5.762401e-002  9.418565e-001
    outer loop
      vertex -3.702163e+001 -7.625564e+001  6.483417e+000
      vertex -3.715913e+001 -7.573682e+001  6.500000e+000
      vertex -3.714581e+001 -7.625725e+001  6.527159e+000
    endloop
  endfacet
  facet normal  3.279126e-001  5.675932e-002  9.430014e-001
    outer loop
      vertex -3.715913e+001 -7.573682e+001  6.500000e+000
      vertex -3.702163e+001 -7.625564e+001  6.483417e+000
      vertex -3.703503e+001 -7.573682e+001  6.456849e+000
    endloop
  endfacet
  facet normal  8.451776e-001  4.908512e-002  5.322270e-001
    outer loop
      vertex -3.703503e+001 -7.573682e+001  6.456849e+000
      vertex -3.702163e+001 -7.625564e+001  6.483417e+000
      vertex -3.695127e+001 -7.626375e+001  6.372430e+000
    endloop
  endfacet
  facet normal  8.426493e-001  4.802806e-002  5.363164e-001
    outer loop
      vertex -3.703503e+001 -7.573682e+001  6.456849e+000
      vertex -3.695127e+001 -7.626375e+001  6.372430e+000
      vertex -3.696449e+001 -7.573682e+001  6.346016e+000
    endloop
  endfacet
  facet normal  9.938911e-001  1.949327e-002 -1.086302e-001
    outer loop
      vertex -3.696449e+001 -7.573682e+001  6.346016e+000
      vertex -3.695127e+001 -7.626375e+001  6.372430e+000
      vertex -3.696521e+001 -7.627807e+001  6.242294e+000
    endloop
  endfacet
  facet normal  9.945881e-001  1.827472e-002 -1.022763e-001
    outer loop
      vertex -3.696449e+001 -7.573682e+001  6.346016e+000
      vertex -3.696521e+001 -7.627807e+001  6.242294e+000
      vertex -3.697793e+001 -7.573682e+001  6.215326e+000
    endloop
  endfacet
  facet normal  3.299938e-001  4.442039e-002  9.429374e-001
    outer loop
      vertex  3.785428e+001 -7.573682e+001  6.500000e+000
      vertex  3.784673e+001 -7.625725e+001  6.527159e+000
      vertex  3.847784e+001 -7.573682e+001  6.281777e+000
    endloop
  endfacet
  facet normal  3.275420e-001  4.772038e-002  9.436308e-001
    outer loop
      vertex  3.847784e+001 -7.573682e+001  6.281777e+000
      vertex  3.784673e+001 -7.625725e+001  6.527159e+000
      vertex  3.846789e+001 -7.629491e+001  6.313456e+000
    endloop
  endfacet
  facet normal  8.466965e-001  1.508990e-002  5.318619e-001
    outer loop
      vertex  3.847784e+001 -7.573682e+001  6.281777e+000
      vertex  3.846789e+001 -7.629491e+001  6.313456e+000
      vertex  3.882925e+001 -7.573682e+001  5.722351e+000
    endloop
  endfacet
  facet normal  8.438544e-001  2.146425e-002  5.361428e-001
    outer loop
      vertex  3.882925e+001 -7.573682e+001  5.722351e+000
      vertex  3.846789e+001 -7.629491e+001  6.313456e+000
      vertex  3.882013e+001 -7.636134e+001  5.761709e+000
    endloop
  endfacet
  facet normal  3.274149e-001 -4.450449e-002  9.438321e-001
    outer loop
      vertex  3.784673e+001  7.625725e+001  6.527159e+000
      vertex  3.785428e+001  7.573682e+001  6.500000e+000
      vertex  3.846789e+001  7.629491e+001  6.313457e+000
    endloop
  endfacet
  facet normal  3.299455e-001 -4.763265e-002  9.427975e-001
    outer loop
      vertex  3.846789e+001  7.629491e+001  6.313457e+000
      vertex  3.785428e+001  7.573682e+001  6.500000e+000
      vertex  3.847784e+001  7.573682e+001  6.281777e+000
    endloop
  endfacet
  facet normal  8.436213e-001 -1.542171e-002  5.367171e-001
    outer loop
      vertex  3.846789e+001  7.629491e+001  6.313457e+000
      vertex  3.847784e+001  7.573682e+001  6.281777e+000
      vertex  3.882013e+001  7.636134e+001  5.761700e+000
    endloop
  endfacet
  facet normal  8.466035e-001 -2.114770e-002  5.318039e-001
    outer loop
      vertex  3.882013e+001  7.636134e+001  5.761700e+000
      vertex  3.847784e+001  7.573682e+001  6.281777e+000
      vertex  3.882925e+001  7.573682e+001  5.722351e+000
    endloop
  endfacet
  facet normal  7.076073e-001 -1.532237e-001  6.897929e-001
    outer loop
      vertex  3.750035e+001  8.030178e+001  8.092303e+000
      vertex  3.807957e+001  7.912460e+001  7.236640e+000
      vertex  3.824006e+001  7.996803e+001  7.259360e+000
    endloop
  endfacet
  facet normal  7.875687e-001 -1.056035e-001  6.071107e-001
    outer loop
      vertex  3.807957e+001  7.912460e+001  7.236640e+000
      vertex  3.839207e+001  7.744080e+001  6.538362e+000
      vertex  3.858224e+001  7.881073e+001  6.529951e+000
    endloop
  endfacet
  facet normal  7.683903e-001 -1.628800e-001  6.189073e-001
    outer loop
      vertex  3.824006e+001  7.996803e+001  7.259360e+000
      vertex  3.807957e+001  7.912460e+001  7.236640e+000
      vertex  3.858224e+001  7.881073e+001  6.529951e+000
    endloop
  endfacet
  facet normal  3.076780e-001 -3.708264e-001  8.762545e-001
    outer loop
      vertex  3.736629e+001  7.943185e+001  7.617124e+000
      vertex  3.764970e+001  7.842001e+001  7.089399e+000
      vertex  3.807957e+001  7.912460e+001  7.236640e+000
    endloop
  endfacet
  facet normal  2.358995e-001 -3.345809e-001  9.123634e-001
    outer loop
      vertex  3.807957e+001  7.912460e+001  7.236640e+000
      vertex  3.764970e+001  7.842001e+001  7.089399e+000
      vertex  3.839207e+001  7.744080e+001  6.538362e+000
    endloop
  endfacet
  facet normal  8.000280e-001 -1.074366e-001  5.902649e-001
    outer loop
      vertex  3.858224e+001  7.881073e+001  6.529951e+000
      vertex  3.839207e+001  7.744080e+001  6.538362e+000
      vertex  3.882013e+001  7.636134e+001  5.761700e+000
    endloop
  endfacet
  facet normal  8.445303e-001 -4.878971e-002  5.332805e-001
    outer loop
      vertex  3.882013e+001  7.636134e+001  5.761700e+000
      vertex  3.839207e+001  7.744080e+001  6.538362e+000
      vertex  3.846789e+001  7.629491e+001  6.313457e+000
    endloop
  endfacet
  facet normal  4.633408e-001 -1.410574e-001  8.748818e-001
    outer loop
      vertex  3.839207e+001  7.744080e+001  6.538362e+000
      vertex  3.764970e+001  7.842001e+001  7.089399e+000
      vertex  3.846789e+001  7.629491e+001  6.313457e+000
    endloop
  endfacet
  facet normal  3.294438e-001 -2.093308e-001  9.206777e-001
    outer loop
      vertex  3.846789e+001  7.629491e+001  6.313457e+000
      vertex  3.764970e+001  7.842001e+001  7.089399e+000
      vertex  3.784673e+001  7.625725e+001  6.527159e+000
    endloop
  endfacet
  facet normal  2.658023e-001 -5.621530e-001  7.831559e-001
    outer loop
      vertex  3.652111e+001  8.061559e+001  8.649914e+000
      vertex  3.750035e+001  8.030178e+001  8.092303e+000
      vertex  3.700450e+001  8.083005e+001  8.639787e+000
    endloop
  endfacet
  facet normal  7.521666e-001  2.349988e-002  6.585538e-001
    outer loop
      vertex  3.700450e+001  8.083005e+001  8.639787e+000
      vertex  3.750035e+001  8.030178e+001  8.092303e+000
      vertex  3.824006e+001  7.996803e+001  7.259360e+000
    endloop
  endfacet
  facet normal  6.408840e-001 -2.459088e-001  7.271839e-001
    outer loop
      vertex  3.700450e+001  8.083005e+001  8.639787e+000
      vertex  3.824006e+001  7.996803e+001  7.259360e+000
      vertex  3.724738e+001  8.124756e+001  8.566924e+000
    endloop
  endfacet
  facet normal  2.341607e-001 -4.935950e-001  8.375756e-001
    outer loop
      vertex  3.807957e+001  7.912460e+001  7.236640e+000
      vertex  3.750035e+001  8.030178e+001  8.092303e+000
      vertex  3.736629e+001  7.943185e+001  7.617124e+000
    endloop
  endfacet
  facet normal  3.062216e-001 -4.922620e-001  8.148045e-001
    outer loop
      vertex  3.736629e+001  7.943185e+001  7.617124e+000
      vertex  3.750035e+001  8.030178e+001  8.092303e+000
      vertex  3.652111e+001  8.061559e+001  8.649914e+000
    endloop
  endfacet
  facet normal  3.841043e-002 -6.412321e-001  7.663851e-001
    outer loop
      vertex  3.736629e+001  7.943185e+001  7.617124e+000
      vertex  3.652111e+001  8.061559e+001  8.649914e+000
      vertex  3.635051e+001  8.060548e+001  8.650000e+000
    endloop
  endfacet
  facet normal  0.000000e+000  5.211413e-002  9.986412e-001
    outer loop
      vertex -3.714581e+001 -7.625725e+001  6.527159e+000
      vertex -3.715913e+001 -7.573682e+001  6.500000e+000
      vertex -3.784673e+001 -7.625725e+001  6.527159e+000
    endloop
  endfacet
  facet normal  0.000000e+000  5.211412e-002  9.986411e-001
    outer loop
      vertex -3.784673e+001 -7.625725e+001  6.527159e+000
      vertex -3.715913e+001 -7.573682e+001  6.500000e+000
      vertex -3.785428e+001 -7.573682e+001  6.500000e+000
    endloop
  endfacet
  facet normal -2.341607e-001  4.935950e-001  8.375756e-001
    outer loop
      vertex -3.736629e+001 -7.943185e+001  7.617124e+000
      vertex -3.807957e+001 -7.912460e+001  7.236640e+000
      vertex -3.750035e+001 -8.030178e+001  8.092303e+000
    endloop
  endfacet
  facet normal -2.561888e-001  3.293349e-001  9.087936e-001
    outer loop
      vertex -3.773168e+001 -7.788948e+001  6.887120e+000
      vertex -3.839207e+001 -7.744080e+001  6.538362e+000
      vertex -3.807957e+001 -7.912460e+001  7.236640e+000
    endloop
  endfacet
  facet normal -3.238828e-001  3.409667e-001  8.825201e-001
    outer loop
      vertex -3.773168e+001 -7.788948e+001  6.887120e+000
      vertex -3.807957e+001 -7.912460e+001  7.236640e+000
      vertex -3.736629e+001 -7.943185e+001  7.617124e+000
    endloop
  endfacet
  facet normal -7.683903e-001  1.628800e-001  6.189073e-001
    outer loop
      vertex -3.807957e+001 -7.912460e+001  7.236640e+000
      vertex -3.858224e+001 -7.881073e+001  6.529951e+000
      vertex -3.824006e+001 -7.996803e+001  7.259360e+000
    endloop
  endfacet
  facet normal -7.875687e-001  1.056035e-001  6.071107e-001
    outer loop
      vertex -3.839207e+001 -7.744080e+001  6.538362e+000
      vertex -3.858224e+001 -7.881073e+001  6.529951e+000
      vertex -3.807957e+001 -7.912460e+001  7.236640e+000
    endloop
  endfacet
  facet normal -3.634579e-001  1.761267e-001  9.148102e-001
    outer loop
      vertex -3.773168e+001 -7.788948e+001  6.887120e+000
      vertex -3.784673e+001 -7.625725e+001  6.527159e+000
      vertex -3.839207e+001 -7.744080e+001  6.538362e+000
    endloop
  endfacet
  facet normal -3.297977e-001  1.607636e-001  9.302626e-001
    outer loop
      vertex -3.839207e+001 -7.744080e+001  6.538362e+000
      vertex -3.784673e+001 -7.625725e+001  6.527159e+000
      vertex -3.846789e+001 -7.629491e+001  6.313456e+000
    endloop
  endfacet
  facet normal -6.995955e-001  9.276865e-002  7.084913e-001
    outer loop
      vertex -3.839207e+001 -7.744080e+001  6.538362e+000
      vertex -3.846789e+001 -7.629491e+001  6.313456e+000
      vertex -3.858224e+001 -7.881073e+001  6.529951e+000
    endloop
  endfacet
  facet normal -8.444570e-001  8.390834e-002  5.290102e-001
    outer loop
      vertex -3.858224e+001 -7.881073e+001  6.529951e+000
      vertex -3.846789e+001 -7.629491e+001  6.313456e+000
      vertex -3.882013e+001 -7.636134e+001  5.761709e+000
    endloop
  endfacet
  facet normal -3.841043e-002  6.412321e-001  7.663851e-001
    outer loop
      vertex -3.635051e+001 -8.060548e+001  8.650000e+000
      vertex -3.736629e+001 -7.943185e+001  7.617124e+000
      vertex -3.652111e+001 -8.061559e+001  8.649914e+000
    endloop
  endfacet
  facet normal -3.062216e-001  4.922620e-001  8.148045e-001
    outer loop
      vertex -3.652111e+001 -8.061559e+001  8.649914e+000
      vertex -3.736629e+001 -7.943185e+001  7.617124e+000
      vertex -3.750035e+001 -8.030178e+001  8.092303e+000
    endloop
  endfacet
  facet normal -2.658023e-001  5.621530e-001  7.831559e-001
    outer loop
      vertex -3.652111e+001 -8.061559e+001  8.649914e+000
      vertex -3.750035e+001 -8.030178e+001  8.092303e+000
      vertex -3.700450e+001 -8.083005e+001  8.639787e+000
    endloop
  endfacet
  facet normal -6.408840e-001  2.459089e-001  7.271839e-001
    outer loop
      vertex -3.724738e+001 -8.124756e+001  8.566924e+000
      vertex -3.700450e+001 -8.083005e+001  8.639787e+000
      vertex -3.824006e+001 -7.996803e+001  7.259360e+000
    endloop
  endfacet
  facet normal -7.521666e-001 -2.350023e-002  6.585538e-001
    outer loop
      vertex -3.824006e+001 -7.996803e+001  7.259360e+000
      vertex -3.700450e+001 -8.083005e+001  8.639787e+000
      vertex -3.750035e+001 -8.030178e+001  8.092303e+000
    endloop
  endfacet
  facet normal -7.076073e-001  1.532237e-001  6.897929e-001
    outer loop
      vertex -3.824006e+001 -7.996803e+001  7.259360e+000
      vertex -3.750035e+001 -8.030178e+001  8.092303e+000
      vertex -3.807957e+001 -7.912460e+001  7.236640e+000
    endloop
  endfacet
  facet normal  0.000000e+000  5.211413e-002  9.986412e-001
    outer loop
      vertex  3.784673e+001 -7.625725e+001  6.527159e+000
      vertex  3.785428e+001 -7.573682e+001  6.500000e+000
      vertex  3.714581e+001 -7.625725e+001  6.527159e+000
    endloop
  endfacet
  facet normal  0.000000e+000  5.211412e-002  9.986411e-001
    outer loop
      vertex  3.714581e+001 -7.625725e+001  6.527159e+000
      vertex  3.785428e+001 -7.573682e+001  6.500000e+000
      vertex  3.715913e+001 -7.573682e+001  6.500000e+000
    endloop
  endfacet
  facet normal -6.531932e-002 -9.978644e-001  0.000000e+000
    outer loop
      vertex  3.337500e+001  8.137500e+001  4.324994e+000
      vertex  3.389645e+001  8.134087e+001  3.461500e+000
      vertex  3.389645e+001  8.134087e+001  5.188488e+000
    endloop
  endfacet
  facet normal -3.389963e-001 -9.407877e-001  -0.000000e+000
    outer loop
      vertex  3.389645e+001  8.134087e+001  5.188488e+000
      vertex  3.389645e+001  8.134087e+001  3.461500e+000
      vertex  3.550301e+001  8.076197e+001  7.144759e-001
    endloop
  endfacet
  facet normal -3.389938e-001 -9.407886e-001  1.012080e-006
    outer loop
      vertex  3.389645e+001  8.134087e+001  5.188488e+000
      vertex  3.550301e+001  8.076197e+001  7.144759e-001
      vertex  3.550297e+001  8.076199e+001  7.935445e+000
    endloop
  endfacet
  facet normal -6.190940e-001 -7.853169e-001 -1.108402e-006
    outer loop
      vertex  3.550297e+001  8.076199e+001  7.935445e+000
      vertex  3.550301e+001  8.076197e+001  7.144759e-001
      vertex  3.617160e+001  8.023490e+001  1.270158e+000
    endloop
  endfacet
  facet normal -6.190872e-001 -7.853224e-001  0.000000e+000
    outer loop
      vertex  3.550297e+001  8.076199e+001  7.935445e+000
      vertex  3.617160e+001  8.023490e+001  1.270158e+000
      vertex  3.617160e+001  8.023490e+001  7.379707e+000
    endloop
  endfacet
  facet normal -8.073341e-001 -5.900946e-001  -0.000000e+000
    outer loop
      vertex  3.617160e+001  8.023490e+001  7.379707e+000
      vertex  3.617160e+001  8.023490e+001  1.270158e+000
      vertex  3.694892e+001  7.917141e+001  2.373688e+000
    endloop
  endfacet
  facet normal -8.073341e-001 -5.900945e-001  0.000000e+000
    outer loop
      vertex  3.617160e+001  8.023490e+001  7.379707e+000
      vertex  3.694892e+001  7.917141e+001  2.373688e+000
      vertex  3.694892e+001  7.917141e+001  6.276138e+000
    endloop
  endfacet
  facet normal -9.730058e-001 -2.307810e-001  -0.000000e+000
    outer loop
      vertex  3.694892e+001  7.917141e+001  6.276138e+000
      vertex  3.694892e+001  7.917141e+001  2.373688e+000
      vertex  3.737500e+001  7.737500e+001  4.222000e+000
    endloop
  endfacet
  facet normal -9.730058e-001 -2.307810e-001  0.000000e+000
    outer loop
      vertex  3.694892e+001  7.917141e+001  6.276138e+000
      vertex  3.737500e+001  7.737500e+001  4.222000e+000
      vertex  3.737500e+001  7.737500e+001  4.427774e+000
    endloop
  endfacet
  facet normal  3.232419e-005 -9.124641e-002  9.958283e-001
    outer loop
      vertex  3.687219e+001 -8.073035e+001  8.646523e+000
      vertex -3.700450e+001 -8.083005e+001  8.639787e+000
      vertex  3.711266e+001 -8.095578e+001  8.625860e+000
    endloop
  endfacet
  facet normal -1.064375e-004 -1.718582e-001  9.851216e-001
    outer loop
      vertex  3.711266e+001 -8.095578e+001  8.625860e+000
      vertex -3.700450e+001 -8.083005e+001  8.639787e+000
      vertex -3.724738e+001 -8.124756e+001  8.566924e+000
    endloop
  endfacet
  facet normal  0.000000e+000 -1.979906e-001  9.802040e-001
    outer loop
      vertex  3.711266e+001 -8.095578e+001  8.625860e+000
      vertex -3.724738e+001 -8.124756e+001  8.566924e+000
      vertex  3.724738e+001 -8.124756e+001  8.566924e+000
    endloop
  endfacet
  facet normal  0.000000e+000 -2.959140e-001  9.552147e-001
    outer loop
      vertex  3.724738e+001 -8.124756e+001  8.566924e+000
      vertex -3.724738e+001 -8.124756e+001  8.566924e+000
      vertex -3.728859e+001 -8.138048e+001  8.525747e+000
    endloop
  endfacet
  facet normal  0.000000e+000 -2.959139e-001  9.552146e-001
    outer loop
      vertex  3.724738e+001 -8.124756e+001  8.566924e+000
      vertex -3.728859e+001 -8.138048e+001  8.525747e+000
      vertex  3.728859e+001 -8.138048e+001  8.525747e+000
    endloop
  endfacet
  facet normal  0.000000e+000 -5.213680e-001  8.533319e-001
    outer loop
      vertex  3.728859e+001 -8.138048e+001  8.525747e+000
      vertex -3.728859e+001 -8.138048e+001  8.525747e+000
      vertex -3.644574e+001 -8.205801e+001  8.111792e+000
    endloop
  endfacet
  facet normal  0.000000e+000 -5.213680e-001  8.533319e-001
    outer loop
      vertex  3.728859e+001 -8.138048e+001  8.525747e+000
      vertex -3.644574e+001 -8.205801e+001  8.111792e+000
      vertex  3.644574e+001 -8.205801e+001  8.111792e+000
    endloop
  endfacet
  facet normal  0.000000e+000 -8.523983e-001  5.228931e-001
    outer loop
      vertex  3.644574e+001 -8.205801e+001  8.111792e+000
      vertex -3.644574e+001 -8.205801e+001  8.111792e+000
      vertex -3.523977e+001 -8.265540e+001  7.137940e+000
    endloop
  endfacet
  facet normal  6.750849e-008 -8.524005e-001  5.228895e-001
    outer loop
      vertex  3.644574e+001 -8.205801e+001  8.111792e+000
      vertex -3.523977e+001 -8.265540e+001  7.137940e+000
      vertex  3.523978e+001 -8.265540e+001  7.137944e+000
    endloop
  endfacet
  facet normal  0.000000e+000 -8.483858e-003  9.999641e-001
    outer loop
      vertex -3.635051e+001 -8.060548e+001  8.650000e+000
      vertex -3.652111e+001 -8.061559e+001  8.649914e+000
      vertex  3.635051e+001 -8.060548e+001  8.650000e+000
    endloop
  endfacet
  facet normal  5.373623e-006 -4.718194e-002  9.988863e-001
    outer loop
      vertex  3.635051e+001 -8.060548e+001  8.650000e+000
      vertex -3.652111e+001 -8.061559e+001  8.649914e+000
      vertex -3.700450e+001 -8.083005e+001  8.639787e+000
    endloop
  endfacet
  facet normal -5.330371e-005 -2.804805e-002  9.996066e-001
    outer loop
      vertex  3.635051e+001 -8.060548e+001  8.650000e+000
      vertex -3.700450e+001 -8.083005e+001  8.639787e+000
      vertex  3.687219e+001 -8.073035e+001  8.646523e+000
    endloop
  endfacet
  facet normal  6.531932e-002 -9.978644e-001  0.000000e+000
    outer loop
      vertex -3.337500e+001  8.137500e+001  4.324994e+000
      vertex -3.389645e+001  8.134087e+001  5.188488e+000
      vertex -3.389645e+001  8.134087e+001  3.461500e+000
    endloop
  endfacet
  facet normal  3.389923e-001 -9.407892e-001  0.000000e+000
    outer loop
      vertex -3.389645e+001  8.134087e+001  3.461500e+000
      vertex -3.389645e+001  8.134087e+001  5.188488e+000
      vertex -3.550297e+001  8.076199e+001  7.935445e+000
    endloop
  endfacet
  facet normal  3.389948e-001 -9.407882e-001  1.012073e-006
    outer loop
      vertex -3.389645e+001  8.134087e+001  3.461500e+000
      vertex -3.550297e+001  8.076199e+001  7.935445e+000
      vertex -3.550301e+001  8.076197e+001  7.144759e-001
    endloop
  endfacet
  facet normal  6.190878e-001 -7.853218e-001 -1.108350e-006
    outer loop
      vertex -3.550301e+001  8.076197e+001  7.144759e-001
      vertex -3.550297e+001  8.076199e+001  7.935445e+000
      vertex -3.617160e+001  8.023490e+001  7.379707e+000
    endloop
  endfacet
  facet normal  6.190946e-001 -7.853165e-001  0.000000e+000
    outer loop
      vertex -3.550301e+001  8.076197e+001  7.144759e-001
      vertex -3.617160e+001  8.023490e+001  7.379707e+000
      vertex -3.617160e+001  8.023490e+001  1.270158e+000
    endloop
  endfacet
  facet normal  8.073341e-001 -5.900946e-001  0.000000e+000
    outer loop
      vertex -3.617160e+001  8.023490e+001  1.270158e+000
      vertex -3.617160e+001  8.023490e+001  7.379707e+000
      vertex -3.694892e+001  7.917141e+001  6.276138e+000
    endloop
  endfacet
  facet normal  8.073341e-001 -5.900945e-001  0.000000e+000
    outer loop
      vertex -3.617160e+001  8.023490e+001  1.270158e+000
      vertex -3.694892e+001  7.917141e+001  6.276138e+000
      vertex -3.694892e+001  7.917141e+001  2.373688e+000
    endloop
  endfacet
  facet normal  9.730058e-001 -2.307810e-001  0.000000e+000
    outer loop
      vertex -3.694892e+001  7.917141e+001  2.373688e+000
      vertex -3.694892e+001  7.917141e+001  6.276138e+000
      vertex -3.737500e+001  7.737500e+001  4.427774e+000
    endloop
  endfacet
  facet normal  9.730058e-001 -2.307810e-001  0.000000e+000
    outer loop
      vertex -3.694892e+001  7.917141e+001  2.373688e+000
      vertex -3.737500e+001  7.737500e+001  4.427774e+000
      vertex -3.737500e+001  7.737500e+001  4.222000e+000
    endloop
  endfacet
  facet normal  6.727785e-001  7.394733e-001  2.341698e-002
    outer loop
      vertex -3.626403e+001 -7.948982e+001  7.282115e+000
      vertex -3.603973e+001 -7.970334e+001  7.580297e+000
      vertex -3.501200e+001 -8.065858e+001  8.218615e+000
    endloop
  endfacet
  facet normal  4.911693e-001 -5.256767e-002 -8.694764e-001
    outer loop
      vertex -3.603973e+001 -7.970334e+001  7.580297e+000
      vertex -3.494041e+001 -8.064344e+001  8.258141e+000
      vertex -3.501200e+001 -8.065858e+001  8.218615e+000
    endloop
  endfacet
  facet normal  8.246938e-001  8.561608e-002 -5.590617e-001
    outer loop
      vertex -3.663504e+001 -7.840388e+001  6.901133e+000
      vertex -3.603973e+001 -7.970334e+001  7.580297e+000
      vertex -3.626403e+001 -7.948982e+001  7.282115e+000
    endloop
  endfacet
  facet normal  8.710544e-001  3.983910e-001  2.873133e-001
    outer loop
      vertex -3.681423e+001 -7.774470e+001  6.530369e+000
      vertex -3.663504e+001 -7.840388e+001  6.901133e+000
      vertex -3.626403e+001 -7.948982e+001  7.282115e+000
    endloop
  endfacet
  facet normal  6.230155e-001  5.341555e-001  5.714276e-001
    outer loop
      vertex -3.691516e+001 -7.803924e+001  6.939695e+000
      vertex -3.631493e+001 -7.953740e+001  7.685721e+000
      vertex -3.670082e+001 -7.837331e+001  7.018290e+000
    endloop
  endfacet
  facet normal  2.257524e-001  5.398000e-001  8.109574e-001
    outer loop
      vertex -3.670082e+001 -7.837331e+001  7.018290e+000
      vertex -3.631493e+001 -7.953740e+001  7.685721e+000
      vertex -3.609535e+001 -7.965672e+001  7.704019e+000
    endloop
  endfacet
  facet normal  6.859793e-001  3.372895e-001 -6.447234e-001
    outer loop
      vertex -3.494041e+001 -8.064344e+001  8.258141e+000
      vertex -3.603973e+001 -7.970334e+001  7.580297e+000
      vertex -3.479440e+001 -8.056573e+001  8.454151e+000
    endloop
  endfacet
  facet normal  3.185517e-001  2.527300e-001  9.135931e-001
    outer loop
      vertex -3.691516e+001 -7.803924e+001  6.939695e+000
      vertex -3.702163e+001 -7.625564e+001  6.483417e+000
      vertex -3.714581e+001 -7.625725e+001  6.527159e+000
    endloop
  endfacet
  facet normal  4.288094e-001  8.400698e-001  3.322725e-001
    outer loop
      vertex -3.631493e+001 -7.953740e+001  7.685721e+000
      vertex -3.504912e+001 -8.052574e+001  8.550929e+000
      vertex -3.609535e+001 -7.965672e+001  7.704019e+000
    endloop
  endfacet
  facet normal  1.495392e-001  7.765340e-001  6.120727e-001
    outer loop
      vertex -3.609535e+001 -7.965672e+001  7.704019e+000
      vertex -3.504912e+001 -8.052574e+001  8.550929e+000
      vertex -3.487229e+001 -8.053753e+001  8.522680e+000
    endloop
  endfacet
  facet normal  4.825471e-001  8.533728e-001  1.972385e-001
    outer loop
      vertex -3.609535e+001 -7.965672e+001  7.704019e+000
      vertex -3.487229e+001 -8.053753e+001  8.522680e+000
      vertex -3.479440e+001 -8.056573e+001  8.454151e+000
    endloop
  endfacet
  facet normal  3.419064e-002  2.496076e-001  9.677433e-001
    outer loop
      vertex -3.691516e+001 -7.803924e+001  6.939695e+000
      vertex -3.670082e+001 -7.837331e+001  7.018290e+000
      vertex -3.702163e+001 -7.625564e+001  6.483417e+000
    endloop
  endfacet
  facet normal  8.718647e-001  2.399193e-001  4.269551e-001
    outer loop
      vertex -3.702163e+001 -7.625564e+001  6.483417e+000
      vertex -3.670082e+001 -7.837331e+001  7.018290e+000
      vertex -3.663504e+001 -7.840388e+001  6.901133e+000
    endloop
  endfacet
  facet normal  8.264520e-001  2.470948e-001  5.058866e-001
    outer loop
      vertex -3.702163e+001 -7.625564e+001  6.483417e+000
      vertex -3.663504e+001 -7.840388e+001  6.901133e+000
      vertex -3.695127e+001 -7.626375e+001  6.372430e+000
    endloop
  endfacet
  facet normal  9.295551e-001  4.701800e-002 -3.656731e-001
    outer loop
      vertex -3.695127e+001 -7.626375e+001  6.372430e+000
      vertex -3.663504e+001 -7.840388e+001  6.901133e+000
      vertex -3.681423e+001 -7.774470e+001  6.530369e+000
    endloop
  endfacet
  facet normal  9.902087e-001  7.938275e-002 -1.148260e-001
    outer loop
      vertex -3.695127e+001 -7.626375e+001  6.372430e+000
      vertex -3.681423e+001 -7.774470e+001  6.530369e+000
      vertex -3.696521e+001 -7.627807e+001  6.242294e+000
    endloop
  endfacet
  facet normal  5.877710e-001  8.080280e-001 -4.020018e-002
    outer loop
      vertex -3.479440e+001 -8.056573e+001  8.454151e+000
      vertex -3.603973e+001 -7.970334e+001  7.580297e+000
      vertex -3.609535e+001 -7.965672e+001  7.704019e+000
    endloop
  endfacet
  facet normal  8.485376e-001  4.913568e-001  1.963478e-001
    outer loop
      vertex -3.609535e+001 -7.965672e+001  7.704019e+000
      vertex -3.603973e+001 -7.970334e+001  7.580297e+000
      vertex -3.663504e+001 -7.840388e+001  6.901133e+000
    endloop
  endfacet
  facet normal  7.888846e-001  5.343494e-001  3.035321e-001
    outer loop
      vertex -3.609535e+001 -7.965672e+001  7.704019e+000
      vertex -3.663504e+001 -7.840388e+001  6.901133e+000
      vertex -3.670082e+001 -7.837331e+001  7.018290e+000
    endloop
  endfacet
  facet normal -6.227768e-001  7.823930e-001  3.201450e-003
    outer loop
      vertex  3.634660e+001 -7.948930e+001  7.654064e+000
      vertex  3.602446e+001 -7.974618e+001  7.766924e+000
      vertex  3.504912e+001 -8.052574e+001  8.550929e+000
    endloop
  endfacet
  facet normal -1.022004e-001  5.047639e-001  8.571864e-001
    outer loop
      vertex  3.673772e+001 -7.824004e+001  6.965061e+000
      vertex  3.602446e+001 -7.974618e+001  7.766924e+000
      vertex  3.634660e+001 -7.948930e+001  7.654064e+000
    endloop
  endfacet
  facet normal -6.146659e-001  5.197077e-001  5.933715e-001
    outer loop
      vertex  3.694037e+001 -7.792543e+001  6.899426e+000
      vertex  3.673772e+001 -7.824004e+001  6.965061e+000
      vertex  3.634660e+001 -7.948930e+001  7.654064e+000
    endloop
  endfacet
  facet normal -7.932834e-001  4.387069e-001  4.221820e-001
    outer loop
      vertex  3.682967e+001 -7.765068e+001  6.503257e+000
      vertex  3.620215e+001 -7.959843e+001  7.348131e+000
      vertex  3.667137e+001 -7.826918e+001  6.848522e+000
    endloop
  endfacet
  facet normal -9.905095e-001  7.604441e-002 -1.144913e-001
    outer loop
      vertex  3.682967e+001 -7.765068e+001  6.503257e+000
      vertex  3.695127e+001 -7.626375e+001  6.372429e+000
      vertex  3.696521e+001 -7.627807e+001  6.242294e+000
    endloop
  endfacet
  facet normal -2.862534e-001  8.334701e-001  4.726379e-001
    outer loop
      vertex  3.504912e+001 -8.052574e+001  8.550929e+000
      vertex  3.602446e+001 -7.974618e+001  7.766924e+000
      vertex  3.479782e+001 -8.056215e+001  8.462929e+000
    endloop
  endfacet
  facet normal -5.770475e-001  8.143311e-001 -6.229590e-002
    outer loop
      vertex  3.479782e+001 -8.056215e+001  8.462929e+000
      vertex  3.602446e+001 -7.974618e+001  7.766924e+000
      vertex  3.597012e+001 -7.979417e+001  7.642834e+000
    endloop
  endfacet
  facet normal -6.900163e-001  5.463977e-001 -4.746863e-001
    outer loop
      vertex  3.479782e+001 -8.056215e+001  8.462929e+000
      vertex  3.597012e+001 -7.979417e+001  7.642834e+000
      vertex  3.484716e+001 -8.061556e+001  8.329725e+000
    endloop
  endfacet
  facet normal -5.259125e-001  8.384577e-001  1.428453e-001
    outer loop
      vertex  3.484716e+001 -8.061556e+001  8.329725e+000
      vertex  3.597012e+001 -7.979417e+001  7.642834e+000
      vertex  3.620215e+001 -7.959843e+001  7.348131e+000
    endloop
  endfacet
  facet normal -5.657912e-001 -4.102249e-002 -8.235275e-001
    outer loop
      vertex  3.484716e+001 -8.061556e+001  8.329725e+000
      vertex  3.620215e+001 -7.959843e+001  7.348131e+000
      vertex  3.501200e+001 -8.065858e+001  8.218615e+000
    endloop
  endfacet
  facet normal -9.388868e-001  5.019479e-002 -3.405468e-001
    outer loop
      vertex  3.682967e+001 -7.765068e+001  6.503257e+000
      vertex  3.667137e+001 -7.826918e+001  6.848522e+000
      vertex  3.695127e+001 -7.626375e+001  6.372429e+000
    endloop
  endfacet
  facet normal -8.698065e-001  2.255733e-001  4.388090e-001
    outer loop
      vertex  3.695127e+001 -7.626375e+001  6.372429e+000
      vertex  3.667137e+001 -7.826918e+001  6.848522e+000
      vertex  3.673772e+001 -7.824004e+001  6.965061e+000
    endloop
  endfacet
  facet normal -8.274753e-001  2.414318e-001  5.069470e-001
    outer loop
      vertex  3.695127e+001 -7.626375e+001  6.372429e+000
      vertex  3.673772e+001 -7.824004e+001  6.965061e+000
      vertex  3.702163e+001 -7.625564e+001  6.483417e+000
    endloop
  endfacet
  facet normal -6.582990e-002  2.442392e-001  9.674780e-001
    outer loop
      vertex  3.702163e+001 -7.625564e+001  6.483417e+000
      vertex  3.673772e+001 -7.824004e+001  6.965061e+000
      vertex  3.694037e+001 -7.792543e+001  6.899426e+000
    endloop
  endfacet
  facet normal -3.194256e-001  2.436914e-001  9.157411e-001
    outer loop
      vertex  3.702163e+001 -7.625564e+001  6.483417e+000
      vertex  3.694037e+001 -7.792543e+001  6.899426e+000
      vertex  3.714581e+001 -7.625725e+001  6.527159e+000
    endloop
  endfacet
  facet normal -8.035568e-001  6.111325e-002 -5.920825e-001
    outer loop
      vertex  3.620215e+001 -7.959843e+001  7.348131e+000
      vertex  3.597012e+001 -7.979417e+001  7.642834e+000
      vertex  3.667137e+001 -7.826918e+001  6.848522e+000
    endloop
  endfacet
  facet normal -8.529062e-001  4.883433e-001  1.845854e-001
    outer loop
      vertex  3.667137e+001 -7.826918e+001  6.848522e+000
      vertex  3.597012e+001 -7.979417e+001  7.642834e+000
      vertex  3.602446e+001 -7.974618e+001  7.766924e+000
    endloop
  endfacet
  facet normal -7.836925e-001  5.371776e-001  3.118755e-001
    outer loop
      vertex  3.667137e+001 -7.826918e+001  6.848522e+000
      vertex  3.602446e+001 -7.974618e+001  7.766924e+000
      vertex  3.673772e+001 -7.824004e+001  6.965061e+000
    endloop
  endfacet
  facet normal -2.164793e-001 -3.231675e-001 -9.212489e-001
    outer loop
      vertex -3.485523e+001 -8.036800e+001 -1.200000e+000
      vertex -3.533107e+001 -8.168810e+001 -6.251034e-001
      vertex -3.574599e+001 -8.036800e+001 -9.906855e-001
    endloop
  endfacet
  facet normal -2.978338e-001 -2.888820e-001 -9.098583e-001
    outer loop
      vertex -3.485523e+001 -8.036800e+001 -1.200000e+000
      vertex -3.485524e+001 -8.152171e+001 -8.336935e-001
      vertex -3.533107e+001 -8.168810e+001 -6.251034e-001
    endloop
  endfacet
  facet normal  1.392570e-002 -7.969198e-001 -6.039245e-001
    outer loop
      vertex -3.485524e+001 -8.225282e+001  1.310458e-001
      vertex -3.533107e+001 -8.168810e+001 -6.251034e-001
      vertex -3.485524e+001 -8.152171e+001 -8.336935e-001
    endloop
  endfacet
  facet normal  -0.000000e+000 -3.026163e-001 -9.531124e-001
    outer loop
      vertex -3.485523e+001 -8.036800e+001 -1.200000e+000
      vertex  3.485523e+001 -8.036800e+001 -1.200000e+000
      vertex -3.485524e+001 -8.152171e+001 -8.336935e-001
    endloop
  endfacet
  facet normal -8.149412e-010 -3.026163e-001 -9.531125e-001
    outer loop
      vertex -3.485524e+001 -8.152171e+001 -8.336935e-001
      vertex  3.485523e+001 -8.036800e+001 -1.200000e+000
      vertex  3.485523e+001 -8.152171e+001 -8.336936e-001
    endloop
  endfacet
  facet normal -5.164246e-010 -7.969972e-001 -6.039831e-001
    outer loop
      vertex -3.485524e+001 -8.152171e+001 -8.336935e-001
      vertex  3.485523e+001 -8.152171e+001 -8.336936e-001
      vertex -3.485524e+001 -8.225282e+001  1.310458e-001
    endloop
  endfacet
  facet normal -4.518717e-009 -7.969970e-001 -6.039833e-001
    outer loop
      vertex -3.485524e+001 -8.225282e+001  1.310458e-001
      vertex  3.485523e+001 -8.152171e+001 -8.336936e-001
      vertex  3.485523e+001 -8.225282e+001  1.310453e-001
    endloop
  endfacet
  facet normal  1.045213e-001 -3.009588e-001 -9.478918e-001
    outer loop
      vertex  3.485523e+001 -8.036800e+001 -1.200000e+000
      vertex  3.547911e+001 -8.137486e+001 -8.115254e-001
      vertex  3.485523e+001 -8.152171e+001 -8.336936e-001
    endloop
  endfacet
  facet normal  2.227440e-001 -2.277110e-001 -9.479097e-001
    outer loop
      vertex  3.485523e+001 -8.036800e+001 -1.200000e+000
      vertex  3.574599e+001 -8.036800e+001 -9.906856e-001
      vertex  3.547911e+001 -8.137486e+001 -8.115254e-001
    endloop
  endfacet
  facet normal  2.046357e-001 -7.801311e-001 -5.912019e-001
    outer loop
      vertex  3.485523e+001 -8.225282e+001  1.310453e-001
      vertex  3.485523e+001 -8.152171e+001 -8.336936e-001
      vertex  3.547911e+001 -8.137486e+001 -8.115254e-001
    endloop
  endfacet
  facet normal  2.287540e-001  7.219811e-010 -9.734842e-001
    outer loop
      vertex  3.574599e+001  8.036800e+001 -9.906855e-001
      vertex  3.574599e+001 -8.036800e+001 -9.906856e-001
      vertex  3.485523e+001  8.036800e+001 -1.200000e+000
    endloop
  endfacet
  facet normal  2.287537e-001 -1.443962e-009 -9.734843e-001
    outer loop
      vertex  3.485523e+001  8.036800e+001 -1.200000e+000
      vertex  3.574599e+001 -8.036800e+001 -9.906856e-001
      vertex  3.485523e+001 -8.036800e+001 -1.200000e+000
    endloop
  endfacet
  facet normal  2.164794e-001  3.231691e-001 -9.212483e-001
    outer loop
      vertex  3.485523e+001  8.036800e+001 -1.200000e+000
      vertex  3.533108e+001  8.168810e+001 -6.251001e-001
      vertex  3.574599e+001  8.036800e+001 -9.906855e-001
    endloop
  endfacet
  facet normal  2.978404e-001  2.888805e-001 -9.098567e-001
    outer loop
      vertex  3.485523e+001  8.036800e+001 -1.200000e+000
      vertex  3.485524e+001  8.152172e+001 -8.336914e-001
      vertex  3.533108e+001  8.168810e+001 -6.251001e-001
    endloop
  endfacet
  facet normal -1.391349e-002  7.969221e-001 -6.039217e-001
    outer loop
      vertex  3.485523e+001  8.225282e+001  1.310453e-001
      vertex  3.533108e+001  8.168810e+001 -6.251001e-001
      vertex  3.485524e+001  8.152172e+001 -8.336914e-001
    endloop
  endfacet
  facet normal -1.045181e-001  3.009589e-001 -9.478923e-001
    outer loop
      vertex -3.485523e+001  8.036800e+001 -1.200000e+000
      vertex -3.547911e+001  8.137486e+001 -8.115280e-001
      vertex -3.485523e+001  8.152171e+001 -8.336936e-001
    endloop
  endfacet
  facet normal -2.227447e-001  2.277091e-001 -9.479100e-001
    outer loop
      vertex -3.485523e+001  8.036800e+001 -1.200000e+000
      vertex -3.574599e+001  8.036800e+001 -9.906860e-001
      vertex -3.547911e+001  8.137486e+001 -8.115280e-001
    endloop
  endfacet
  facet normal -2.046345e-001  7.801313e-001 -5.912020e-001
    outer loop
      vertex -3.485523e+001  8.225282e+001  1.310453e-001
      vertex -3.485523e+001  8.152171e+001 -8.336936e-001
      vertex -3.547911e+001  8.137486e+001 -8.115280e-001
    endloop
  endfacet
  facet normal -2.287538e-001  2.541018e-009 -9.734843e-001
    outer loop
      vertex -3.574599e+001 -8.036800e+001 -9.906855e-001
      vertex -3.574599e+001  8.036800e+001 -9.906860e-001
      vertex -3.485523e+001 -8.036800e+001 -1.200000e+000
    endloop
  endfacet
  facet normal -2.287542e-001  0.000000e+000 -9.734842e-001
    outer loop
      vertex -3.485523e+001 -8.036800e+001 -1.200000e+000
      vertex -3.574599e+001  8.036800e+001 -9.906860e-001
      vertex -3.485523e+001  8.036800e+001 -1.200000e+000
    endloop
  endfacet
  facet normal -9.659258e-001 -2.588193e-001  0.000000e+000
    outer loop
      vertex  2.059808e+001 -4.942500e+001  0.000000e+000
      vertex  2.100000e+001 -5.092500e+001 -1.000000e+000
      vertex  2.100000e+001 -5.092500e+001  0.000000e+000
    endloop
  endfacet
  facet normal -9.659258e-001 -2.588193e-001  -0.000000e+000
    outer loop
      vertex  2.100000e+001 -5.092500e+001 -1.000000e+000
      vertex  2.059808e+001 -4.942500e+001  0.000000e+000
      vertex  2.059808e+001 -4.942500e+001 -1.000000e+000
    endloop
  endfacet
  facet normal -7.071068e-001 -7.071068e-001  0.000000e+000
    outer loop
      vertex  2.059808e+001 -4.942500e+001 -1.000000e+000
      vertex  2.059808e+001 -4.942500e+001  0.000000e+000
      vertex  1.950000e+001 -4.832692e+001  0.000000e+000
    endloop
  endfacet
  facet normal -7.071068e-001 -7.071068e-001  -0.000000e+000
    outer loop
      vertex  2.059808e+001 -4.942500e+001 -1.000000e+000
      vertex  1.950000e+001 -4.832692e+001  0.000000e+000
      vertex  1.950000e+001 -4.832692e+001 -1.000000e+000
    endloop
  endfacet
  facet normal -2.588193e-001 -9.659258e-001  0.000000e+000
    outer loop
      vertex  1.950000e+001 -4.832692e+001 -1.000000e+000
      vertex  1.950000e+001 -4.832692e+001  0.000000e+000
      vertex  1.800000e+001 -4.792500e+001  0.000000e+000
    endloop
  endfacet
  facet normal -2.588193e-001 -9.659258e-001  -0.000000e+000
    outer loop
      vertex  1.950000e+001 -4.832692e+001 -1.000000e+000
      vertex  1.800000e+001 -4.792500e+001  0.000000e+000
      vertex  1.800000e+001 -4.792500e+001 -1.000000e+000
    endloop
  endfacet
  facet normal  9.659258e-001  2.588193e-001  -0.000000e+000
    outer loop
      vertex -2.059808e+001 -6.137500e+001  0.000000e+000
      vertex -2.100000e+001 -5.987500e+001 -1.000000e+000
      vertex -2.100000e+001 -5.987500e+001  0.000000e+000
    endloop
  endfacet
  facet normal  9.659258e-001  2.588193e-001  0.000000e+000
    outer loop
      vertex -2.100000e+001 -5.987500e+001 -1.000000e+000
      vertex -2.059808e+001 -6.137500e+001  0.000000e+000
      vertex -2.059808e+001 -6.137500e+001 -1.000000e+000
    endloop
  endfacet
  facet normal  7.071068e-001  7.071068e-001  -0.000000e+000
    outer loop
      vertex -2.059808e+001 -6.137500e+001 -1.000000e+000
      vertex -2.059808e+001 -6.137500e+001  0.000000e+000
      vertex -1.950000e+001 -6.247308e+001  0.000000e+000
    endloop
  endfacet
  facet normal  7.071068e-001  7.071068e-001  0.000000e+000
    outer loop
      vertex -2.059808e+001 -6.137500e+001 -1.000000e+000
      vertex -1.950000e+001 -6.247308e+001  0.000000e+000
      vertex -1.950000e+001 -6.247308e+001 -1.000000e+000
    endloop
  endfacet
  facet normal  2.588193e-001  9.659258e-001  -0.000000e+000
    outer loop
      vertex -1.950000e+001 -6.247308e+001 -1.000000e+000
      vertex -1.950000e+001 -6.247308e+001  0.000000e+000
      vertex -1.800000e+001 -6.287500e+001  0.000000e+000
    endloop
  endfacet
  facet normal  2.588193e-001  9.659258e-001  0.000000e+000
    outer loop
      vertex -1.950000e+001 -6.247308e+001 -1.000000e+000
      vertex -1.800000e+001 -6.287500e+001  0.000000e+000
      vertex -1.800000e+001 -6.287500e+001 -1.000000e+000
    endloop
  endfacet
  facet normal  1.000000e+000  0.000000e+000  0.000000e+000
    outer loop
      vertex -2.100000e+001 -5.092500e+001 -1.000000e+000
      vertex -2.100000e+001 -5.092500e+001  0.000000e+000
      vertex -2.100000e+001 -5.987500e+001 -1.000000e+000
    endloop
  endfacet
  facet normal  1.000000e+000  0.000000e+000  0.000000e+000
    outer loop
      vertex -2.100000e+001 -5.987500e+001 -1.000000e+000
      vertex -2.100000e+001 -5.092500e+001  0.000000e+000
      vertex -2.100000e+001 -5.987500e+001  0.000000e+000
    endloop
  endfacet
  facet normal  2.588193e-001 -9.659258e-001  0.000000e+000
    outer loop
      vertex -1.950000e+001 -4.832692e+001  0.000000e+000
      vertex -1.800000e+001 -4.792500e+001 -1.000000e+000
      vertex -1.800000e+001 -4.792500e+001  0.000000e+000
    endloop
  endfacet
  facet normal  2.588193e-001 -9.659258e-001  0.000000e+000
    outer loop
      vertex -1.800000e+001 -4.792500e+001 -1.000000e+000
      vertex -1.950000e+001 -4.832692e+001  0.000000e+000
      vertex -1.950000e+001 -4.832692e+001 -1.000000e+000
    endloop
  endfacet
  facet normal  7.071068e-001 -7.071068e-001  0.000000e+000
    outer loop
      vertex -1.950000e+001 -4.832692e+001 -1.000000e+000
      vertex -1.950000e+001 -4.832692e+001  0.000000e+000
      vertex -2.059808e+001 -4.942500e+001  0.000000e+000
    endloop
  endfacet
  facet normal  7.071068e-001 -7.071068e-001  0.000000e+000
    outer loop
      vertex -1.950000e+001 -4.832692e+001 -1.000000e+000
      vertex -2.059808e+001 -4.942500e+001  0.000000e+000
      vertex -2.059808e+001 -4.942500e+001 -1.000000e+000
    endloop
  endfacet
  facet normal  9.659258e-001 -2.588193e-001  0.000000e+000
    outer loop
      vertex -2.059808e+001 -4.942500e+001 -1.000000e+000
      vertex -2.059808e+001 -4.942500e+001  0.000000e+000
      vertex -2.100000e+001 -5.092500e+001  0.000000e+000
    endloop
  endfacet
  facet normal  9.659258e-001 -2.588193e-001  0.000000e+000
    outer loop
      vertex -2.059808e+001 -4.942500e+001 -1.000000e+000
      vertex -2.100000e+001 -5.092500e+001  0.000000e+000
      vertex -2.100000e+001 -5.092500e+001 -1.000000e+000
    endloop
  endfacet
  facet normal  0.000000e+000 -1.000000e+000  0.000000e+000
    outer loop
      vertex  1.800000e+001 -4.792500e+001  0.000000e+000
      vertex -1.800000e+001 -4.792500e+001  0.000000e+000
      vertex  1.800000e+001 -4.792500e+001 -1.000000e+000
    endloop
  endfacet
  facet normal  0.000000e+000 -1.000000e+000  0.000000e+000
    outer loop
      vertex  1.800000e+001 -4.792500e+001 -1.000000e+000
      vertex -1.800000e+001 -4.792500e+001  0.000000e+000
      vertex -1.800000e+001 -4.792500e+001 -1.000000e+000
    endloop
  endfacet
  facet normal  0.000000e+000  1.000000e+000  0.000000e+000
    outer loop
      vertex -1.800000e+001 -6.287500e+001  0.000000e+000
      vertex  1.800000e+001 -6.287500e+001  0.000000e+000
      vertex -1.800000e+001 -6.287500e+001 -1.000000e+000
    endloop
  endfacet
  facet normal  0.000000e+000  1.000000e+000  0.000000e+000
    outer loop
      vertex -1.800000e+001 -6.287500e+001 -1.000000e+000
      vertex  1.800000e+001 -6.287500e+001  0.000000e+000
      vertex  1.800000e+001 -6.287500e+001 -1.000000e+000
    endloop
  endfacet
  facet normal -2.588193e-001  9.659258e-001  0.000000e+000
    outer loop
      vertex  1.950000e+001 -6.247308e+001  0.000000e+000
      vertex  1.800000e+001 -6.287500e+001 -1.000000e+000
      vertex  1.800000e+001 -6.287500e+001  0.000000e+000
    endloop
  endfacet
  facet normal -2.588193e-001  9.659258e-001  0.000000e+000
    outer loop
      vertex  1.800000e+001 -6.287500e+001 -1.000000e+000
      vertex  1.950000e+001 -6.247308e+001  0.000000e+000
      vertex  1.950000e+001 -6.247308e+001 -1.000000e+000
    endloop
  endfacet
  facet normal -7.071068e-001  7.071068e-001  0.000000e+000
    outer loop
      vertex  1.950000e+001 -6.247308e+001 -1.000000e+000
      vertex  1.950000e+001 -6.247308e+001  0.000000e+000
      vertex  2.059808e+001 -6.137500e+001  0.000000e+000
    endloop
  endfacet
  facet normal -7.071068e-001  7.071068e-001  0.000000e+000
    outer loop
      vertex  1.950000e+001 -6.247308e+001 -1.000000e+000
      vertex  2.059808e+001 -6.137500e+001  0.000000e+000
      vertex  2.059808e+001 -6.137500e+001 -1.000000e+000
    endloop
  endfacet
  facet normal -9.659258e-001  2.588193e-001  0.000000e+000
    outer loop
      vertex  2.059808e+001 -6.137500e+001 -1.000000e+000
      vertex  2.059808e+001 -6.137500e+001  0.000000e+000
      vertex  2.100000e+001 -5.987500e+001  0.000000e+000
    endloop
  endfacet
  facet normal -9.659258e-001  2.588193e-001  0.000000e+000
    outer loop
      vertex  2.059808e+001 -6.137500e+001 -1.000000e+000
      vertex  2.100000e+001 -5.987500e+001  0.000000e+000
      vertex  2.100000e+001 -5.987500e+001 -1.000000e+000
    endloop
  endfacet
  facet normal -1.000000e+000  0.000000e+000  0.000000e+000
    outer loop
      vertex  2.100000e+001 -5.987500e+001 -1.000000e+000
      vertex  2.100000e+001 -5.987500e+001  0.000000e+000
      vertex  2.100000e+001 -5.092500e+001 -1.000000e+000
    endloop
  endfacet
  facet normal -1.000000e+000  0.000000e+000  0.000000e+000
    outer loop
      vertex  2.100000e+001 -5.092500e+001 -1.000000e+000
      vertex  2.100000e+001 -5.987500e+001  0.000000e+000
      vertex  2.100000e+001 -5.092500e+001  0.000000e+000
    endloop
  endfacet
  facet normal  0.000000e+000  4.226173e-001 -9.063082e-001
    outer loop
      vertex  1.800000e+001 -6.326372e+001 -1.181262e+000
      vertex -1.800000e+001 -6.326372e+001 -1.181262e+000
      vertex  1.800000e+001 -6.287500e+001 -1.000000e+000
    endloop
  endfacet
  facet normal  0.000000e+000  4.226173e-001 -9.063082e-001
    outer loop
      vertex  1.800000e+001 -6.287500e+001 -1.000000e+000
      vertex -1.800000e+001 -6.326372e+001 -1.181262e+000
      vertex -1.800000e+001 -6.287500e+001 -1.000000e+000
    endloop
  endfacet
  facet normal -1.125209e-001  4.199334e-001 -9.005526e-001
    outer loop
      vertex  1.800000e+001 -6.326372e+001 -1.181262e+000
      vertex  1.800000e+001 -6.287500e+001 -1.000000e+000
      vertex  1.969436e+001 -6.280972e+001 -1.181262e+000
    endloop
  endfacet
  facet normal -1.125209e-001  4.199334e-001 -9.005526e-001
    outer loop
      vertex  1.969436e+001 -6.280972e+001 -1.181262e+000
      vertex  1.800000e+001 -6.287500e+001 -1.000000e+000
      vertex  1.950000e+001 -6.247308e+001 -1.000000e+000
    endloop
  endfacet
  facet normal -3.074126e-001  3.074127e-001 -9.005526e-001
    outer loop
      vertex  1.969436e+001 -6.280972e+001 -1.181262e+000
      vertex  1.950000e+001 -6.247308e+001 -1.000000e+000
      vertex  2.093472e+001 -6.156936e+001 -1.181262e+000
    endloop
  endfacet
  facet normal -3.074126e-001  3.074126e-001 -9.005525e-001
    outer loop
      vertex  2.093472e+001 -6.156936e+001 -1.181262e+000
      vertex  1.950000e+001 -6.247308e+001 -1.000000e+000
      vertex  2.059808e+001 -6.137500e+001 -1.000000e+000
    endloop
  endfacet
  facet normal -4.199336e-001  1.125205e-001 -9.005526e-001
    outer loop
      vertex  2.093472e+001 -6.156936e+001 -1.181262e+000
      vertex  2.059808e+001 -6.137500e+001 -1.000000e+000
      vertex  2.138872e+001 -5.987500e+001 -1.181262e+000
    endloop
  endfacet
  facet normal -4.199351e-001  1.125214e-001 -9.005517e-001
    outer loop
      vertex  2.138872e+001 -5.987500e+001 -1.181262e+000
      vertex  2.059808e+001 -6.137500e+001 -1.000000e+000
      vertex  2.100000e+001 -5.987500e+001 -1.000000e+000
    endloop
  endfacet
  facet normal -4.226190e-001  0.000000e+000 -9.063074e-001
    outer loop
      vertex  2.138872e+001 -5.092500e+001 -1.181262e+000
      vertex  2.138872e+001 -5.987500e+001 -1.181262e+000
      vertex  2.100000e+001 -5.092500e+001 -1.000000e+000
    endloop
  endfacet
  facet normal -4.226190e-001  -0.000000e+000 -9.063074e-001
    outer loop
      vertex  2.100000e+001 -5.092500e+001 -1.000000e+000
      vertex  2.138872e+001 -5.987500e+001 -1.181262e+000
      vertex  2.100000e+001 -5.987500e+001 -1.000000e+000
    endloop
  endfacet
  facet normal -4.199351e-001 -1.125209e-001 -9.005517e-001
    outer loop
      vertex  2.138872e+001 -5.092500e+001 -1.181262e+000
      vertex  2.100000e+001 -5.092500e+001 -1.000000e+000
      vertex  2.093472e+001 -4.923064e+001 -1.181262e+000
    endloop
  endfacet
  facet normal -4.199334e-001 -1.125209e-001 -9.005526e-001
    outer loop
      vertex  2.093472e+001 -4.923064e+001 -1.181262e+000
      vertex  2.100000e+001 -5.092500e+001 -1.000000e+000
      vertex  2.059808e+001 -4.942500e+001 -1.000000e+000
    endloop
  endfacet
  facet normal -3.074127e-001 -3.074126e-001 -9.005526e-001
    outer loop
      vertex  2.093472e+001 -4.923064e+001 -1.181262e+000
      vertex  2.059808e+001 -4.942500e+001 -1.000000e+000
      vertex  1.969436e+001 -4.799028e+001 -1.181262e+000
    endloop
  endfacet
  facet normal -3.074126e-001 -3.074126e-001 -9.005525e-001
    outer loop
      vertex  1.969436e+001 -4.799028e+001 -1.181262e+000
      vertex  2.059808e+001 -4.942500e+001 -1.000000e+000
      vertex  1.950000e+001 -4.832692e+001 -1.000000e+000
    endloop
  endfacet
  facet normal -1.125209e-001 -4.199334e-001 -9.005526e-001
    outer loop
      vertex  1.969436e+001 -4.799028e+001 -1.181262e+000
      vertex  1.950000e+001 -4.832692e+001 -1.000000e+000
      vertex  1.800000e+001 -4.753628e+001 -1.181262e+000
    endloop
  endfacet
  facet normal -1.125209e-001 -4.199335e-001 -9.005526e-001
    outer loop
      vertex  1.800000e+001 -4.753628e+001 -1.181262e+000
      vertex  1.950000e+001 -4.832692e+001 -1.000000e+000
      vertex  1.800000e+001 -4.792500e+001 -1.000000e+000
    endloop
  endfacet
  facet normal  -0.000000e+000 -4.226173e-001 -9.063082e-001
    outer loop
      vertex -1.800000e+001 -4.753628e+001 -1.181262e+000
      vertex  1.800000e+001 -4.753628e+001 -1.181262e+000
      vertex -1.800000e+001 -4.792500e+001 -1.000000e+000
    endloop
  endfacet
  facet normal  0.000000e+000 -4.226173e-001 -9.063082e-001
    outer loop
      vertex -1.800000e+001 -4.792500e+001 -1.000000e+000
      vertex  1.800000e+001 -4.753628e+001 -1.181262e+000
      vertex  1.800000e+001 -4.792500e+001 -1.000000e+000
    endloop
  endfacet
  facet normal  1.125209e-001 -4.199334e-001 -9.005526e-001
    outer loop
      vertex -1.800000e+001 -4.753628e+001 -1.181262e+000
      vertex -1.800000e+001 -4.792500e+001 -1.000000e+000
      vertex -1.969436e+001 -4.799028e+001 -1.181262e+000
    endloop
  endfacet
  facet normal  1.125209e-001 -4.199334e-001 -9.005526e-001
    outer loop
      vertex -1.969436e+001 -4.799028e+001 -1.181262e+000
      vertex -1.800000e+001 -4.792500e+001 -1.000000e+000
      vertex -1.950000e+001 -4.832692e+001 -1.000000e+000
    endloop
  endfacet
  facet normal  3.074126e-001 -3.074127e-001 -9.005526e-001
    outer loop
      vertex -1.969436e+001 -4.799028e+001 -1.181262e+000
      vertex -1.950000e+001 -4.832692e+001 -1.000000e+000
      vertex -2.093472e+001 -4.923064e+001 -1.181262e+000
    endloop
  endfacet
  facet normal  3.074126e-001 -3.074126e-001 -9.005525e-001
    outer loop
      vertex -2.093472e+001 -4.923064e+001 -1.181262e+000
      vertex -1.950000e+001 -4.832692e+001 -1.000000e+000
      vertex -2.059808e+001 -4.942500e+001 -1.000000e+000
    endloop
  endfacet
  facet normal  4.199336e-001 -1.125205e-001 -9.005526e-001
    outer loop
      vertex -2.093472e+001 -4.923064e+001 -1.181262e+000
      vertex -2.059808e+001 -4.942500e+001 -1.000000e+000
      vertex -2.138872e+001 -5.092500e+001 -1.181262e+000
    endloop
  endfacet
  facet normal  4.199351e-001 -1.125214e-001 -9.005517e-001
    outer loop
      vertex -2.138872e+001 -5.092500e+001 -1.181262e+000
      vertex -2.059808e+001 -4.942500e+001 -1.000000e+000
      vertex -2.100000e+001 -5.092500e+001 -1.000000e+000
    endloop
  endfacet
  facet normal  4.226190e-001  0.000000e+000 -9.063074e-001
    outer loop
      vertex -2.138872e+001 -5.987500e+001 -1.181262e+000
      vertex -2.138872e+001 -5.092500e+001 -1.181262e+000
      vertex -2.100000e+001 -5.987500e+001 -1.000000e+000
    endloop
  endfacet
  facet normal  4.226190e-001  0.000000e+000 -9.063074e-001
    outer loop
      vertex -2.100000e+001 -5.987500e+001 -1.000000e+000
      vertex -2.138872e+001 -5.092500e+001 -1.181262e+000
      vertex -2.100000e+001 -5.092500e+001 -1.000000e+000
    endloop
  endfacet
  facet normal  4.199351e-001  1.125209e-001 -9.005517e-001
    outer loop
      vertex -2.138872e+001 -5.987500e+001 -1.181262e+000
      vertex -2.100000e+001 -5.987500e+001 -1.000000e+000
      vertex -2.093472e+001 -6.156936e+001 -1.181262e+000
    endloop
  endfacet
  facet normal  4.199334e-001  1.125209e-001 -9.005526e-001
    outer loop
      vertex -2.093472e+001 -6.156936e+001 -1.181262e+000
      vertex -2.100000e+001 -5.987500e+001 -1.000000e+000
      vertex -2.059808e+001 -6.137500e+001 -1.000000e+000
    endloop
  endfacet
  facet normal  3.074127e-001  3.074126e-001 -9.005526e-001
    outer loop
      vertex -2.093472e+001 -6.156936e+001 -1.181262e+000
      vertex -2.059808e+001 -6.137500e+001 -1.000000e+000
      vertex -1.969436e+001 -6.280972e+001 -1.181262e+000
    endloop
  endfacet
  facet normal  3.074126e-001  3.074126e-001 -9.005525e-001
    outer loop
      vertex -1.969436e+001 -6.280972e+001 -1.181262e+000
      vertex -2.059808e+001 -6.137500e+001 -1.000000e+000
      vertex -1.950000e+001 -6.247308e+001 -1.000000e+000
    endloop
  endfacet
  facet normal  1.125209e-001  4.199334e-001 -9.005526e-001
    outer loop
      vertex -1.969436e+001 -6.280972e+001 -1.181262e+000
      vertex -1.950000e+001 -6.247308e+001 -1.000000e+000
      vertex -1.800000e+001 -6.326372e+001 -1.181262e+000
    endloop
  endfacet
  facet normal  1.125209e-001  4.199335e-001 -9.005526e-001
    outer loop
      vertex -1.800000e+001 -6.326372e+001 -1.181262e+000
      vertex -1.950000e+001 -6.247308e+001 -1.000000e+000
      vertex -1.800000e+001 -6.287500e+001 -1.000000e+000
    endloop
  endfacet
  facet normal -2.160760e-001 -5.789841e-002 -9.746584e-001
    outer loop
      vertex  2.147324e+001 -5.092500e+001 -1.200000e+000
      vertex  2.138872e+001 -5.092500e+001 -1.181262e+000
      vertex  2.100790e+001 -4.918836e+001 -1.200000e+000
    endloop
  endfacet
  facet normal -2.160998e-001 -5.790356e-002 -9.746528e-001
    outer loop
      vertex  2.100790e+001 -4.918836e+001 -1.200000e+000
      vertex  2.138872e+001 -5.092500e+001 -1.181262e+000
      vertex  2.093472e+001 -4.923064e+001 -1.181262e+000
    endloop
  endfacet
  facet normal -1.581713e-001 -1.581737e-001 -9.746604e-001
    outer loop
      vertex  2.100790e+001 -4.918836e+001 -1.200000e+000
      vertex  2.093472e+001 -4.923064e+001 -1.181262e+000
      vertex  1.973660e+001 -4.791707e+001 -1.200000e+000
    endloop
  endfacet
  facet normal -1.581970e-001 -1.581970e-001 -9.746524e-001
    outer loop
      vertex  1.973660e+001 -4.791707e+001 -1.200000e+000
      vertex  2.093472e+001 -4.923064e+001 -1.181262e+000
      vertex  1.969436e+001 -4.799028e+001 -1.181262e+000
    endloop
  endfacet
  facet normal -5.789272e-002 -2.160655e-001 -9.746611e-001
    outer loop
      vertex  1.973660e+001 -4.791707e+001 -1.200000e+000
      vertex  1.969436e+001 -4.799028e+001 -1.181262e+000
      vertex  1.799997e+001 -4.745176e+001 -1.200000e+000
    endloop
  endfacet
  facet normal -5.790434e-002 -2.161018e-001 -9.746522e-001
    outer loop
      vertex  1.799997e+001 -4.745176e+001 -1.200000e+000
      vertex  1.969436e+001 -4.799028e+001 -1.181262e+000
      vertex  1.800000e+001 -4.753628e+001 -1.181262e+000
    endloop
  endfacet
  facet normal  0.000000e+000 -2.164438e-001 -9.762951e-001
    outer loop
      vertex  1.800000e+001 -4.753628e+001 -1.181262e+000
      vertex -1.800000e+001 -4.753628e+001 -1.181262e+000
      vertex  1.799997e+001 -4.745176e+001 -1.200000e+000
    endloop
  endfacet
  facet normal  -0.000000e+000 -2.164438e-001 -9.762951e-001
    outer loop
      vertex  1.799997e+001 -4.745176e+001 -1.200000e+000
      vertex -1.800000e+001 -4.753628e+001 -1.181262e+000
      vertex -1.800000e+001 -4.745176e+001 -1.200000e+000
    endloop
  endfacet
  facet normal  5.789895e-002 -2.160807e-001 -9.746573e-001
    outer loop
      vertex -1.800000e+001 -4.745176e+001 -1.200000e+000
      vertex -1.800000e+001 -4.753628e+001 -1.181262e+000
      vertex -1.973663e+001 -4.791709e+001 -1.200000e+000
    endloop
  endfacet
  facet normal  5.790014e-002 -2.160861e-001 -9.746560e-001
    outer loop
      vertex -1.973663e+001 -4.791709e+001 -1.200000e+000
      vertex -1.800000e+001 -4.753628e+001 -1.181262e+000
      vertex -1.969436e+001 -4.799028e+001 -1.181262e+000
    endloop
  endfacet
  facet normal  1.581736e-001 -1.581714e-001 -9.746604e-001
    outer loop
      vertex -1.973663e+001 -4.791709e+001 -1.200000e+000
      vertex -1.969436e+001 -4.799028e+001 -1.181262e+000
      vertex -2.100793e+001 -4.918840e+001 -1.200000e+000
    endloop
  endfacet
  facet normal  1.581946e-001 -1.581946e-001 -9.746532e-001
    outer loop
      vertex -2.100793e+001 -4.918840e+001 -1.200000e+000
      vertex -1.969436e+001 -4.799028e+001 -1.181262e+000
      vertex -2.093472e+001 -4.923064e+001 -1.181262e+000
    endloop
  endfacet
  facet normal  2.160612e-001 -5.789088e-002 -9.746621e-001
    outer loop
      vertex -2.100793e+001 -4.918840e+001 -1.200000e+000
      vertex -2.093472e+001 -4.923064e+001 -1.181262e+000
      vertex -2.147324e+001 -5.092505e+001 -1.200000e+000
    endloop
  endfacet
  facet normal  2.161058e-001 -5.790518e-002 -9.746513e-001
    outer loop
      vertex -2.147324e+001 -5.092505e+001 -1.200000e+000
      vertex -2.093472e+001 -4.923064e+001 -1.181262e+000
      vertex -2.138872e+001 -5.092500e+001 -1.181262e+000
    endloop
  endfacet
  facet normal  2.164391e-001  0.000000e+000 -9.762962e-001
    outer loop
      vertex -2.138872e+001 -5.092500e+001 -1.181262e+000
      vertex -2.138872e+001 -5.987500e+001 -1.181262e+000
      vertex -2.147324e+001 -5.092505e+001 -1.200000e+000
    endloop
  endfacet
  facet normal  2.164391e-001  0.000000e+000 -9.762961e-001
    outer loop
      vertex -2.147324e+001 -5.092505e+001 -1.200000e+000
      vertex -2.138872e+001 -5.987500e+001 -1.181262e+000
      vertex -2.147324e+001 -5.987500e+001 -1.200000e+000
    endloop
  endfacet
  facet normal  2.160760e-001  5.789772e-002 -9.746584e-001
    outer loop
      vertex -2.147324e+001 -5.987500e+001 -1.200000e+000
      vertex -2.138872e+001 -5.987500e+001 -1.181262e+000
      vertex -2.100791e+001 -6.161163e+001 -1.200000e+000
    endloop
  endfacet
  facet normal  2.160862e-001  5.789993e-002 -9.746560e-001
    outer loop
      vertex -2.100791e+001 -6.161163e+001 -1.200000e+000
      vertex -2.138872e+001 -5.987500e+001 -1.181262e+000
      vertex -2.093472e+001 -6.156936e+001 -1.181262e+000
    endloop
  endfacet
  facet normal  1.581715e-001  1.581734e-001 -9.746605e-001
    outer loop
      vertex -2.100791e+001 -6.161163e+001 -1.200000e+000
      vertex -2.093472e+001 -6.156936e+001 -1.181262e+000
      vertex -1.973660e+001 -6.288293e+001 -1.200000e+000
    endloop
  endfacet
  facet normal  1.581921e-001  1.581921e-001 -9.746541e-001
    outer loop
      vertex -1.973660e+001 -6.288293e+001 -1.200000e+000
      vertex -2.093472e+001 -6.156936e+001 -1.181262e+000
      vertex -1.969436e+001 -6.280972e+001 -1.181262e+000
    endloop
  endfacet
  facet normal  5.788948e-002  2.160566e-001 -9.746631e-001
    outer loop
      vertex -1.973660e+001 -6.288293e+001 -1.200000e+000
      vertex -1.969436e+001 -6.280972e+001 -1.181262e+000
      vertex -1.799996e+001 -6.334824e+001 -1.200000e+000
    endloop
  endfacet
  facet normal  5.790633e-002  2.161092e-001 -9.746506e-001
    outer loop
      vertex -1.799996e+001 -6.334824e+001 -1.200000e+000
      vertex -1.969436e+001 -6.280972e+001 -1.181262e+000
      vertex -1.800000e+001 -6.326372e+001 -1.181262e+000
    endloop
  endfacet
  facet normal  0.000000e+000  2.164438e-001 -9.762951e-001
    outer loop
      vertex -1.800000e+001 -6.326372e+001 -1.181262e+000
      vertex  1.800000e+001 -6.326372e+001 -1.181262e+000
      vertex -1.799996e+001 -6.334824e+001 -1.200000e+000
    endloop
  endfacet
  facet normal  0.000000e+000  2.164438e-001 -9.762951e-001
    outer loop
      vertex -1.799996e+001 -6.334824e+001 -1.200000e+000
      vertex  1.800000e+001 -6.326372e+001 -1.181262e+000
      vertex  1.800000e+001 -6.334824e+001 -1.200000e+000
    endloop
  endfacet
  facet normal -5.789801e-002  2.160807e-001 -9.746573e-001
    outer loop
      vertex  1.800000e+001 -6.334824e+001 -1.200000e+000
      vertex  1.800000e+001 -6.326372e+001 -1.181262e+000
      vertex  1.973660e+001 -6.288292e+001 -1.200000e+000
    endloop
  endfacet
  facet normal -5.789519e-002  2.160677e-001 -9.746604e-001
    outer loop
      vertex  1.973660e+001 -6.288292e+001 -1.200000e+000
      vertex  1.800000e+001 -6.326372e+001 -1.181262e+000
      vertex  1.969436e+001 -6.280972e+001 -1.181262e+000
    endloop
  endfacet
  facet normal -1.581880e-001  1.581906e-001 -9.746550e-001
    outer loop
      vertex  1.973660e+001 -6.288292e+001 -1.200000e+000
      vertex  1.969436e+001 -6.280972e+001 -1.181262e+000
      vertex  2.100790e+001 -6.161165e+001 -1.200000e+000
    endloop
  endfacet
  facet normal -1.581623e-001  1.581623e-001 -9.746637e-001
    outer loop
      vertex  2.100790e+001 -6.161165e+001 -1.200000e+000
      vertex  1.969436e+001 -6.280972e+001 -1.181262e+000
      vertex  2.093472e+001 -6.156936e+001 -1.181262e+000
    endloop
  endfacet
  facet normal -2.161001e-001  5.790674e-002 -9.746526e-001
    outer loop
      vertex  2.100790e+001 -6.161165e+001 -1.200000e+000
      vertex  2.093472e+001 -6.156936e+001 -1.181262e+000
      vertex  2.147324e+001 -5.987505e+001 -1.200000e+000
    endloop
  endfacet
  facet normal -2.160413e-001  5.788789e-002 -9.746667e-001
    outer loop
      vertex  2.147324e+001 -5.987505e+001 -1.200000e+000
      vertex  2.093472e+001 -6.156936e+001 -1.181262e+000
      vertex  2.138872e+001 -5.987500e+001 -1.181262e+000
    endloop
  endfacet
  facet normal -2.164391e-001  -0.000000e+000 -9.762962e-001
    outer loop
      vertex  2.138872e+001 -5.987500e+001 -1.181262e+000
      vertex  2.138872e+001 -5.092500e+001 -1.181262e+000
      vertex  2.147324e+001 -5.987505e+001 -1.200000e+000
    endloop
  endfacet
  facet normal -2.164391e-001  0.000000e+000 -9.762961e-001
    outer loop
      vertex  2.147324e+001 -5.987505e+001 -1.200000e+000
      vertex  2.138872e+001 -5.092500e+001 -1.181262e+000
      vertex  2.147324e+001 -5.092500e+001 -1.200000e+000
    endloop
  endfacet
  facet normal  9.833651e-001  0.000000e+000 -1.816399e-001
    outer loop
      vertex -3.737500e+001 -7.737500e+001  4.427774e+000
      vertex -3.737500e+001 -3.272756e+001  4.427774e+000
      vertex -3.709639e+001 -3.400936e+001  5.936099e+000
    endloop
  endfacet
  facet normal  9.249554e-001  7.274743e-003 -3.800060e-001
    outer loop
      vertex -3.737500e+001 -7.737500e+001  4.427774e+000
      vertex -3.709639e+001 -3.400936e+001  5.936099e+000
      vertex -3.697793e+001 -3.448545e+001  6.215326e+000
    endloop
  endfacet
  facet normal  9.762062e-001  0.000000e+000 -2.168442e-001
    outer loop
      vertex -3.737500e+001 -7.737500e+001  4.427774e+000
      vertex -3.697793e+001 -3.448545e+001  6.215326e+000
      vertex -3.697793e+001 -7.573682e+001  6.215326e+000
    endloop
  endfacet
  facet normal  9.738427e-001  1.157655e-002 -2.269283e-001
    outer loop
      vertex -3.737500e+001 -7.737500e+001  4.427774e+000
      vertex -3.697793e+001 -7.573682e+001  6.215326e+000
      vertex -3.696521e+001 -7.627807e+001  6.242294e+000
    endloop
  endfacet
  facet normal  9.671677e-001  5.064829e-002 -2.490409e-001
    outer loop
      vertex -3.737500e+001 -7.737500e+001  4.427774e+000
      vertex -3.696521e+001 -7.627807e+001  6.242294e+000
      vertex -3.681423e+001 -7.774470e+001  6.530369e+000
    endloop
  endfacet
  facet normal  9.633554e-001 -4.379071e-002 -2.646293e-001
    outer loop
      vertex -3.737500e+001 -7.737500e+001  4.427774e+000
      vertex -3.681423e+001 -7.774470e+001  6.530369e+000
      vertex -3.694892e+001 -7.917141e+001  6.276138e+000
    endloop
  endfacet
  facet normal  5.213154e-001 -2.106121e-001 -8.269661e-001
    outer loop
      vertex -3.550297e+001 -8.076199e+001  7.935445e+000
      vertex -3.617160e+001 -8.023490e+001  7.379707e+000
      vertex -3.501200e+001 -8.065858e+001  8.218615e+000
    endloop
  endfacet
  facet normal  5.772970e-001 -3.523253e-002 -8.157738e-001
    outer loop
      vertex -3.501200e+001 -8.065858e+001  8.218615e+000
      vertex -3.617160e+001 -8.023490e+001  7.379707e+000
      vertex -3.626403e+001 -7.948982e+001  7.282115e+000
    endloop
  endfacet
  facet normal  8.306581e-001  3.022992e-002 -5.559615e-001
    outer loop
      vertex -3.617160e+001 -8.023490e+001  7.379707e+000
      vertex -3.694892e+001 -7.917141e+001  6.276138e+000
      vertex -3.626403e+001 -7.948982e+001  7.282115e+000
    endloop
  endfacet
  facet normal  8.295251e-001  2.113274e-002 -5.580695e-001
    outer loop
      vertex -3.626403e+001 -7.948982e+001  7.282115e+000
      vertex -3.694892e+001 -7.917141e+001  6.276138e+000
      vertex -3.681423e+001 -7.774470e+001  6.530369e+000
    endloop
  endfacet
  facet normal  9.750531e-001 -2.894314e-003 -2.219530e-001
    outer loop
      vertex -3.737500e+001  7.737500e+001  4.427774e+000
      vertex -3.694892e+001  7.917141e+001  6.276138e+000
      vertex -3.696521e+001  7.627807e+001  6.242294e+000
    endloop
  endfacet
  facet normal  9.738427e-001 -1.157655e-002 -2.269283e-001
    outer loop
      vertex -3.737500e+001  7.737500e+001  4.427774e+000
      vertex -3.696521e+001  7.627807e+001  6.242294e+000
      vertex -3.697793e+001  7.573682e+001  6.215326e+000
    endloop
  endfacet
  facet normal  9.762062e-001  0.000000e+000 -2.168442e-001
    outer loop
      vertex -3.737500e+001  7.737500e+001  4.427774e+000
      vertex -3.697793e+001  7.573682e+001  6.215326e+000
      vertex -3.697793e+001 -1.726455e+001  6.215326e+000
    endloop
  endfacet
  facet normal  9.226535e-001 -3.412428e-003 -3.856149e-001
    outer loop
      vertex -3.737500e+001  7.737500e+001  4.427774e+000
      vertex -3.697793e+001 -1.726455e+001  6.215326e+000
      vertex -3.709639e+001 -1.774064e+001  5.936099e+000
    endloop
  endfacet
  facet normal  9.833651e-001  0.000000e+000 -1.816398e-001
    outer loop
      vertex -3.737500e+001  7.737500e+001  4.427774e+000
      vertex -3.709639e+001 -1.774064e+001  5.936099e+000
      vertex -3.737500e+001 -1.902244e+001  4.427774e+000
    endloop
  endfacet
  facet normal  8.674795e-001  9.342843e-004 -4.974720e-001
    outer loop
      vertex -3.696521e+001  7.627807e+001  6.242294e+000
      vertex -3.694892e+001  7.917141e+001  6.276138e+000
      vertex -3.665993e+001  7.846210e+001  6.778740e+000
    endloop
  endfacet
  facet normal  8.368549e-001 -4.559081e-002 -5.455232e-001
    outer loop
      vertex -3.665993e+001  7.846210e+001  6.778740e+000
      vertex -3.694892e+001  7.917141e+001  6.276138e+000
      vertex -3.617160e+001  8.023490e+001  7.379707e+000
    endloop
  endfacet
  facet normal  7.460474e-001  2.012419e-002 -6.655886e-001
    outer loop
      vertex -3.665993e+001  7.846210e+001  6.778740e+000
      vertex -3.617160e+001  8.023490e+001  7.379707e+000
      vertex -3.607162e+001  7.979932e+001  7.478594e+000
    endloop
  endfacet
  facet normal  6.498377e-001 -2.332647e-002 -7.597150e-001
    outer loop
      vertex -3.607162e+001  7.979932e+001  7.478594e+000
      vertex -3.617160e+001  8.023490e+001  7.379707e+000
      vertex -3.550297e+001  8.076199e+001  7.935445e+000
    endloop
  endfacet
  facet normal  5.129866e-001  1.014861e-001 -8.523763e-001
    outer loop
      vertex -3.607162e+001  7.979932e+001  7.478594e+000
      vertex -3.550297e+001  8.076199e+001  7.935445e+000
      vertex -3.501200e+001  8.065858e+001  8.218615e+000
    endloop
  endfacet
  facet normal  1.956369e-001  0.000000e+000  9.806765e-001
    outer loop
      vertex -3.715913e+001 -1.644855e+001  6.500000e+000
      vertex -3.708238e+001 -1.651313e+001  6.484690e+000
      vertex -3.715913e+001  7.573682e+001  6.500000e+000
    endloop
  endfacet
  facet normal  9.768463e-001  0.000000e+000 -2.139422e-001
    outer loop
      vertex -3.697793e+001 -1.726455e+001  6.215326e+000
      vertex -3.697793e+001  7.573682e+001  6.215326e+000
      vertex -3.695913e+001 -1.707399e+001  6.301178e+000
    endloop
  endfacet
  facet normal  9.947543e-001  1.069052e-004 -1.022934e-001
    outer loop
      vertex -3.695913e+001 -1.707399e+001  6.301178e+000
      vertex -3.697793e+001  7.573682e+001  6.215326e+000
      vertex -3.696449e+001  7.573682e+001  6.346016e+000
    endloop
  endfacet
  facet normal  8.772821e-001 -1.811839e-004  4.799750e-001
    outer loop
      vertex -3.695913e+001 -1.707399e+001  6.301178e+000
      vertex -3.696449e+001  7.573682e+001  6.346016e+000
      vertex -3.705013e+001 -1.657990e+001  6.467690e+000
    endloop
  endfacet
  facet normal  3.284421e-001  1.164824e-004  9.445241e-001
    outer loop
      vertex -3.715913e+001  7.573682e+001  6.500000e+000
      vertex -3.708238e+001 -1.651313e+001  6.484690e+000
      vertex -3.703503e+001  7.573682e+001  6.456849e+000
    endloop
  endfacet
  facet normal  4.663135e-001  2.763962e-005  8.846195e-001
    outer loop
      vertex -3.703503e+001  7.573682e+001  6.456849e+000
      vertex -3.708238e+001 -1.651313e+001  6.484690e+000
      vertex -3.705013e+001 -1.657990e+001  6.467690e+000
    endloop
  endfacet
  facet normal  8.436230e-001 -7.488526e-005  5.369360e-001
    outer loop
      vertex -3.703503e+001  7.573682e+001  6.456849e+000
      vertex -3.705013e+001 -1.657990e+001  6.467690e+000
      vertex -3.696449e+001  7.573682e+001  6.346016e+000
    endloop
  endfacet
  facet normal  8.436229e-001  1.704146e-004  5.369361e-001
    outer loop
      vertex -3.705013e+001 -3.517010e+001  6.467690e+000
      vertex -3.703503e+001 -7.573682e+001  6.456849e+000
      vertex -3.696449e+001 -7.573682e+001  6.346016e+000
    endloop
  endfacet
  facet normal  9.947543e-001  0.000000e+000 -1.022934e-001
    outer loop
      vertex -3.697793e+001 -7.573682e+001  6.215326e+000
      vertex -3.697793e+001 -3.448545e+001  6.215326e+000
      vertex -3.696449e+001 -7.573682e+001  6.346016e+000
    endloop
  endfacet
  facet normal  9.766780e-001 -3.620358e-004 -2.147088e-001
    outer loop
      vertex -3.696449e+001 -7.573682e+001  6.346016e+000
      vertex -3.697793e+001 -3.448545e+001  6.215326e+000
      vertex -3.695913e+001 -3.467601e+001  6.301178e+000
    endloop
  endfacet
  facet normal  8.769957e-001  4.101432e-004  4.804980e-001
    outer loop
      vertex -3.696449e+001 -7.573682e+001  6.346016e+000
      vertex -3.695913e+001 -3.467601e+001  6.301178e+000
      vertex -3.705013e+001 -3.517010e+001  6.467690e+000
    endloop
  endfacet
  facet normal  3.284421e-001 -1.302098e-004  9.445241e-001
    outer loop
      vertex -3.703503e+001 -7.573682e+001  6.456849e+000
      vertex -3.705013e+001 -3.517010e+001  6.467690e+000
      vertex -3.715913e+001 -7.573682e+001  6.500000e+000
    endloop
  endfacet
  facet normal  4.671610e-001 -5.509968e-004  8.841721e-001
    outer loop
      vertex -3.715913e+001 -7.573682e+001  6.500000e+000
      vertex -3.705013e+001 -3.517010e+001  6.467690e+000
      vertex -3.708238e+001 -3.523687e+001  6.484690e+000
    endloop
  endfacet
  facet normal  1.956368e-001  0.000000e+000  9.806764e-001
    outer loop
      vertex -3.715913e+001 -7.573682e+001  6.500000e+000
      vertex -3.708238e+001 -3.523687e+001  6.484690e+000
      vertex -3.715913e+001 -3.530145e+001  6.500000e+000
    endloop
  endfacet
  facet normal  1.000000e+000  0.000000e+000  0.000000e+000
    outer loop
      vertex -3.737500e+001 -7.737500e+001  4.427774e+000
      vertex -3.737500e+001 -7.737500e+001  4.222000e+000
      vertex -3.737500e+001 -3.272756e+001  4.427774e+000
    endloop
  endfacet
  facet normal  1.000000e+000  0.000000e+000  0.000000e+000
    outer loop
      vertex -3.737500e+001 -3.272756e+001  4.427774e+000
      vertex -3.737500e+001 -7.737500e+001  4.222000e+000
      vertex -3.737500e+001 -3.262500e+001  4.222000e+000
    endloop
  endfacet
  facet normal  1.000000e+000  0.000000e+000  0.000000e+000
    outer loop
      vertex -3.737500e+001 -1.902244e+001  4.427774e+000
      vertex -3.737500e+001 -1.912500e+001  4.222000e+000
      vertex -3.737500e+001  7.737500e+001  4.427774e+000
    endloop
  endfacet
  facet normal  1.000000e+000  0.000000e+000  0.000000e+000
    outer loop
      vertex -3.737500e+001  7.737500e+001  4.427774e+000
      vertex -3.737500e+001 -1.912500e+001  4.222000e+000
      vertex -3.737500e+001  7.737500e+001  4.222000e+000
    endloop
  endfacet
  facet normal  8.162512e-001 -2.826734e-003  5.776903e-001
    outer loop
      vertex -3.617160e+001 -8.023490e+001  1.270158e+000
      vertex -3.716483e+001 -3.262500e+001  2.906516e+000
      vertex -3.694892e+001 -7.917141e+001  2.373688e+000
    endloop
  endfacet
  facet normal  9.874727e-001  2.774467e-003  1.577654e-001
    outer loop
      vertex -3.694892e+001 -7.917141e+001  2.373688e+000
      vertex -3.716483e+001 -3.262500e+001  2.906516e+000
      vertex -3.737500e+001 -3.262500e+001  4.222000e+000
    endloop
  endfacet
  facet normal  9.744437e-001  0.000000e+000  2.246319e-001
    outer loop
      vertex -3.694892e+001 -7.917141e+001  2.373688e+000
      vertex -3.737500e+001 -3.262500e+001  4.222000e+000
      vertex -3.737500e+001 -7.737500e+001  4.222000e+000
    endloop
  endfacet
  facet normal  8.891617e-001  2.822369e-003  4.575845e-001
    outer loop
      vertex -3.716483e+001 -3.262500e+001  2.906516e+000
      vertex -3.617160e+001 -8.023490e+001  1.270158e+000
      vertex -3.655525e+001 -3.262500e+001  1.722000e+000
    endloop
  endfacet
  facet normal  7.622835e-001  0.000000e+000  6.472432e-001
    outer loop
      vertex -3.655525e+001 -3.262500e+001  1.722000e+000
      vertex -3.617160e+001 -8.023490e+001  1.270158e+000
      vertex -3.617160e+001  8.023490e+001  1.270158e+000
    endloop
  endfacet
  facet normal  7.622836e-001  0.000000e+000  6.472433e-001
    outer loop
      vertex -3.655525e+001 -3.262500e+001  1.722000e+000
      vertex -3.617160e+001  8.023490e+001  1.270158e+000
      vertex -3.655525e+001 -1.912500e+001  1.722000e+000
    endloop
  endfacet
  facet normal  8.177840e-001 -5.404401e-004  5.755250e-001
    outer loop
      vertex -3.655525e+001 -1.912500e+001  1.722000e+000
      vertex -3.617160e+001  8.023490e+001  1.270158e+000
      vertex -3.694892e+001  7.917141e+001  2.373688e+000
    endloop
  endfacet
  facet normal  8.891651e-001  5.273518e-004  4.575862e-001
    outer loop
      vertex -3.655525e+001 -1.912500e+001  1.722000e+000
      vertex -3.694892e+001  7.917141e+001  2.373688e+000
      vertex -3.716483e+001 -1.912500e+001  2.906516e+000
    endloop
  endfacet
  facet normal  9.746403e-001 -9.277948e-004  2.237754e-001
    outer loop
      vertex -3.716483e+001 -1.912500e+001  2.906516e+000
      vertex -3.694892e+001  7.917141e+001  2.373688e+000
      vertex -3.737500e+001  7.737500e+001  4.222000e+000
    endloop
  endfacet
  facet normal  9.874765e-001  0.000000e+000  1.577660e-001
    outer loop
      vertex -3.716483e+001 -1.912500e+001  2.906516e+000
      vertex -3.737500e+001  7.737500e+001  4.222000e+000
      vertex -3.737500e+001 -1.912500e+001  4.222000e+000
    endloop
  endfacet
  facet normal  6.391860e-001  0.000000e+000  7.690522e-001
    outer loop
      vertex -3.550301e+001 -8.076197e+001  7.144759e-001
      vertex -3.617160e+001  8.023490e+001  1.270158e+000
      vertex -3.617160e+001 -8.023490e+001  1.270158e+000
    endloop
  endfacet
  facet normal  6.391860e-001  -0.000000e+000  7.690521e-001
    outer loop
      vertex -3.617160e+001  8.023490e+001  1.270158e+000
      vertex -3.550301e+001 -8.076197e+001  7.144759e-001
      vertex -3.550301e+001  8.076197e+001  7.144759e-001
    endloop
  endfacet
  facet normal  4.374176e-001  0.000000e+000  8.992585e-001
    outer loop
      vertex -3.550301e+001  8.076197e+001  7.144759e-001
      vertex -3.550301e+001 -8.076197e+001  7.144759e-001
      vertex -3.446165e+001 -8.057066e+001  2.079342e-001
    endloop
  endfacet
  facet normal  4.374175e-001  -0.000000e+000  8.992585e-001
    outer loop
      vertex -3.550301e+001  8.076197e+001  7.144759e-001
      vertex -3.446165e+001 -8.057066e+001  2.079342e-001
      vertex -3.446165e+001  8.057066e+001  2.079342e-001
    endloop
  endfacet
  facet normal  1.569239e-001  0.000000e+000  9.876107e-001
    outer loop
      vertex -3.446165e+001  8.057066e+001  2.079342e-001
      vertex -3.446165e+001 -8.057066e+001  2.079342e-001
      vertex -3.315300e+001 -8.048368e+001  0.000000e+000
    endloop
  endfacet
  facet normal  1.569239e-001  -0.000000e+000  9.876106e-001
    outer loop
      vertex -3.446165e+001  8.057066e+001  2.079342e-001
      vertex -3.315300e+001 -8.048368e+001  0.000000e+000
      vertex -3.315300e+001  8.048368e+001  0.000000e+000
    endloop
  endfacet
  facet normal  0.000000e+000  0.000000e+000  1.000000e+000
    outer loop
      vertex -3.785428e+001 -1.644855e+001  6.500000e+000
      vertex -3.715913e+001 -1.644855e+001  6.500000e+000
      vertex -3.785428e+001  7.573682e+001  6.500000e+000
    endloop
  endfacet
  facet normal  -0.000000e+000  0.000000e+000  1.000000e+000
    outer loop
      vertex -3.785428e+001  7.573682e+001  6.500000e+000
      vertex -3.715913e+001 -1.644855e+001  6.500000e+000
      vertex -3.715913e+001  7.573682e+001  6.500000e+000
    endloop
  endfacet
  facet normal  0.000000e+000  0.000000e+000  1.000000e+000
    outer loop
      vertex -3.785428e+001 -7.573682e+001  6.500000e+000
      vertex -3.715913e+001 -7.573682e+001  6.500000e+000
      vertex -3.785428e+001 -3.530145e+001  6.500000e+000
    endloop
  endfacet
  facet normal  -0.000000e+000  0.000000e+000  1.000000e+000
    outer loop
      vertex -3.785428e+001 -3.530145e+001  6.500000e+000
      vertex -3.715913e+001 -7.573682e+001  6.500000e+000
      vertex -3.715913e+001 -3.530145e+001  6.500000e+000
    endloop
  endfacet
  facet normal  0.000000e+000  0.000000e+000  1.000000e+000
    outer loop
      vertex -3.678998e+001 -1.912500e+001  1.722000e+000
      vertex -3.678998e+001 -3.262500e+001  1.722000e+000
      vertex -3.655525e+001 -1.912500e+001  1.722000e+000
    endloop
  endfacet
  facet normal  0.000000e+000  0.000000e+000  1.000000e+000
    outer loop
      vertex -3.655525e+001 -1.912500e+001  1.722000e+000
      vertex -3.678998e+001 -3.262500e+001  1.722000e+000
      vertex -3.655525e+001 -3.262500e+001  1.722000e+000
    endloop
  endfacet
  facet normal  0.000000e+000 -1.000000e+000  0.000000e+000
    outer loop
      vertex -3.757500e+001 -1.912500e+001  4.222000e+000
      vertex -3.716483e+001 -1.912500e+001  2.906516e+000
      vertex -3.737500e+001 -1.912500e+001  4.222000e+000
    endloop
  endfacet
  facet normal  0.000000e+000 -1.000000e+000  0.000000e+000
    outer loop
      vertex -3.757500e+001 -1.912500e+001  4.222000e+000
      vertex -3.697293e+001 -1.912500e+001  1.994404e+000
      vertex -3.716483e+001 -1.912500e+001  2.906516e+000
    endloop
  endfacet
  facet normal  0.000000e+000 -1.000000e+000  0.000000e+000
    outer loop
      vertex -3.678998e+001 -1.912500e+001  1.722000e+000
      vertex -3.655525e+001 -1.912500e+001  1.722000e+000
      vertex -3.716483e+001 -1.912500e+001  2.906516e+000
    endloop
  endfacet
  facet normal  0.000000e+000 -1.000000e+000  0.000000e+000
    outer loop
      vertex -3.678998e+001 -1.912500e+001  1.722000e+000
      vertex -3.716483e+001 -1.912500e+001  2.906516e+000
      vertex -3.697293e+001 -1.912500e+001  1.994404e+000
    endloop
  endfacet
  facet normal  0.000000e+000 -1.000000e+000  0.000000e+000
    outer loop
      vertex -3.678998e+001 -1.912500e+001  1.722000e+000
      vertex -3.697293e+001 -1.912500e+001  1.994404e+000
      vertex -3.690565e+001 -1.912500e+001  1.709562e+000
    endloop
  endfacet
  facet normal  0.000000e+000 -1.000000e+000  -0.000000e+000
    outer loop
      vertex -3.678998e+001 -1.912500e+001  1.722000e+000
      vertex -3.690565e+001 -1.912500e+001  1.709562e+000
      vertex -3.701193e+001 -1.912500e+001  1.395086e+000
    endloop
  endfacet
  facet normal -9.379758e-001 -1.343664e-001  3.196044e-001
    outer loop
      vertex -3.716782e+001 -1.858291e+001  1.165465e+000
      vertex -3.701193e+001 -1.912500e+001  1.395086e+000
      vertex -3.709874e+001 -1.845502e+001  1.421992e+000
    endloop
  endfacet
  facet normal -9.387739e-001 -1.343752e-001  3.172486e-001
    outer loop
      vertex -3.709874e+001 -1.845502e+001  1.421992e+000
      vertex -3.701193e+001 -1.912500e+001  1.395086e+000
      vertex -3.690565e+001 -1.912500e+001  1.709562e+000
    endloop
  endfacet
  facet normal -9.062242e-001 -3.578279e-001 -2.252045e-001
    outer loop
      vertex -3.709874e+001 -1.845502e+001  1.421992e+000
      vertex -3.690565e+001 -1.912500e+001  1.709562e+000
      vertex -3.719753e+001 -1.837160e+001  1.686978e+000
    endloop
  endfacet
  facet normal -9.085615e-001 -3.584156e-001 -2.146025e-001
    outer loop
      vertex -3.719753e+001 -1.837160e+001  1.686978e+000
      vertex -3.690565e+001 -1.912500e+001  1.709562e+000
      vertex -3.697293e+001 -1.912500e+001  1.994404e+000
    endloop
  endfacet
  facet normal  0.000000e+000  1.000000e+000  0.000000e+000
    outer loop
      vertex -3.678998e+001 -3.262500e+001  1.722000e+000
      vertex -3.701193e+001 -3.262500e+001  1.395080e+000
      vertex -3.692487e+001 -3.262500e+001  1.585374e+000
    endloop
  endfacet
  facet normal  0.000000e+000  1.000000e+000  0.000000e+000
    outer loop
      vertex -3.678998e+001 -3.262500e+001  1.722000e+000
      vertex -3.692487e+001 -3.262500e+001  1.585374e+000
      vertex -3.691340e+001 -3.262500e+001  1.830688e+000
    endloop
  endfacet
  facet normal  -0.000000e+000  1.000000e+000  -0.000000e+000
    outer loop
      vertex -3.678998e+001 -3.262500e+001  1.722000e+000
      vertex -3.691340e+001 -3.262500e+001  1.830688e+000
      vertex -3.716483e+001 -3.262500e+001  2.906516e+000
    endloop
  endfacet
  facet normal  0.000000e+000  1.000000e+000  0.000000e+000
    outer loop
      vertex -3.678998e+001 -3.262500e+001  1.722000e+000
      vertex -3.716483e+001 -3.262500e+001  2.906516e+000
      vertex -3.655525e+001 -3.262500e+001  1.722000e+000
    endloop
  endfacet
  facet normal  -0.000000e+000  1.000000e+000  -0.000000e+000
    outer loop
      vertex -3.691340e+001 -3.262500e+001  1.830688e+000
      vertex -3.697292e+001 -3.262500e+001  1.994386e+000
      vertex -3.716483e+001 -3.262500e+001  2.906516e+000
    endloop
  endfacet
  facet normal  0.000000e+000  1.000000e+000  0.000000e+000
    outer loop
      vertex -3.716483e+001 -3.262500e+001  2.906516e+000
      vertex -3.697292e+001 -3.262500e+001  1.994386e+000
      vertex -3.757500e+001 -3.262500e+001  4.222000e+000
    endloop
  endfacet
  facet normal  -0.000000e+000  1.000000e+000  0.000000e+000
    outer loop
      vertex -3.716483e+001 -3.262500e+001  2.906516e+000
      vertex -3.757500e+001 -3.262500e+001  4.222000e+000
      vertex -3.737500e+001 -3.262500e+001  4.222000e+000
    endloop
  endfacet
  facet normal -8.273393e-001  0.000000e+000  5.617025e-001
    outer loop
      vertex -3.678998e+001 -3.262500e+001  1.722000e+000
      vertex -3.678998e+001 -1.912500e+001  1.722000e+000
      vertex -3.701193e+001 -3.262500e+001  1.395080e+000
    endloop
  endfacet
  facet normal -8.273401e-001  0.000000e+000  5.617014e-001
    outer loop
      vertex -3.716782e+001 -1.858291e+001  1.165465e+000
      vertex -3.716782e+001 -3.316709e+001  1.165465e+000
      vertex -3.701193e+001 -1.912500e+001  1.395086e+000
    endloop
  endfacet
  facet normal -8.273401e-001  6.616011e-010  5.617012e-001
    outer loop
      vertex -3.701193e+001 -1.912500e+001  1.395086e+000
      vertex -3.716782e+001 -3.316709e+001  1.165465e+000
      vertex -3.701193e+001 -3.262500e+001  1.395080e+000
    endloop
  endfacet
  facet normal -8.273393e-001  6.608462e-010  5.617025e-001
    outer loop
      vertex -3.701193e+001 -1.912500e+001  1.395086e+000
      vertex -3.701193e+001 -3.262500e+001  1.395080e+000
      vertex -3.678998e+001 -1.912500e+001  1.722000e+000
    endloop
  endfacet
  facet normal -7.212237e-001  0.000000e+000 -6.927024e-001
    outer loop
      vertex -3.700151e+001 -1.623354e+001 -1.465970e-001
      vertex -3.700151e+001 -3.551646e+001 -1.465970e-001
      vertex -3.711689e+001 -1.626762e+001 -2.646307e-002
    endloop
  endfacet
  facet normal -7.123719e-001  1.098519e-004 -7.018021e-001
    outer loop
      vertex -3.711689e+001 -1.626762e+001 -2.646307e-002
      vertex -3.700151e+001 -3.551646e+001 -1.465970e-001
      vertex -3.710068e+001 -3.549194e+001 -4.592886e-002
    endloop
  endfacet
  facet normal -8.520019e-001 -1.884050e-004 -5.235385e-001
    outer loop
      vertex -3.711689e+001 -1.626762e+001 -2.646307e-002
      vertex -3.710068e+001 -3.549194e+001 -4.592886e-002
      vertex -3.725363e+001 -1.645746e+001  1.961249e-001
    endloop
  endfacet
  facet normal -8.453779e-001  -0.000000e+000 -5.341687e-001
    outer loop
      vertex -3.725363e+001 -1.645746e+001  1.961249e-001
      vertex -3.710068e+001 -3.549194e+001 -4.592886e-002
      vertex -3.725363e+001 -3.529255e+001  1.961249e-001
    endloop
  endfacet
  facet normal -9.944744e-001  0.000000e+000 -1.049793e-001
    outer loop
      vertex -3.725363e+001 -1.645746e+001  1.961249e-001
      vertex -3.725363e+001 -3.529255e+001  1.961249e-001
      vertex -3.731861e+001 -1.754724e+001  8.117521e-001
    endloop
  endfacet
  facet normal -9.870996e-001  1.939109e-003 -1.600951e-001
    outer loop
      vertex -3.731861e+001 -1.754724e+001  8.117521e-001
      vertex -3.725363e+001 -3.529255e+001  1.961249e-001
      vertex -3.733501e+001 -3.444094e+001  7.082220e-001
    endloop
  endfacet
  facet normal -9.214585e-001 -1.486407e-003  3.884741e-001
    outer loop
      vertex -3.731861e+001 -1.754724e+001  8.117521e-001
      vertex -3.733501e+001 -3.444094e+001  7.082220e-001
      vertex -3.716782e+001 -1.858291e+001  1.165465e+000
    endloop
  endfacet
  facet normal -9.391873e-001  0.000000e+000  3.434052e-001
    outer loop
      vertex -3.716782e+001 -1.858291e+001  1.165465e+000
      vertex -3.733501e+001 -3.444094e+001  7.082220e-001
      vertex -3.716782e+001 -3.316709e+001  1.165465e+000
    endloop
  endfacet
  facet normal -9.060627e-001  8.498034e-002  4.145221e-001
    outer loop
      vertex -3.701193e+001 -3.262500e+001  1.395080e+000
      vertex -3.716782e+001 -3.316709e+001  1.165465e+000
      vertex -3.692487e+001 -3.262500e+001  1.585374e+000
    endloop
  endfacet
  facet normal -9.299893e-001  1.607193e-001  3.305892e-001
    outer loop
      vertex -3.692487e+001 -3.262500e+001  1.585374e+000
      vertex -3.716782e+001 -3.316709e+001  1.165465e+000
      vertex -3.709874e+001 -3.329498e+001  1.421992e+000
    endloop
  endfacet
  facet normal -9.695762e-001  2.405546e-001  4.533714e-002
    outer loop
      vertex -3.692487e+001 -3.262500e+001  1.585374e+000
      vertex -3.709874e+001 -3.329498e+001  1.421992e+000
      vertex -3.691340e+001 -3.262500e+001  1.830688e+000
    endloop
  endfacet
  facet normal -8.993868e-001  3.803012e-001 -2.155791e-001
    outer loop
      vertex -3.691340e+001 -3.262500e+001  1.830688e+000
      vertex -3.709874e+001 -3.329498e+001  1.421992e+000
      vertex -3.719753e+001 -3.337840e+001  1.686977e+000
    endloop
  endfacet
  facet normal -8.666056e-001  3.869219e-001 -3.150969e-001
    outer loop
      vertex -3.691340e+001 -3.262500e+001  1.830688e+000
      vertex -3.719753e+001 -3.337840e+001  1.686977e+000
      vertex -3.697292e+001 -3.262500e+001  1.994386e+000
    endloop
  endfacet
  facet normal -4.489897e-002  0.000000e+000  9.989915e-001
    outer loop
      vertex -3.785428e+001 -7.573682e+001  6.500000e+000
      vertex -3.785428e+001 -3.530145e+001  6.500000e+000
      vertex -3.794400e+001 -3.528399e+001  6.495968e+000
    endloop
  endfacet
  facet normal -1.538388e-001 -2.426868e-004  9.880959e-001
    outer loop
      vertex -3.785428e+001 -7.573682e+001  6.500000e+000
      vertex -3.794400e+001 -3.528399e+001  6.495968e+000
      vertex -3.807131e+001 -3.520280e+001  6.476166e+000
    endloop
  endfacet
  facet normal -3.438471e-001 -1.288894e-003  9.390247e-001
    outer loop
      vertex -3.785428e+001 -7.573682e+001  6.500000e+000
      vertex -3.807131e+001 -3.520280e+001  6.476166e+000
      vertex -3.831631e+001 -3.490244e+001  6.386866e+000
    endloop
  endfacet
  facet normal -3.303196e-001 -1.122414e-003  9.438685e-001
    outer loop
      vertex -3.785428e+001 -7.573682e+001  6.500000e+000
      vertex -3.831631e+001 -3.490244e+001  6.386866e+000
      vertex -3.847784e+001 -7.573682e+001  6.281777e+000
    endloop
  endfacet
  facet normal -9.042212e-001  0.000000e+000  4.270645e-001
    outer loop
      vertex -3.882925e+001 -3.545244e+001  5.722351e+000
      vertex -3.882925e+001 -7.573682e+001  5.722351e+000
      vertex -3.864534e+001 -3.525524e+001  6.111743e+000
    endloop
  endfacet
  facet normal -8.467923e-001 -1.269529e-003  5.319221e-001
    outer loop
      vertex -3.864534e+001 -3.525524e+001  6.111743e+000
      vertex -3.882925e+001 -7.573682e+001  5.722351e+000
      vertex -3.847784e+001 -7.573682e+001  6.281777e+000
    endloop
  endfacet
  facet normal -6.418216e-001  5.653527e-004  7.668539e-001
    outer loop
      vertex -3.864534e+001 -3.525524e+001  6.111743e+000
      vertex -3.847784e+001 -7.573682e+001  6.281777e+000
      vertex -3.831631e+001 -3.490244e+001  6.386866e+000
    endloop
  endfacet
  facet normal -9.375212e-001  1.797316e-001  2.979106e-001
    outer loop
      vertex -3.897500e+001 -7.737500e+001  4.427774e+000
      vertex -3.878203e+001 -7.883241e+001  5.914317e+000
      vertex -3.858224e+001 -7.881073e+001  6.529951e+000
    endloop
  endfacet
  facet normal -9.872867e-001 -4.839854e-002  1.514017e-001
    outer loop
      vertex -3.897500e+001 -7.737500e+001  4.427774e+000
      vertex -3.858224e+001 -7.881073e+001  6.529951e+000
      vertex -3.882013e+001 -7.636134e+001  5.761709e+000
    endloop
  endfacet
  facet normal -9.926897e-001 -6.904065e-003  1.204971e-001
    outer loop
      vertex -3.897500e+001 -7.737500e+001  4.427774e+000
      vertex -3.882013e+001 -7.636134e+001  5.761709e+000
      vertex -3.882925e+001 -7.573682e+001  5.722351e+000
    endloop
  endfacet
  facet normal -9.937221e-001  0.000000e+000  1.118768e-001
    outer loop
      vertex -3.897500e+001 -7.737500e+001  4.427774e+000
      vertex -3.882925e+001 -7.573682e+001  5.722351e+000
      vertex -3.882925e+001 -3.545244e+001  5.722351e+000
    endloop
  endfacet
  facet normal -9.937221e-001  0.000000e+000  1.118768e-001
    outer loop
      vertex -3.897500e+001 -7.737500e+001  4.427774e+000
      vertex -3.882925e+001 -3.545244e+001  5.722351e+000
      vertex -3.897500e+001 -3.573816e+001  4.427774e+000
    endloop
  endfacet
  facet normal -7.726661e-001  4.335854e-002  6.333303e-001
    outer loop
      vertex -3.728859e+001 -8.138048e+001  8.525747e+000
      vertex -3.724738e+001 -8.124756e+001  8.566924e+000
      vertex -3.818982e+001 -8.023463e+001  7.347792e+000
    endloop
  endfacet
  facet normal -7.596160e-001  7.129402e-002  6.464524e-001
    outer loop
      vertex -3.818982e+001 -8.023463e+001  7.347792e+000
      vertex -3.724738e+001 -8.124756e+001  8.566924e+000
      vertex -3.824006e+001 -7.996803e+001  7.259360e+000
    endloop
  endfacet
  facet normal -9.446962e-001 -7.187377e-002  3.199738e-001
    outer loop
      vertex -3.818982e+001 -8.023463e+001  7.347792e+000
      vertex -3.824006e+001 -7.996803e+001  7.259360e+000
      vertex -3.878203e+001 -7.883241e+001  5.914317e+000
    endloop
  endfacet
  facet normal -9.468960e-001 -8.443253e-002  3.102567e-001
    outer loop
      vertex -3.878203e+001 -7.883241e+001  5.914317e+000
      vertex -3.824006e+001 -7.996803e+001  7.259360e+000
      vertex -3.858224e+001 -7.881073e+001  6.529951e+000
    endloop
  endfacet
  facet normal  0.000000e+000  2.249217e-001  9.743769e-001
    outer loop
      vertex -3.785428e+001 -3.530145e+001  6.500000e+000
      vertex -3.715913e+001 -3.530145e+001  6.500000e+000
      vertex -3.794400e+001 -3.528399e+001  6.495968e+000
    endloop
  endfacet
  facet normal  1.315361e-004  2.305293e-001  9.730654e-001
    outer loop
      vertex -3.794400e+001 -3.528399e+001  6.495968e+000
      vertex -3.715913e+001 -3.530145e+001  6.500000e+000
      vertex -3.708238e+001 -3.523687e+001  6.484690e+000
    endloop
  endfacet
  facet normal -2.212116e-004  2.366298e-001  9.715999e-001
    outer loop
      vertex -3.794400e+001 -3.528399e+001  6.495968e+000
      vertex -3.708238e+001 -3.523687e+001  6.484690e+000
      vertex -3.807131e+001 -3.520280e+001  6.476166e+000
    endloop
  endfacet
  facet normal  1.462473e-004  2.466684e-001  9.690999e-001
    outer loop
      vertex -3.807131e+001 -3.520280e+001  6.476166e+000
      vertex -3.708238e+001 -3.523687e+001  6.484690e+000
      vertex -3.705013e+001 -3.517010e+001  6.467690e+000
    endloop
  endfacet
  facet normal -1.138653e-003  2.841301e-001  9.587851e-001
    outer loop
      vertex -3.807131e+001 -3.520280e+001  6.476166e+000
      vertex -3.705013e+001 -3.517010e+001  6.467690e+000
      vertex -3.831631e+001 -3.490244e+001  6.386866e+000
    endloop
  endfacet
  facet normal  6.759554e-003  3.182321e-001  9.479887e-001
    outer loop
      vertex -3.831631e+001 -3.490244e+001  6.386866e+000
      vertex -3.705013e+001 -3.517010e+001  6.467690e+000
      vertex -3.695913e+001 -3.467601e+001  6.301178e+000
    endloop
  endfacet
  facet normal  3.049302e-005  3.537748e-001  9.353306e-001
    outer loop
      vertex -3.831631e+001 -3.490244e+001  6.386866e+000
      vertex -3.695913e+001 -3.467601e+001  6.301178e+000
      vertex -3.838687e+001 -3.467725e+001  6.301692e+000
    endloop
  endfacet
  facet normal -7.388690e-005  4.555795e-001  8.901952e-001
    outer loop
      vertex -3.838687e+001 -3.467725e+001  6.301692e+000
      vertex -3.695913e+001 -3.467601e+001  6.301178e+000
      vertex -3.829506e+001 -3.417380e+001  6.044047e+000
    endloop
  endfacet
  facet normal -2.189166e-002  4.088742e-001  9.123281e-001
    outer loop
      vertex -3.829506e+001 -3.417380e+001  6.044047e+000
      vertex -3.695913e+001 -3.467601e+001  6.301178e+000
      vertex -3.697793e+001 -3.448545e+001  6.215326e+000
    endloop
  endfacet
  facet normal  1.537360e-002  5.306949e-001  8.474235e-001
    outer loop
      vertex -3.829506e+001 -3.417380e+001  6.044047e+000
      vertex -3.697793e+001 -3.448545e+001  6.215326e+000
      vertex -3.826340e+001 -3.410128e+001  5.998057e+000
    endloop
  endfacet
  facet normal  5.830293e-003  5.069737e-001  8.619418e-001
    outer loop
      vertex -3.826340e+001 -3.410128e+001  5.998057e+000
      vertex -3.697793e+001 -3.448545e+001  6.215326e+000
      vertex -3.709639e+001 -3.400936e+001  5.936099e+000
    endloop
  endfacet
  facet normal -1.240662e-002  6.624082e-001  7.490405e-001
    outer loop
      vertex -3.826340e+001 -3.410128e+001  5.998057e+000
      vertex -3.709639e+001 -3.400936e+001  5.936099e+000
      vertex -3.790378e+001 -3.333007e+001  5.322000e+000
    endloop
  endfacet
  facet normal  1.737701e-001  7.660233e-001  6.188799e-001
    outer loop
      vertex -3.790378e+001 -3.333007e+001  5.322000e+000
      vertex -3.709639e+001 -3.400936e+001  5.936099e+000
      vertex -3.737500e+001 -3.272756e+001  4.427774e+000
    endloop
  endfacet
  facet normal  1.622378e-001  7.712126e-001  6.155568e-001
    outer loop
      vertex -3.790378e+001 -3.333007e+001  5.322000e+000
      vertex -3.737500e+001 -3.272756e+001  4.427774e+000
      vertex -3.770041e+001 -3.289395e+001  4.722000e+000
    endloop
  endfacet
  facet normal -5.420404e-002  8.936761e-001  4.454267e-001
    outer loop
      vertex -3.737500e+001 -3.272756e+001  4.427774e+000
      vertex -3.737500e+001 -3.262500e+001  4.222000e+000
      vertex -3.770041e+001 -3.289395e+001  4.722000e+000
    endloop
  endfacet
  facet normal  0.000000e+000  8.806792e-001  4.737131e-001
    outer loop
      vertex -3.770041e+001 -3.289395e+001  4.722000e+000
      vertex -3.737500e+001 -3.262500e+001  4.222000e+000
      vertex -3.757500e+001 -3.262500e+001  4.222000e+000
    endloop
  endfacet
  facet normal -1.000000e+000  -0.000000e+000  0.000000e+000
    outer loop
      vertex -3.897500e+001 -7.737500e+001  4.427774e+000
      vertex -3.897500e+001 -3.573816e+001  4.427774e+000
      vertex -3.897500e+001 -7.737500e+001  4.222000e+000
    endloop
  endfacet
  facet normal -1.000000e+000  0.000000e+000  0.000000e+000
    outer loop
      vertex -3.897500e+001 -7.737500e+001  4.222000e+000
      vertex -3.897500e+001 -3.573816e+001  4.427774e+000
      vertex -3.897500e+001 -3.573816e+001  4.222000e+000
    endloop
  endfacet
  facet normal -9.063078e-001  4.226181e-001  0.000000e+000
    outer loop
      vertex -3.757500e+001 -3.262500e+001  4.222000e+000
      vertex -3.892815e+001 -3.552685e+001  4.222000e+000
      vertex -3.892815e+001 -3.552685e+001  4.427774e+000
    endloop
  endfacet
  facet normal -9.063078e-001  4.226181e-001  1.159946e-007
    outer loop
      vertex -3.757500e+001 -3.262500e+001  4.222000e+000
      vertex -3.892815e+001 -3.552685e+001  4.427774e+000
      vertex -3.879492e+001 -3.524113e+001  5.611176e+000
    endloop
  endfacet
  facet normal -9.063087e-001  4.226167e-001 -3.266886e-006
    outer loop
      vertex -3.757500e+001 -3.262500e+001  4.222000e+000
      vertex -3.879492e+001 -3.524113e+001  5.611176e+000
      vertex -3.875246e+001 -3.515006e+001  5.727945e+000
    endloop
  endfacet
  facet normal -9.063079e-001  4.226179e-001 -7.364316e-007
    outer loop
      vertex -3.757500e+001 -3.262500e+001  4.222000e+000
      vertex -3.875246e+001 -3.515006e+001  5.727945e+000
      vertex -3.864608e+001 -3.492193e+001  5.867865e+000
    endloop
  endfacet
  facet normal -9.063069e-001  4.226203e-001  3.307237e-006
    outer loop
      vertex -3.757500e+001 -3.262500e+001  4.222000e+000
      vertex -3.864608e+001 -3.492193e+001  5.867865e+000
      vertex -3.826340e+001 -3.410128e+001  5.998057e+000
    endloop
  endfacet
  facet normal -9.063093e-001  4.226151e-001 -1.889504e-006
    outer loop
      vertex -3.757500e+001 -3.262500e+001  4.222000e+000
      vertex -3.826340e+001 -3.410128e+001  5.998057e+000
      vertex -3.790378e+001 -3.333007e+001  5.322000e+000
    endloop
  endfacet
  facet normal -9.063075e-001  4.226187e-001  7.146656e-007
    outer loop
      vertex -3.757500e+001 -3.262500e+001  4.222000e+000
      vertex -3.790378e+001 -3.333007e+001  5.322000e+000
      vertex -3.770041e+001 -3.289395e+001  4.722000e+000
    endloop
  endfacet
  facet normal -7.941812e-001  4.031359e-001 -4.547062e-001
    outer loop
      vertex -3.746797e+001 -3.465225e+001  1.029951e+000
      vertex -3.852327e+001 -3.552685e+001  2.097717e+000
      vertex -3.719753e+001 -3.337840e+001  1.686977e+000
    endloop
  endfacet
  facet normal -8.035120e-001  4.140571e-001 -4.276975e-001
    outer loop
      vertex -3.852327e+001 -3.552685e+001  2.097717e+000
      vertex -3.697292e+001 -3.262500e+001  1.994386e+000
      vertex -3.719753e+001 -3.337840e+001  1.686977e+000
    endloop
  endfacet
  facet normal -8.612065e-001  4.518224e-001 -2.327661e-001
    outer loop
      vertex -3.697292e+001 -3.262500e+001  1.994386e+000
      vertex -3.852327e+001 -3.552685e+001  2.097717e+000
      vertex -3.757500e+001 -3.262500e+001  4.222000e+000
    endloop
  endfacet
  facet normal -8.930815e-001  4.164506e-001 -1.702181e-001
    outer loop
      vertex -3.852327e+001 -3.552685e+001  2.097717e+000
      vertex -3.892815e+001 -3.552685e+001  4.222000e+000
      vertex -3.757500e+001 -3.262500e+001  4.222000e+000
    endloop
  endfacet
  facet normal -7.932817e-001  3.432047e-001 -5.029061e-001
    outer loop
      vertex -3.852327e+001 -3.552685e+001  2.097717e+000
      vertex -3.746797e+001 -3.465225e+001  1.029951e+000
      vertex -3.736540e+001 -3.552685e+001  2.712903e-001
    endloop
  endfacet
  facet normal -9.615909e-001  2.819959e-002  2.730344e-001
    outer loop
      vertex -3.733501e+001 -3.444094e+001  7.082220e-001
      vertex -3.709874e+001 -3.329498e+001  1.421992e+000
      vertex -3.716782e+001 -3.316709e+001  1.165465e+000
    endloop
  endfacet
  facet normal -9.336739e-001  3.071766e-001 -1.841072e-001
    outer loop
      vertex -3.746797e+001 -3.465225e+001  1.029951e+000
      vertex -3.709874e+001 -3.329498e+001  1.421992e+000
      vertex -3.733501e+001 -3.444094e+001  7.082220e-001
    endloop
  endfacet
  facet normal -9.165258e-001  3.190200e-001 -2.412606e-001
    outer loop
      vertex -3.709874e+001 -3.329498e+001  1.421992e+000
      vertex -3.746797e+001 -3.465225e+001  1.029951e+000
      vertex -3.719753e+001 -3.337840e+001  1.686977e+000
    endloop
  endfacet
  facet normal -7.126132e-001 -1.881090e-003 -7.015547e-001
    outer loop
      vertex -3.700151e+001 -3.551646e+001 -1.465970e-001
      vertex -3.716792e+001 -3.556275e+001  2.256259e-002
      vertex -3.710068e+001 -3.549194e+001 -4.592886e-002
    endloop
  endfacet
  facet normal -7.685892e-001  1.225189e-001 -6.279011e-001
    outer loop
      vertex -3.710068e+001 -3.549194e+001 -4.592886e-002
      vertex -3.716792e+001 -3.556275e+001  2.256259e-002
      vertex -3.736540e+001 -3.552685e+001  2.712903e-001
    endloop
  endfacet
  facet normal -7.660231e-001  1.662161e-001 -6.209516e-001
    outer loop
      vertex -3.710068e+001 -3.549194e+001 -4.592886e-002
      vertex -3.736540e+001 -3.552685e+001  2.712903e-001
      vertex -3.725363e+001 -3.529255e+001  1.961249e-001
    endloop
  endfacet
  facet normal -8.605399e-001  2.724305e-001 -4.304100e-001
    outer loop
      vertex -3.725363e+001 -3.529255e+001  1.961249e-001
      vertex -3.736540e+001 -3.552685e+001  2.712903e-001
      vertex -3.746797e+001 -3.465225e+001  1.029951e+000
    endloop
  endfacet
  facet normal -9.413550e-001  1.032145e-001 -3.212438e-001
    outer loop
      vertex -3.725363e+001 -3.529255e+001  1.961249e-001
      vertex -3.746797e+001 -3.465225e+001  1.029951e+000
      vertex -3.733501e+001 -3.444094e+001  7.082220e-001
    endloop
  endfacet
  facet normal -7.492424e-001  2.160982e-001 -6.260490e-001
    outer loop
      vertex -3.736540e+001 -3.552685e+001  2.712903e-001
      vertex -3.716792e+001 -3.556275e+001  2.256259e-002
      vertex -3.739957e+001 -3.573816e+001  2.392435e-001
    endloop
  endfacet
  facet normal -7.237033e-001  1.151928e-001 -6.804294e-001
    outer loop
      vertex -3.739957e+001 -3.573816e+001  2.392435e-001
      vertex -3.716792e+001 -3.556275e+001  2.256259e-002
      vertex -3.700151e+001 -3.551646e+001 -1.465970e-001
    endloop
  endfacet
  facet normal -7.172645e-001  8.397773e-002 -6.917220e-001
    outer loop
      vertex -3.739957e+001 -3.573816e+001  2.392435e-001
      vertex -3.700151e+001 -3.551646e+001 -1.465970e-001
      vertex -3.713845e+001 -3.566011e+001 -2.203608e-002
    endloop
  endfacet
  facet normal -8.252396e-001  2.127837e-001 -5.231660e-001
    outer loop
      vertex -3.736540e+001 -3.552685e+001  2.712903e-001
      vertex -3.739957e+001 -3.573816e+001  2.392435e-001
      vertex -3.852327e+001 -3.552685e+001  2.097717e+000
    endloop
  endfacet
  facet normal -8.252401e-001  2.127818e-001 -5.231661e-001
    outer loop
      vertex -3.852327e+001 -3.552685e+001  2.097717e+000
      vertex -3.739957e+001 -3.573816e+001  2.392435e-001
      vertex -3.856683e+001 -3.573816e+001  2.080486e+000
    endloop
  endfacet
  facet normal -9.598218e-001  2.127807e-001 -1.829385e-001
    outer loop
      vertex -3.852327e+001 -3.552685e+001  2.097717e+000
      vertex -3.856683e+001 -3.573816e+001  2.080486e+000
      vertex -3.892815e+001 -3.552685e+001  4.222000e+000
    endloop
  endfacet
  facet normal -9.598216e-001  2.127816e-001 -1.829386e-001
    outer loop
      vertex -3.892815e+001 -3.552685e+001  4.222000e+000
      vertex -3.856683e+001 -3.573816e+001  2.080486e+000
      vertex -3.897500e+001 -3.573816e+001  4.222000e+000
    endloop
  endfacet
  facet normal -9.762973e-001  2.164340e-001  0.000000e+000
    outer loop
      vertex -3.897500e+001 -3.573816e+001  4.222000e+000
      vertex -3.897500e+001 -3.573816e+001  4.427774e+000
      vertex -3.892815e+001 -3.552685e+001  4.222000e+000
    endloop
  endfacet
  facet normal -9.762973e-001  2.164340e-001  0.000000e+000
    outer loop
      vertex -3.892815e+001 -3.552685e+001  4.222000e+000
      vertex -3.897500e+001 -3.573816e+001  4.427774e+000
      vertex -3.892815e+001 -3.552685e+001  4.427774e+000
    endloop
  endfacet
  facet normal -9.786167e-001  1.943795e-001  6.727605e-002
    outer loop
      vertex -3.882925e+001 -3.545244e+001  5.722351e+000
      vertex -3.879492e+001 -3.524113e+001  5.611176e+000
      vertex -3.897500e+001 -3.573816e+001  4.427774e+000
    endloop
  endfacet
  facet normal -9.746783e-001  2.160751e-001  5.756466e-002
    outer loop
      vertex -3.897500e+001 -3.573816e+001  4.427774e+000
      vertex -3.879492e+001 -3.524113e+001  5.611176e+000
      vertex -3.892815e+001 -3.552685e+001  4.427774e+000
    endloop
  endfacet
  facet normal -8.801711e-001  3.334081e-001  3.378430e-001
    outer loop
      vertex -3.838687e+001 -3.467725e+001  6.301692e+000
      vertex -3.829506e+001 -3.417380e+001  6.044047e+000
      vertex -3.864608e+001 -3.492193e+001  5.867865e+000
    endloop
  endfacet
  facet normal -9.078388e-001  4.179358e-001  3.403382e-002
    outer loop
      vertex -3.864608e+001 -3.492193e+001  5.867865e+000
      vertex -3.829506e+001 -3.417380e+001  6.044047e+000
      vertex -3.826340e+001 -3.410128e+001  5.998057e+000
    endloop
  endfacet
  facet normal -9.185613e-001  2.320871e-001  3.199700e-001
    outer loop
      vertex -3.875246e+001 -3.515006e+001  5.727945e+000
      vertex -3.864534e+001 -3.525524e+001  6.111743e+000
      vertex -3.864608e+001 -3.492193e+001  5.867865e+000
    endloop
  endfacet
  facet normal -7.942272e-001  3.576543e-001  4.912094e-001
    outer loop
      vertex -3.864608e+001 -3.492193e+001  5.867865e+000
      vertex -3.864534e+001 -3.525524e+001  6.111743e+000
      vertex -3.831631e+001 -3.490244e+001  6.386866e+000
    endloop
  endfacet
  facet normal -8.414541e-001 -6.057831e-002  5.369219e-001
    outer loop
      vertex -3.864608e+001 -3.492193e+001  5.867865e+000
      vertex -3.831631e+001 -3.490244e+001  6.386866e+000
      vertex -3.838687e+001 -3.467725e+001  6.301692e+000
    endloop
  endfacet
  facet normal -9.547255e-001  7.660826e-002  2.874548e-001
    outer loop
      vertex -3.875246e+001 -3.515006e+001  5.727945e+000
      vertex -3.879492e+001 -3.524113e+001  5.611176e+000
      vertex -3.864534e+001 -3.525524e+001  6.111743e+000
    endloop
  endfacet
  facet normal -9.128174e-001  2.962009e-001  2.811218e-001
    outer loop
      vertex -3.864534e+001 -3.525524e+001  6.111743e+000
      vertex -3.879492e+001 -3.524113e+001  5.611176e+000
      vertex -3.882925e+001 -3.545244e+001  5.722351e+000
    endloop
  endfacet
  facet normal -3.303204e-001  4.950452e-004  9.438688e-001
    outer loop
      vertex -3.785428e+001  7.573682e+001  6.500000e+000
      vertex -3.847784e+001  7.573682e+001  6.281777e+000
      vertex -3.831631e+001 -1.684756e+001  6.386866e+000
    endloop
  endfacet
  facet normal -3.430634e-001  5.642054e-004  9.393121e-001
    outer loop
      vertex -3.785428e+001  7.573682e+001  6.500000e+000
      vertex -3.831631e+001 -1.684756e+001  6.386866e+000
      vertex -3.807131e+001 -1.654720e+001  6.476166e+000
    endloop
  endfacet
  facet normal -1.537540e-001  1.063926e-004  9.881092e-001
    outer loop
      vertex -3.785428e+001  7.573682e+001  6.500000e+000
      vertex -3.807131e+001 -1.654720e+001  6.476166e+000
      vertex -3.794400e+001 -1.646601e+001  6.495968e+000
    endloop
  endfacet
  facet normal -4.489898e-002  0.000000e+000  9.989915e-001
    outer loop
      vertex -3.785428e+001  7.573682e+001  6.500000e+000
      vertex -3.794400e+001 -1.646601e+001  6.495968e+000
      vertex -3.785428e+001 -1.644855e+001  6.500000e+000
    endloop
  endfacet
  facet normal -8.467928e-001  0.000000e+000  5.319229e-001
    outer loop
      vertex -3.882925e+001  7.573682e+001  5.722351e+000
      vertex -3.882925e+001 -1.629756e+001  5.722351e+000
      vertex -3.847784e+001  7.573682e+001  6.281777e+000
    endloop
  endfacet
  facet normal -9.040537e-001  8.538644e-004  4.274178e-001
    outer loop
      vertex -3.847784e+001  7.573682e+001  6.281777e+000
      vertex -3.882925e+001 -1.629756e+001  5.722351e+000
      vertex -3.864534e+001 -1.649476e+001  6.111743e+000
    endloop
  endfacet
  facet normal -6.416219e-001 -2.488070e-004  7.670210e-001
    outer loop
      vertex -3.847784e+001  7.573682e+001  6.281777e+000
      vertex -3.864534e+001 -1.649476e+001  6.111743e+000
      vertex -3.831631e+001 -1.684756e+001  6.386866e+000
    endloop
  endfacet
  facet normal -9.937220e-001  0.000000e+000  1.118768e-001
    outer loop
      vertex -3.897500e+001  7.737500e+001  4.427774e+000
      vertex -3.897500e+001 -1.601184e+001  4.427774e+000
      vertex -3.882925e+001 -1.629756e+001  5.722351e+000
    endloop
  endfacet
  facet normal -9.937221e-001  0.000000e+000  1.118768e-001
    outer loop
      vertex -3.897500e+001  7.737500e+001  4.427774e+000
      vertex -3.882925e+001 -1.629756e+001  5.722351e+000
      vertex -3.882925e+001  7.573682e+001  5.722351e+000
    endloop
  endfacet
  facet normal -9.926903e-001  6.900158e-003  1.204922e-001
    outer loop
      vertex -3.897500e+001  7.737500e+001  4.427774e+000
      vertex -3.882925e+001  7.573682e+001  5.722351e+000
      vertex -3.882013e+001  7.636134e+001  5.761700e+000
    endloop
  endfacet
  facet normal -9.925995e-001  7.821918e-003  1.211821e-001
    outer loop
      vertex -3.897500e+001  7.737500e+001  4.427774e+000
      vertex -3.882013e+001  7.636134e+001  5.761700e+000
      vertex -3.878203e+001  7.883241e+001  5.914317e+000
    endloop
  endfacet
  facet normal -7.742509e-001 -4.447031e-002  6.313145e-001
    outer loop
      vertex -3.724738e+001  8.124756e+001  8.566924e+000
      vertex -3.728858e+001  8.138048e+001  8.525751e+000
      vertex -3.824006e+001  7.996803e+001  7.259360e+000
    endloop
  endfacet
  facet normal -7.565624e-001 -7.299148e-002  6.498351e-001
    outer loop
      vertex -3.824006e+001  7.996803e+001  7.259360e+000
      vertex -3.728858e+001  8.138048e+001  8.525751e+000
      vertex -3.818982e+001  8.023463e+001  7.347792e+000
    endloop
  endfacet
  facet normal -9.391295e-001  6.506211e-002  3.373469e-001
    outer loop
      vertex -3.824006e+001  7.996803e+001  7.259360e+000
      vertex -3.818982e+001  8.023463e+001  7.347792e+000
      vertex -3.858224e+001  7.881073e+001  6.529951e+000
    endloop
  endfacet
  facet normal -9.470425e-001  8.280811e-002  3.102471e-001
    outer loop
      vertex -3.858224e+001  7.881073e+001  6.529951e+000
      vertex -3.818982e+001  8.023463e+001  7.347792e+000
      vertex -3.878203e+001  7.883241e+001  5.914317e+000
    endloop
  endfacet
  facet normal -9.512054e-001 -4.387063e-003  3.085270e-001
    outer loop
      vertex -3.858224e+001  7.881073e+001  6.529951e+000
      vertex -3.878203e+001  7.883241e+001  5.914317e+000
      vertex -3.882013e+001  7.636134e+001  5.761700e+000
    endloop
  endfacet
  facet normal  0.000000e+000 -2.249683e-001  9.743661e-001
    outer loop
      vertex -3.785428e+001 -1.644855e+001  6.500000e+000
      vertex -3.794400e+001 -1.646601e+001  6.495968e+000
      vertex -3.715913e+001 -1.644855e+001  6.500000e+000
    endloop
  endfacet
  facet normal  1.304446e-004 -2.305305e-001  9.730651e-001
    outer loop
      vertex -3.715913e+001 -1.644855e+001  6.500000e+000
      vertex -3.794400e+001 -1.646601e+001  6.495968e+000
      vertex -3.708238e+001 -1.651313e+001  6.484690e+000
    endloop
  endfacet
  facet normal -2.221767e-004 -2.366283e-001  9.716002e-001
    outer loop
      vertex -3.794400e+001 -1.646601e+001  6.495968e+000
      vertex -3.807131e+001 -1.654720e+001  6.476166e+000
      vertex -3.708238e+001 -1.651313e+001  6.484690e+000
    endloop
  endfacet
  facet normal  1.453114e-004 -2.466688e-001  9.690999e-001
    outer loop
      vertex -3.708238e+001 -1.651313e+001  6.484690e+000
      vertex -3.807131e+001 -1.654720e+001  6.476166e+000
      vertex -3.705013e+001 -1.657990e+001  6.467690e+000
    endloop
  endfacet
  facet normal  3.118942e-003 -3.375313e-001  9.413092e-001
    outer loop
      vertex -3.836126e+001 -1.694275e+001  6.352881e+000
      vertex -3.695913e+001 -1.707399e+001  6.301178e+000
      vertex -3.831631e+001 -1.684756e+001  6.386866e+000
    endloop
  endfacet
  facet normal  6.760047e-003 -3.182342e-001  9.479880e-001
    outer loop
      vertex -3.831631e+001 -1.684756e+001  6.386866e+000
      vertex -3.695913e+001 -1.707399e+001  6.301178e+000
      vertex -3.705013e+001 -1.657990e+001  6.467690e+000
    endloop
  endfacet
  facet normal -1.139576e-003 -2.841260e-001  9.587862e-001
    outer loop
      vertex -3.831631e+001 -1.684756e+001  6.386866e+000
      vertex -3.705013e+001 -1.657990e+001  6.467690e+000
      vertex -3.807131e+001 -1.654720e+001  6.476166e+000
    endloop
  endfacet
  facet normal  1.622438e-001 -7.712106e-001  6.155575e-001
    outer loop
      vertex -3.770041e+001 -1.885605e+001  4.722000e+000
      vertex -3.737500e+001 -1.902244e+001  4.427774e+000
      vertex -3.790378e+001 -1.841993e+001  5.322000e+000
    endloop
  endfacet
  facet normal  1.737723e-001 -7.660232e-001  6.188794e-001
    outer loop
      vertex -3.790378e+001 -1.841993e+001  5.322000e+000
      vertex -3.737500e+001 -1.902244e+001  4.427774e+000
      vertex -3.709639e+001 -1.774064e+001  5.936099e+000
    endloop
  endfacet
  facet normal -1.240551e-002 -6.624079e-001  7.490407e-001
    outer loop
      vertex -3.790378e+001 -1.841993e+001  5.322000e+000
      vertex -3.709639e+001 -1.774064e+001  5.936099e+000
      vertex -3.826340e+001 -1.764872e+001  5.998057e+000
    endloop
  endfacet
  facet normal  5.830940e-003 -5.069754e-001  8.619409e-001
    outer loop
      vertex -3.826340e+001 -1.764872e+001  5.998057e+000
      vertex -3.709639e+001 -1.774064e+001  5.936099e+000
      vertex -3.697793e+001 -1.726455e+001  6.215326e+000
    endloop
  endfacet
  facet normal -3.222737e-003 -4.840778e-001  8.750190e-001
    outer loop
      vertex -3.826340e+001 -1.764872e+001  5.998057e+000
      vertex -3.697793e+001 -1.726455e+001  6.215326e+000
      vertex -3.838757e+001 -1.719936e+001  6.246194e+000
    endloop
  endfacet
  facet normal  9.668939e-004 -4.108449e-001  9.117048e-001
    outer loop
      vertex -3.838757e+001 -1.719936e+001  6.246194e+000
      vertex -3.697793e+001 -1.726455e+001  6.215326e+000
      vertex -3.695913e+001 -1.707399e+001  6.301178e+000
    endloop
  endfacet
  facet normal -1.864354e-003 -3.837347e-001  9.234415e-001
    outer loop
      vertex -3.838757e+001 -1.719936e+001  6.246194e+000
      vertex -3.695913e+001 -1.707399e+001  6.301178e+000
      vertex -3.836126e+001 -1.694275e+001  6.352881e+000
    endloop
  endfacet
  facet normal -5.419110e-002 -8.936734e-001  4.454336e-001
    outer loop
      vertex -3.737500e+001 -1.902244e+001  4.427774e+000
      vertex -3.770041e+001 -1.885605e+001  4.722000e+000
      vertex -3.737500e+001 -1.912500e+001  4.222000e+000
    endloop
  endfacet
  facet normal  0.000000e+000 -8.806792e-001  4.737131e-001
    outer loop
      vertex -3.737500e+001 -1.912500e+001  4.222000e+000
      vertex -3.770041e+001 -1.885605e+001  4.722000e+000
      vertex -3.757500e+001 -1.912500e+001  4.222000e+000
    endloop
  endfacet
  facet normal -1.000000e+000  -0.000000e+000  0.000000e+000
    outer loop
      vertex -3.897500e+001 -1.601184e+001  4.427774e+000
      vertex -3.897500e+001  7.737500e+001  4.427774e+000
      vertex -3.897500e+001 -1.601184e+001  4.222000e+000
    endloop
  endfacet
  facet normal -1.000000e+000  0.000000e+000  0.000000e+000
    outer loop
      vertex -3.897500e+001 -1.601184e+001  4.222000e+000
      vertex -3.897500e+001  7.737500e+001  4.427774e+000
      vertex -3.897500e+001  7.737500e+001  4.222000e+000
    endloop
  endfacet
  facet normal -9.063076e-001 -4.226186e-001  8.933318e-007
    outer loop
      vertex -3.757500e+001 -1.912500e+001  4.222000e+000
      vertex -3.770041e+001 -1.885605e+001  4.722000e+000
      vertex -3.790378e+001 -1.841993e+001  5.322000e+000
    endloop
  endfacet
  facet normal -9.063092e-001 -4.226151e-001 -1.889503e-006
    outer loop
      vertex -3.757500e+001 -1.912500e+001  4.222000e+000
      vertex -3.790378e+001 -1.841993e+001  5.322000e+000
      vertex -3.826340e+001 -1.764872e+001  5.998057e+000
    endloop
  endfacet
  facet normal -9.063072e-001 -4.226196e-001  2.586845e-006
    outer loop
      vertex -3.757500e+001 -1.912500e+001  4.222000e+000
      vertex -3.826340e+001 -1.764872e+001  5.998057e+000
      vertex -3.864608e+001 -1.682807e+001  5.867865e+000
    endloop
  endfacet
  facet normal -9.063074e-001 -4.226193e-001  2.170543e-006
    outer loop
      vertex -3.757500e+001 -1.912500e+001  4.222000e+000
      vertex -3.864608e+001 -1.682807e+001  5.867865e+000
      vertex -3.875246e+001 -1.659994e+001  5.727945e+000
    endloop
  endfacet
  facet normal -9.063075e-001 -4.226189e-001  1.438063e-006
    outer loop
      vertex -3.757500e+001 -1.912500e+001  4.222000e+000
      vertex -3.875246e+001 -1.659994e+001  5.727945e+000
      vertex -3.879492e+001 -1.650887e+001  5.611176e+000
    endloop
  endfacet
  facet normal -9.063079e-001 -4.226181e-001 -5.567741e-007
    outer loop
      vertex -3.757500e+001 -1.912500e+001  4.222000e+000
      vertex -3.879492e+001 -1.650887e+001  5.611176e+000
      vertex -3.892815e+001 -1.622315e+001  4.427774e+000
    endloop
  endfacet
  facet normal -9.063078e-001 -4.226181e-001  -0.000000e+000
    outer loop
      vertex -3.757500e+001 -1.912500e+001  4.222000e+000
      vertex -3.892815e+001 -1.622315e+001  4.427774e+000
      vertex -3.892815e+001 -1.622315e+001  4.222000e+000
    endloop
  endfacet
  facet normal -8.930815e-001 -4.164506e-001 -1.702181e-001
    outer loop
      vertex -3.892815e+001 -1.622315e+001  4.222000e+000
      vertex -3.852327e+001 -1.622315e+001  2.097717e+000
      vertex -3.757500e+001 -1.912500e+001  4.222000e+000
    endloop
  endfacet
  facet normal -8.612077e-001 -4.518211e-001 -2.327639e-001
    outer loop
      vertex -3.852327e+001 -1.622315e+001  2.097717e+000
      vertex -3.697293e+001 -1.912500e+001  1.994404e+000
      vertex -3.757500e+001 -1.912500e+001  4.222000e+000
    endloop
  endfacet
  facet normal -8.035105e-001 -4.140556e-001 -4.277018e-001
    outer loop
      vertex -3.697293e+001 -1.912500e+001  1.994404e+000
      vertex -3.852327e+001 -1.622315e+001  2.097717e+000
      vertex -3.719753e+001 -1.837160e+001  1.686978e+000
    endloop
  endfacet
  facet normal -7.917429e-001 -4.003588e-001 -4.613632e-001
    outer loop
      vertex -3.852327e+001 -1.622315e+001  2.097717e+000
      vertex -3.748196e+001 -1.687377e+001  8.753105e-001
      vertex -3.719753e+001 -1.837160e+001  1.686978e+000
    endloop
  endfacet
  facet normal -7.982119e-001 -3.267870e-001 -5.060316e-001
    outer loop
      vertex -3.748196e+001 -1.687377e+001  8.753105e-001
      vertex -3.852327e+001 -1.622315e+001  2.097717e+000
      vertex -3.736540e+001 -1.622315e+001  2.712903e-001
    endloop
  endfacet
  facet normal -9.589453e-001 -4.393452e-002  2.801671e-001
    outer loop
      vertex -3.709874e+001 -1.845502e+001  1.421992e+000
      vertex -3.731861e+001 -1.754724e+001  8.117521e-001
      vertex -3.716782e+001 -1.858291e+001  1.165465e+000
    endloop
  endfacet
  facet normal -7.166393e-001 -2.996388e-002 -6.968001e-001
    outer loop
      vertex -3.700151e+001 -1.623354e+001 -1.465970e-001
      vertex -3.711689e+001 -1.626762e+001 -2.646307e-002
      vertex -3.716791e+001 -1.618725e+001  2.255102e-002
    endloop
  endfacet
  facet normal -7.887808e-001 -1.349895e-001 -5.996688e-001
    outer loop
      vertex -3.716791e+001 -1.618725e+001  2.255102e-002
      vertex -3.711689e+001 -1.626762e+001 -2.646307e-002
      vertex -3.725363e+001 -1.645746e+001  1.961249e-001
    endloop
  endfacet
  facet normal -7.613522e-001 -1.617800e-001 -6.278297e-001
    outer loop
      vertex -3.716791e+001 -1.618725e+001  2.255102e-002
      vertex -3.725363e+001 -1.645746e+001  1.961249e-001
      vertex -3.736540e+001 -1.622315e+001  2.712903e-001
    endloop
  endfacet
  facet normal -8.313076e-001 -2.349713e-001 -5.037025e-001
    outer loop
      vertex -3.736540e+001 -1.622315e+001  2.712903e-001
      vertex -3.725363e+001 -1.645746e+001  1.961249e-001
      vertex -3.731861e+001 -1.754724e+001  8.117521e-001
    endloop
  endfacet
  facet normal -9.085403e-001 -1.850050e-001 -3.746033e-001
    outer loop
      vertex -3.736540e+001 -1.622315e+001  2.712903e-001
      vertex -3.731861e+001 -1.754724e+001  8.117521e-001
      vertex -3.748196e+001 -1.687377e+001  8.753105e-001
    endloop
  endfacet
  facet normal -9.718331e-001 -2.356699e-001 -4.105775e-004
    outer loop
      vertex -3.748196e+001 -1.687377e+001  8.753105e-001
      vertex -3.731861e+001 -1.754724e+001  8.117521e-001
      vertex -3.709874e+001 -1.845502e+001  1.421992e+000
    endloop
  endfacet
  facet normal -9.191719e-001 -3.077441e-001 -2.457981e-001
    outer loop
      vertex -3.748196e+001 -1.687377e+001  8.753105e-001
      vertex -3.709874e+001 -1.845502e+001  1.421992e+000
      vertex -3.719753e+001 -1.837160e+001  1.686978e+000
    endloop
  endfacet
  facet normal -9.786169e-001 -1.943779e-001  6.727615e-002
    outer loop
      vertex -3.882925e+001 -1.629756e+001  5.722351e+000
      vertex -3.897500e+001 -1.601184e+001  4.427774e+000
      vertex -3.879492e+001 -1.650887e+001  5.611176e+000
    endloop
  endfacet
  facet normal -9.746787e-001 -2.160733e-001  5.756482e-002
    outer loop
      vertex -3.879492e+001 -1.650887e+001  5.611176e+000
      vertex -3.897500e+001 -1.601184e+001  4.427774e+000
      vertex -3.892815e+001 -1.622315e+001  4.427774e+000
    endloop
  endfacet
  facet normal -9.762976e-001 -2.164322e-001  0.000000e+000
    outer loop
      vertex -3.897500e+001 -1.601184e+001  4.427774e+000
      vertex -3.897500e+001 -1.601184e+001  4.222000e+000
      vertex -3.892815e+001 -1.622315e+001  4.427774e+000
    endloop
  endfacet
  facet normal -9.762976e-001 -2.164322e-001  -0.000000e+000
    outer loop
      vertex -3.892815e+001 -1.622315e+001  4.427774e+000
      vertex -3.897500e+001 -1.601184e+001  4.222000e+000
      vertex -3.892815e+001 -1.622315e+001  4.222000e+000
    endloop
  endfacet
  facet normal -9.598220e-001 -2.127797e-001 -1.829385e-001
    outer loop
      vertex -3.892815e+001 -1.622315e+001  4.222000e+000
      vertex -3.897500e+001 -1.601184e+001  4.222000e+000
      vertex -3.852327e+001 -1.622315e+001  2.097717e+000
    endloop
  endfacet
  facet normal -9.598221e-001 -2.127788e-001 -1.829387e-001
    outer loop
      vertex -3.852327e+001 -1.622315e+001  2.097717e+000
      vertex -3.897500e+001 -1.601184e+001  4.222000e+000
      vertex -3.856683e+001 -1.601184e+001  2.080486e+000
    endloop
  endfacet
  facet normal -8.252403e-001 -2.127800e-001 -5.231665e-001
    outer loop
      vertex -3.852327e+001 -1.622315e+001  2.097717e+000
      vertex -3.856683e+001 -1.601184e+001  2.080486e+000
      vertex -3.736540e+001 -1.622315e+001  2.712903e-001
    endloop
  endfacet
  facet normal -8.252401e-001 -2.127819e-001 -5.231661e-001
    outer loop
      vertex -3.736540e+001 -1.622315e+001  2.712903e-001
      vertex -3.856683e+001 -1.601184e+001  2.080486e+000
      vertex -3.739957e+001 -1.601184e+001  2.392434e-001
    endloop
  endfacet
  facet normal -7.172630e-001 -8.396905e-002 -6.917247e-001
    outer loop
      vertex -3.739957e+001 -1.601184e+001  2.392434e-001
      vertex -3.713844e+001 -1.608989e+001 -2.204691e-002
      vertex -3.700151e+001 -1.623354e+001 -1.465970e-001
    endloop
  endfacet
  facet normal -7.237063e-001 -1.152063e-001 -6.804239e-001
    outer loop
      vertex -3.739957e+001 -1.601184e+001  2.392434e-001
      vertex -3.700151e+001 -1.623354e+001 -1.465970e-001
      vertex -3.716791e+001 -1.618725e+001  2.255102e-002
    endloop
  endfacet
  facet normal -7.492393e-001 -2.160964e-001 -6.260534e-001
    outer loop
      vertex -3.739957e+001 -1.601184e+001  2.392434e-001
      vertex -3.716791e+001 -1.618725e+001  2.255102e-002
      vertex -3.736540e+001 -1.622315e+001  2.712903e-001
    endloop
  endfacet
  facet normal -8.682245e-001 -1.119366e-001  4.833804e-001
    outer loop
      vertex -3.864608e+001 -1.682807e+001  5.867865e+000
      vertex -3.838757e+001 -1.719936e+001  6.246194e+000
      vertex -3.836126e+001 -1.694275e+001  6.352881e+000
    endloop
  endfacet
  facet normal -8.940261e-001 -3.789892e-001  2.389238e-001
    outer loop
      vertex -3.826340e+001 -1.764872e+001  5.998057e+000
      vertex -3.838757e+001 -1.719936e+001  6.246194e+000
      vertex -3.864608e+001 -1.682807e+001  5.867865e+000
    endloop
  endfacet
  facet normal -8.236758e-001  1.994140e-001  5.308409e-001
    outer loop
      vertex -3.836126e+001 -1.694275e+001  6.352881e+000
      vertex -3.831631e+001 -1.684756e+001  6.386866e+000
      vertex -3.864608e+001 -1.682807e+001  5.867865e+000
    endloop
  endfacet
  facet normal -7.942277e-001 -3.576566e-001  4.912069e-001
    outer loop
      vertex -3.864608e+001 -1.682807e+001  5.867865e+000
      vertex -3.831631e+001 -1.684756e+001  6.386866e+000
      vertex -3.864534e+001 -1.649476e+001  6.111743e+000
    endloop
  endfacet
  facet normal -9.185609e-001 -2.320893e-001  3.199694e-001
    outer loop
      vertex -3.864608e+001 -1.682807e+001  5.867865e+000
      vertex -3.864534e+001 -1.649476e+001  6.111743e+000
      vertex -3.875246e+001 -1.659994e+001  5.727945e+000
    endloop
  endfacet
  facet normal -9.547255e-001 -7.660981e-002  2.874548e-001
    outer loop
      vertex -3.875246e+001 -1.659994e+001  5.727945e+000
      vertex -3.864534e+001 -1.649476e+001  6.111743e+000
      vertex -3.879492e+001 -1.650887e+001  5.611176e+000
    endloop
  endfacet
  facet normal -9.128181e-001 -2.961984e-001  2.811219e-001
    outer loop
      vertex -3.879492e+001 -1.650887e+001  5.611176e+000
      vertex -3.864534e+001 -1.649476e+001  6.111743e+000
      vertex -3.882925e+001 -1.629756e+001  5.722351e+000
    endloop
  endfacet
  facet normal -8.891650e-001  5.904204e-004  4.575862e-001
    outer loop
      vertex  3.655525e+001 -8.625000e+000  1.722000e+000
      vertex  3.716483e+001 -8.625000e+000  2.906516e+000
      vertex  3.694892e+001  7.917141e+001  2.373688e+000
    endloop
  endfacet
  facet normal -8.178131e-001 -6.046365e-004  5.754837e-001
    outer loop
      vertex  3.655525e+001 -8.625000e+000  1.722000e+000
      vertex  3.694892e+001  7.917141e+001  2.373688e+000
      vertex  3.617160e+001  8.023490e+001  1.270158e+000
    endloop
  endfacet
  facet normal -7.622836e-001  0.000000e+000  6.472432e-001
    outer loop
      vertex  3.655525e+001 -8.625000e+000  1.722000e+000
      vertex  3.617160e+001  8.023490e+001  1.270158e+000
      vertex  3.617160e+001 -8.023490e+001  1.270158e+000
    endloop
  endfacet
  facet normal -7.622836e-001  0.000000e+000  6.472433e-001
    outer loop
      vertex  3.655525e+001 -8.625000e+000  1.722000e+000
      vertex  3.617160e+001 -8.023490e+001  1.270158e+000
      vertex  3.655525e+001 -5.472500e+001  1.722000e+000
    endloop
  endfacet
  facet normal -1.569239e-001  0.000000e+000  9.876106e-001
    outer loop
      vertex  3.446165e+001 -8.057066e+001  2.079342e-001
      vertex  3.315300e+001  8.048368e+001  0.000000e+000
      vertex  3.315300e+001 -8.048368e+001  0.000000e+000
    endloop
  endfacet
  facet normal -1.569239e-001  0.000000e+000  9.876107e-001
    outer loop
      vertex  3.315300e+001  8.048368e+001  0.000000e+000
      vertex  3.446165e+001 -8.057066e+001  2.079342e-001
      vertex  3.446165e+001  8.057066e+001  2.079342e-001
    endloop
  endfacet
  facet normal -4.374175e-001  0.000000e+000  8.992585e-001
    outer loop
      vertex  3.446165e+001  8.057066e+001  2.079342e-001
      vertex  3.446165e+001 -8.057066e+001  2.079342e-001
      vertex  3.550301e+001 -8.076197e+001  7.144759e-001
    endloop
  endfacet
  facet normal -4.374176e-001  0.000000e+000  8.992585e-001
    outer loop
      vertex  3.446165e+001  8.057066e+001  2.079342e-001
      vertex  3.550301e+001 -8.076197e+001  7.144759e-001
      vertex  3.550301e+001  8.076197e+001  7.144759e-001
    endloop
  endfacet
  facet normal -6.391860e-001  0.000000e+000  7.690521e-001
    outer loop
      vertex  3.550301e+001  8.076197e+001  7.144759e-001
      vertex  3.550301e+001 -8.076197e+001  7.144759e-001
      vertex  3.617160e+001 -8.023490e+001  1.270158e+000
    endloop
  endfacet
  facet normal -6.391860e-001  0.000000e+000  7.690522e-001
    outer loop
      vertex  3.550301e+001  8.076197e+001  7.144759e-001
      vertex  3.617160e+001 -8.023490e+001  1.270158e+000
      vertex  3.617160e+001  8.023490e+001  1.270158e+000
    endloop
  endfacet
  facet normal -9.744437e-001  0.000000e+000  2.246319e-001
    outer loop
      vertex  3.737500e+001  7.737500e+001  4.222000e+000
      vertex  3.694892e+001  7.917141e+001  2.373688e+000
      vertex  3.737500e+001 -8.625000e+000  4.222000e+000
    endloop
  endfacet
  facet normal -9.874755e-001 -1.470924e-003  1.577658e-001
    outer loop
      vertex  3.737500e+001 -8.625000e+000  4.222000e+000
      vertex  3.694892e+001  7.917141e+001  2.373688e+000
      vertex  3.716483e+001 -8.625000e+000  2.906516e+000
    endloop
  endfacet
  facet normal -8.185042e-001  2.134038e-003  5.744966e-001
    outer loop
      vertex  3.617160e+001 -8.023490e+001  1.270158e+000
      vertex  3.694892e+001 -7.917141e+001  2.373688e+000
      vertex  3.655525e+001 -5.472500e+001  1.722000e+000
    endloop
  endfacet
  facet normal -8.891633e-001 -2.120421e-003  4.575853e-001
    outer loop
      vertex  3.655525e+001 -5.472500e+001  1.722000e+000
      vertex  3.694892e+001 -7.917141e+001  2.373688e+000
      vertex  3.716483e+001 -5.472500e+001  2.906516e+000
    endloop
  endfacet
  facet normal -9.752374e-001  3.793545e-003  2.211278e-001
    outer loop
      vertex  3.694892e+001 -7.917141e+001  2.373688e+000
      vertex  3.737500e+001 -7.737500e+001  4.222000e+000
      vertex  3.716483e+001 -5.472500e+001  2.906516e+000
    endloop
  endfacet
  facet normal -9.874765e-001  0.000000e+000  1.577660e-001
    outer loop
      vertex  3.716483e+001 -5.472500e+001  2.906516e+000
      vertex  3.737500e+001 -7.737500e+001  4.222000e+000
      vertex  3.737500e+001 -5.472500e+001  4.222000e+000
    endloop
  endfacet
  facet normal -2.006487e-001  0.000000e+000  9.796633e-001
    outer loop
      vertex  3.715913e+001 -7.889530e+000  6.500000e+000
      vertex  3.715913e+001  7.573682e+001  6.500000e+000
      vertex  3.708050e+001 -7.890224e+000  6.483896e+000
    endloop
  endfacet
  facet normal -3.284421e-001  1.269218e-004  9.445241e-001
    outer loop
      vertex  3.708050e+001 -7.890224e+000  6.483896e+000
      vertex  3.715913e+001  7.573682e+001  6.500000e+000
      vertex  3.703503e+001  7.573682e+001  6.456849e+000
    endloop
  endfacet
  facet normal -5.701954e-001 -4.429217e-005  8.215090e-001
    outer loop
      vertex  3.708050e+001 -7.890224e+000  6.483896e+000
      vertex  3.703503e+001  7.573682e+001  6.456849e+000
      vertex  3.701435e+001 -7.892498e+000  6.437982e+000
    endloop
  endfacet
  facet normal -8.479452e-001  9.016188e-005  5.300839e-001
    outer loop
      vertex  3.701435e+001 -7.892498e+000  6.437982e+000
      vertex  3.703503e+001  7.573682e+001  6.456849e+000
      vertex  3.697167e+001 -7.896692e+000  6.369711e+000
    endloop
  endfacet
  facet normal -8.436229e-001  7.974773e-005  5.369361e-001
    outer loop
      vertex  3.697167e+001 -7.896692e+000  6.369711e+000
      vertex  3.703503e+001  7.573682e+001  6.456849e+000
      vertex  3.696449e+001  7.573682e+001  6.346016e+000
    endloop
  endfacet
  facet normal -9.882331e-001 -4.145083e-005  1.529548e-001
    outer loop
      vertex  3.697167e+001 -7.896692e+000  6.369711e+000
      vertex  3.696449e+001  7.573682e+001  6.346016e+000
      vertex  3.695937e+001 -7.902814e+000  6.290225e+000
    endloop
  endfacet
  facet normal -9.706237e-001  0.000000e+000 -2.406028e-001
    outer loop
      vertex  3.697793e+001 -7.909826e+000  6.215326e+000
      vertex  3.695937e+001 -7.902814e+000  6.290225e+000
      vertex  3.697793e+001  7.573682e+001  6.215326e+000
    endloop
  endfacet
  facet normal -9.947543e-001  1.292108e-004 -1.022934e-001
    outer loop
      vertex  3.697793e+001  7.573682e+001  6.215326e+000
      vertex  3.695937e+001 -7.902814e+000  6.290225e+000
      vertex  3.696449e+001  7.573682e+001  6.346016e+000
    endloop
  endfacet
  facet normal -3.284421e-001  0.000000e+000  9.445240e-001
    outer loop
      vertex  3.715913e+001 -7.573682e+001  6.500000e+000
      vertex  3.715913e+001 -5.546047e+001  6.500000e+000
      vertex  3.703503e+001 -7.573682e+001  6.456849e+000
    endloop
  endfacet
  facet normal -2.006558e-001 -8.568338e-004  9.796613e-001
    outer loop
      vertex  3.703503e+001 -7.573682e+001  6.456849e+000
      vertex  3.715913e+001 -5.546047e+001  6.500000e+000
      vertex  3.708050e+001 -5.545977e+001  6.483896e+000
    endloop
  endfacet
  facet normal -5.701922e-001  1.826607e-004  8.215112e-001
    outer loop
      vertex  3.703503e+001 -7.573682e+001  6.456849e+000
      vertex  3.708050e+001 -5.545977e+001  6.483896e+000
      vertex  3.701435e+001 -5.545750e+001  6.437982e+000
    endloop
  endfacet
  facet normal -8.436229e-001 -3.610318e-004  5.369360e-001
    outer loop
      vertex  3.703503e+001 -7.573682e+001  6.456849e+000
      vertex  3.701435e+001 -5.545750e+001  6.437982e+000
      vertex  3.696449e+001 -7.573682e+001  6.346016e+000
    endloop
  endfacet
  facet normal -8.479515e-001 -3.192700e-004  5.300737e-001
    outer loop
      vertex  3.696449e+001 -7.573682e+001  6.346016e+000
      vertex  3.701435e+001 -5.545750e+001  6.437982e+000
      vertex  3.697167e+001 -5.545331e+001  6.369711e+000
    endloop
  endfacet
  facet normal -9.882317e-001  1.708993e-004  1.529645e-001
    outer loop
      vertex  3.696449e+001 -7.573682e+001  6.346016e+000
      vertex  3.697167e+001 -5.545331e+001  6.369711e+000
      vertex  3.695937e+001 -5.544719e+001  6.290225e+000
    endloop
  endfacet
  facet normal -9.706237e-001  0.000000e+000 -2.406028e-001
    outer loop
      vertex  3.697793e+001 -5.544017e+001  6.215326e+000
      vertex  3.697793e+001 -7.573682e+001  6.215326e+000
      vertex  3.695937e+001 -5.544719e+001  6.290225e+000
    endloop
  endfacet
  facet normal -9.947541e-001 -5.326437e-004 -1.022933e-001
    outer loop
      vertex  3.695937e+001 -5.544719e+001  6.290225e+000
      vertex  3.697793e+001 -7.573682e+001  6.215326e+000
      vertex  3.696449e+001 -7.573682e+001  6.346016e+000
    endloop
  endfacet
  facet normal -1.000000e+000  0.000000e+000  0.000000e+000
    outer loop
      vertex  3.737500e+001  7.737500e+001  4.427774e+000
      vertex  3.737500e+001  7.737500e+001  4.222000e+000
      vertex  3.737500e+001 -8.495840e+000  4.427774e+000
    endloop
  endfacet
  facet normal -1.000000e+000  0.000000e+000  -0.000000e+000
    outer loop
      vertex  3.737500e+001 -8.495840e+000  4.427774e+000
      vertex  3.737500e+001  7.737500e+001  4.222000e+000
      vertex  3.737500e+001 -8.625000e+000  4.222000e+000
    endloop
  endfacet
  facet normal -1.000000e+000  0.000000e+000  0.000000e+000
    outer loop
      vertex  3.737500e+001 -5.485416e+001  4.427774e+000
      vertex  3.737500e+001 -5.472500e+001  4.222000e+000
      vertex  3.737500e+001 -7.737500e+001  4.427774e+000
    endloop
  endfacet
  facet normal -1.000000e+000  0.000000e+000  0.000000e+000
    outer loop
      vertex  3.737500e+001 -7.737500e+001  4.427774e+000
      vertex  3.737500e+001 -5.472500e+001  4.222000e+000
      vertex  3.737500e+001 -7.737500e+001  4.222000e+000
    endloop
  endfacet
  facet normal -9.762062e-001  -0.000000e+000 -2.168442e-001
    outer loop
      vertex  3.697793e+001 -7.909826e+000  6.215326e+000
      vertex  3.697793e+001  7.573682e+001  6.215326e+000
      vertex  3.737500e+001 -8.495840e+000  4.427774e+000
    endloop
  endfacet
  facet normal -9.055075e-001 -1.354219e-004 -4.243300e-001
    outer loop
      vertex  3.696521e+001  7.627807e+001  6.242294e+000
      vertex  3.694892e+001  7.917141e+001  6.276138e+000
      vertex  3.697793e+001  7.573682e+001  6.215326e+000
    endloop
  endfacet
  facet normal -9.753494e-001 -4.332116e-003 -2.206239e-001
    outer loop
      vertex  3.697793e+001  7.573682e+001  6.215326e+000
      vertex  3.694892e+001  7.917141e+001  6.276138e+000
      vertex  3.737500e+001  7.737500e+001  4.427774e+000
    endloop
  endfacet
  facet normal -9.762062e-001  -0.000000e+000 -2.168442e-001
    outer loop
      vertex  3.697793e+001  7.573682e+001  6.215326e+000
      vertex  3.737500e+001  7.737500e+001  4.427774e+000
      vertex  3.737500e+001 -8.495840e+000  4.427774e+000
    endloop
  endfacet
  facet normal -8.713500e-001  8.328219e-004 -4.906613e-001
    outer loop
      vertex  3.696521e+001  7.627807e+001  6.242294e+000
      vertex  3.669529e+001  7.832423e+001  6.725117e+000
      vertex  3.694892e+001  7.917141e+001  6.276138e+000
    endloop
  endfacet
  facet normal -8.158743e-001 -6.050215e-002 -5.750553e-001
    outer loop
      vertex  3.694892e+001  7.917141e+001  6.276138e+000
      vertex  3.669529e+001  7.832423e+001  6.725117e+000
      vertex  3.600185e+001  7.989342e+001  7.543850e+000
    endloop
  endfacet
  facet normal -7.747906e-001  8.392832e-002 -6.266223e-001
    outer loop
      vertex  3.694892e+001  7.917141e+001  6.276138e+000
      vertex  3.600185e+001  7.989342e+001  7.543850e+000
      vertex  3.617160e+001  8.023490e+001  7.379707e+000
    endloop
  endfacet
  facet normal -6.035263e-001 -8.127125e-002 -7.931904e-001
    outer loop
      vertex  3.617160e+001  8.023490e+001  7.379707e+000
      vertex  3.600185e+001  7.989342e+001  7.543850e+000
      vertex  3.501200e+001  8.065858e+001  8.218615e+000
    endloop
  endfacet
  facet normal -5.213154e-001  2.106122e-001 -8.269660e-001
    outer loop
      vertex  3.617160e+001  8.023490e+001  7.379707e+000
      vertex  3.501200e+001  8.065858e+001  8.218615e+000
      vertex  3.550297e+001  8.076199e+001  7.935445e+000
    endloop
  endfacet
  facet normal -9.762063e-001  -0.000000e+000 -2.168442e-001
    outer loop
      vertex  3.697793e+001 -7.573682e+001  6.215326e+000
      vertex  3.697793e+001 -5.544017e+001  6.215326e+000
      vertex  3.737500e+001 -5.485416e+001  4.427774e+000
    endloop
  endfacet
  facet normal -9.762062e-001  -0.000000e+000 -2.168442e-001
    outer loop
      vertex  3.697793e+001 -7.573682e+001  6.215326e+000
      vertex  3.737500e+001 -5.485416e+001  4.427774e+000
      vertex  3.737500e+001 -7.737500e+001  4.427774e+000
    endloop
  endfacet
  facet normal -9.753493e-001  4.332121e-003 -2.206239e-001
    outer loop
      vertex  3.697793e+001 -7.573682e+001  6.215326e+000
      vertex  3.737500e+001 -7.737500e+001  4.427774e+000
      vertex  3.694892e+001 -7.917141e+001  6.276138e+000
    endloop
  endfacet
  facet normal -9.055075e-001  1.354219e-004 -4.243300e-001
    outer loop
      vertex  3.697793e+001 -7.573682e+001  6.215326e+000
      vertex  3.694892e+001 -7.917141e+001  6.276138e+000
      vertex  3.696521e+001 -7.627807e+001  6.242294e+000
    endloop
  endfacet
  facet normal -8.865298e-001 -4.199334e-004 -4.626712e-001
    outer loop
      vertex  3.696521e+001 -7.627807e+001  6.242294e+000
      vertex  3.694892e+001 -7.917141e+001  6.276138e+000
      vertex  3.682967e+001 -7.765068e+001  6.503257e+000
    endloop
  endfacet
  facet normal -8.260748e-001  1.933886e-002 -5.632286e-001
    outer loop
      vertex  3.682967e+001 -7.765068e+001  6.503257e+000
      vertex  3.694892e+001 -7.917141e+001  6.276138e+000
      vertex  3.617160e+001 -8.023490e+001  7.379707e+000
    endloop
  endfacet
  facet normal -8.139213e-001  1.025583e-002 -5.808846e-001
    outer loop
      vertex  3.682967e+001 -7.765068e+001  6.503257e+000
      vertex  3.617160e+001 -8.023490e+001  7.379707e+000
      vertex  3.620215e+001 -7.959843e+001  7.348131e+000
    endloop
  endfacet
  facet normal -6.355411e-001 -7.790745e-003 -7.720277e-001
    outer loop
      vertex  3.620215e+001 -7.959843e+001  7.348131e+000
      vertex  3.617160e+001 -8.023490e+001  7.379707e+000
      vertex  3.550297e+001 -8.076199e+001  7.935445e+000
    endloop
  endfacet
  facet normal -5.147718e-001 -1.192117e-001 -8.489985e-001
    outer loop
      vertex  3.620215e+001 -7.959843e+001  7.348131e+000
      vertex  3.550297e+001 -8.076199e+001  7.935445e+000
      vertex  3.501200e+001 -8.065858e+001  8.218615e+000
    endloop
  endfacet
  facet normal  0.000000e+000  0.000000e+000  9.999999e-001
    outer loop
      vertex  3.655525e+001 -8.625000e+000  1.722000e+000
      vertex  3.655525e+001 -5.472500e+001  1.722000e+000
      vertex  3.678998e+001 -8.625000e+000  1.722000e+000
    endloop
  endfacet
  facet normal  0.000000e+000  0.000000e+000  9.999999e-001
    outer loop
      vertex  3.678998e+001 -8.625000e+000  1.722000e+000
      vertex  3.655525e+001 -5.472500e+001  1.722000e+000
      vertex  3.678998e+001 -5.472500e+001  1.722000e+000
    endloop
  endfacet
  facet normal  0.000000e+000  1.000000e+000  0.000000e+000
    outer loop
      vertex  3.757500e+001 -5.472500e+001  4.222000e+000
      vertex  3.716483e+001 -5.472500e+001  2.906516e+000
      vertex  3.737500e+001 -5.472500e+001  4.222000e+000
    endloop
  endfacet
  facet normal  0.000000e+000  1.000000e+000  0.000000e+000
    outer loop
      vertex  3.757500e+001 -5.472500e+001  4.222000e+000
      vertex  3.697293e+001 -5.472500e+001  1.994404e+000
      vertex  3.716483e+001 -5.472500e+001  2.906516e+000
    endloop
  endfacet
  facet normal  0.000000e+000  1.000000e+000  0.000000e+000
    outer loop
      vertex  3.678998e+001 -5.472500e+001  1.722000e+000
      vertex  3.655525e+001 -5.472500e+001  1.722000e+000
      vertex  3.716483e+001 -5.472500e+001  2.906516e+000
    endloop
  endfacet
  facet normal  0.000000e+000  1.000000e+000  0.000000e+000
    outer loop
      vertex  3.678998e+001 -5.472500e+001  1.722000e+000
      vertex  3.716483e+001 -5.472500e+001  2.906516e+000
      vertex  3.697293e+001 -5.472500e+001  1.994404e+000
    endloop
  endfacet
  facet normal  0.000000e+000  1.000000e+000  0.000000e+000
    outer loop
      vertex  3.678998e+001 -5.472500e+001  1.722000e+000
      vertex  3.697293e+001 -5.472500e+001  1.994404e+000
      vertex  3.690565e+001 -5.472500e+001  1.709562e+000
    endloop
  endfacet
  facet normal  0.000000e+000  1.000000e+000  0.000000e+000
    outer loop
      vertex  3.678998e+001 -5.472500e+001  1.722000e+000
      vertex  3.690565e+001 -5.472500e+001  1.709562e+000
      vertex  3.701193e+001 -5.472500e+001  1.395086e+000
    endloop
  endfacet
  facet normal  9.379759e-001  1.343660e-001  3.196042e-001
    outer loop
      vertex  3.716782e+001 -5.526709e+001  1.165465e+000
      vertex  3.701193e+001 -5.472500e+001  1.395086e+000
      vertex  3.709874e+001 -5.539498e+001  1.421992e+000
    endloop
  endfacet
  facet normal  9.387740e-001  1.343748e-001  3.172487e-001
    outer loop
      vertex  3.709874e+001 -5.539498e+001  1.421992e+000
      vertex  3.701193e+001 -5.472500e+001  1.395086e+000
      vertex  3.690565e+001 -5.472500e+001  1.709562e+000
    endloop
  endfacet
  facet normal  9.062236e-001  3.578277e-001 -2.252069e-001
    outer loop
      vertex  3.709874e+001 -5.539498e+001  1.421992e+000
      vertex  3.690565e+001 -5.472500e+001  1.709562e+000
      vertex  3.719753e+001 -5.547839e+001  1.686978e+000
    endloop
  endfacet
  facet normal  9.085615e-001  3.584156e-001 -2.146025e-001
    outer loop
      vertex  3.719753e+001 -5.547839e+001  1.686978e+000
      vertex  3.690565e+001 -5.472500e+001  1.709562e+000
      vertex  3.697293e+001 -5.472500e+001  1.994404e+000
    endloop
  endfacet
  facet normal  0.000000e+000 -1.000000e+000  0.000000e+000
    outer loop
      vertex  3.737500e+001 -8.625000e+000  4.222000e+000
      vertex  3.716483e+001 -8.625000e+000  2.906516e+000
      vertex  3.757500e+001 -8.625000e+000  4.222000e+000
    endloop
  endfacet
  facet normal  0.000000e+000 -1.000000e+000  0.000000e+000
    outer loop
      vertex  3.716483e+001 -8.625000e+000  2.906516e+000
      vertex  3.697293e+001 -8.625000e+000  1.994404e+000
      vertex  3.757500e+001 -8.625000e+000  4.222000e+000
    endloop
  endfacet
  facet normal  0.000000e+000 -1.000000e+000  0.000000e+000
    outer loop
      vertex  3.678998e+001 -8.625000e+000  1.722000e+000
      vertex  3.701193e+001 -8.625000e+000  1.395086e+000
      vertex  3.690565e+001 -8.625000e+000  1.709561e+000
    endloop
  endfacet
  facet normal  0.000000e+000 -1.000000e+000  0.000000e+000
    outer loop
      vertex  3.678998e+001 -8.625000e+000  1.722000e+000
      vertex  3.690565e+001 -8.625000e+000  1.709561e+000
      vertex  3.697293e+001 -8.625000e+000  1.994404e+000
    endloop
  endfacet
  facet normal  -0.000000e+000 -1.000000e+000  0.000000e+000
    outer loop
      vertex  3.678998e+001 -8.625000e+000  1.722000e+000
      vertex  3.697293e+001 -8.625000e+000  1.994404e+000
      vertex  3.716483e+001 -8.625000e+000  2.906516e+000
    endloop
  endfacet
  facet normal  0.000000e+000 -1.000000e+000  0.000000e+000
    outer loop
      vertex  3.678998e+001 -8.625000e+000  1.722000e+000
      vertex  3.716483e+001 -8.625000e+000  2.906516e+000
      vertex  3.655525e+001 -8.625000e+000  1.722000e+000
    endloop
  endfacet
  facet normal  8.273392e-001  -0.000000e+000  5.617025e-001
    outer loop
      vertex  3.678998e+001 -8.625000e+000  1.722000e+000
      vertex  3.678998e+001 -5.472500e+001  1.722000e+000
      vertex  3.701193e+001 -8.625000e+000  1.395086e+000
    endloop
  endfacet
  facet normal  8.273401e-001  0.000000e+000  5.617013e-001
    outer loop
      vertex  3.716782e+001 -5.526709e+001  1.165465e+000
      vertex  3.716782e+001 -8.082913e+000  1.165465e+000
      vertex  3.701193e+001 -5.472500e+001  1.395086e+000
    endloop
  endfacet
  facet normal  8.273401e-001  -0.000000e+000  5.617013e-001
    outer loop
      vertex  3.701193e+001 -5.472500e+001  1.395086e+000
      vertex  3.716782e+001 -8.082913e+000  1.165465e+000
      vertex  3.701193e+001 -8.625000e+000  1.395086e+000
    endloop
  endfacet
  facet normal  8.273392e-001  0.000000e+000  5.617025e-001
    outer loop
      vertex  3.701193e+001 -5.472500e+001  1.395086e+000
      vertex  3.701193e+001 -8.625000e+000  1.395086e+000
      vertex  3.678998e+001 -5.472500e+001  1.722000e+000
    endloop
  endfacet
  facet normal  7.212237e-001 -3.978985e-010 -6.927023e-001
    outer loop
      vertex  3.700151e+001 -5.761646e+001 -1.465970e-001
      vertex  3.700151e+001 -5.733538e+000 -1.465970e-001
      vertex  3.711689e+001 -5.758238e+001 -2.646307e-002
    endloop
  endfacet
  facet normal  7.212238e-001  4.233232e-010 -6.927022e-001
    outer loop
      vertex  3.711689e+001 -5.758238e+001 -2.646307e-002
      vertex  3.700151e+001 -5.733538e+000 -1.465970e-001
      vertex  3.711689e+001 -5.767620e+000 -2.646304e-002
    endloop
  endfacet
  facet normal  8.520737e-001  3.198729e-010 -5.234219e-001
    outer loop
      vertex  3.711689e+001 -5.758238e+001 -2.646307e-002
      vertex  3.711689e+001 -5.767620e+000 -2.646304e-002
      vertex  3.725363e+001 -5.739254e+001  1.961249e-001
    endloop
  endfacet
  facet normal  8.520737e-001  4.549187e-010 -5.234219e-001
    outer loop
      vertex  3.725363e+001 -5.739254e+001  1.961249e-001
      vertex  3.711689e+001 -5.767620e+000 -2.646304e-002
      vertex  3.725363e+001 -5.957456e+000  1.961250e-001
    endloop
  endfacet
  facet normal  9.944745e-001  9.124004e-011 -1.049793e-001
    outer loop
      vertex  3.725363e+001 -5.739254e+001  1.961249e-001
      vertex  3.725363e+001 -5.957456e+000  1.961250e-001
      vertex  3.731861e+001 -5.630276e+001  8.117521e-001
    endloop
  endfacet
  facet normal  9.772245e-001 -1.333417e-003 -2.122037e-001
    outer loop
      vertex  3.731861e+001 -5.630276e+001  8.117521e-001
      vertex  3.725363e+001 -5.957456e+000  1.961250e-001
      vertex  3.734048e+001 -6.585075e+000  6.000202e-001
    endloop
  endfacet
  facet normal  9.212131e-001  1.251790e-003  3.890565e-001
    outer loop
      vertex  3.731861e+001 -5.630276e+001  8.117521e-001
      vertex  3.734048e+001 -6.585075e+000  6.000202e-001
      vertex  3.716782e+001 -5.526709e+001  1.165465e+000
    endloop
  endfacet
  facet normal  9.564091e-001  -0.000000e+000  2.920304e-001
    outer loop
      vertex  3.716782e+001 -5.526709e+001  1.165465e+000
      vertex  3.734048e+001 -6.585075e+000  6.000202e-001
      vertex  3.716782e+001 -8.082913e+000  1.165465e+000
    endloop
  endfacet
  facet normal  9.379762e-001 -1.343668e-001  3.196031e-001
    outer loop
      vertex  3.716782e+001 -8.082913e+000  1.165465e+000
      vertex  3.709874e+001 -7.955020e+000  1.421994e+000
      vertex  3.701193e+001 -8.625000e+000  1.395086e+000
    endloop
  endfacet
  facet normal  9.387739e-001 -1.343756e-001  3.172488e-001
    outer loop
      vertex  3.701193e+001 -8.625000e+000  1.395086e+000
      vertex  3.709874e+001 -7.955020e+000  1.421994e+000
      vertex  3.690565e+001 -8.625000e+000  1.709561e+000
    endloop
  endfacet
  facet normal  9.062231e-001 -3.578273e-001 -2.252094e-001
    outer loop
      vertex  3.709874e+001 -7.955020e+000  1.421994e+000
      vertex  3.719753e+001 -7.871604e+000  1.686978e+000
      vertex  3.690565e+001 -8.625000e+000  1.709561e+000
    endloop
  endfacet
  facet normal  9.085616e-001 -3.584153e-001 -2.146025e-001
    outer loop
      vertex  3.690565e+001 -8.625000e+000  1.709561e+000
      vertex  3.719753e+001 -7.871604e+000  1.686978e+000
      vertex  3.697293e+001 -8.625000e+000  1.994404e+000
    endloop
  endfacet
  facet normal  0.000000e+000  0.000000e+000  1.000000e+000
    outer loop
      vertex  3.715913e+001 -7.573682e+001  6.500000e+000
      vertex  3.785428e+001 -7.573682e+001  6.500000e+000
      vertex  3.715913e+001 -5.546047e+001  6.500000e+000
    endloop
  endfacet
  facet normal  0.000000e+000  0.000000e+000  1.000000e+000
    outer loop
      vertex  3.715913e+001 -5.546047e+001  6.500000e+000
      vertex  3.785428e+001 -7.573682e+001  6.500000e+000
      vertex  3.785428e+001 -5.650703e+001  6.500000e+000
    endloop
  endfacet
  facet normal  0.000000e+000  0.000000e+000  1.000000e+000
    outer loop
      vertex  3.715913e+001 -5.546047e+001  6.500000e+000
      vertex  3.785428e+001 -5.650703e+001  6.500000e+000
      vertex  3.736626e+001 -5.546047e+001  6.500000e+000
    endloop
  endfacet
  facet normal  3.635045e-001  -0.000000e+000  9.315924e-001
    outer loop
      vertex  3.785428e+001 -5.650703e+001  6.500000e+000
      vertex  3.785428e+001 -7.573682e+001  6.500000e+000
      vertex  3.853156e+001 -5.723324e+001  6.235729e+000
    endloop
  endfacet
  facet normal  3.303196e-001  1.389978e-003  9.438682e-001
    outer loop
      vertex  3.853156e+001 -5.723324e+001  6.235729e+000
      vertex  3.785428e+001 -7.573682e+001  6.500000e+000
      vertex  3.847784e+001 -7.573682e+001  6.281777e+000
    endloop
  endfacet
  facet normal  8.307918e-001 -1.026779e-003  5.565825e-001
    outer loop
      vertex  3.853156e+001 -5.723324e+001  6.235729e+000
      vertex  3.847784e+001 -7.573682e+001  6.281777e+000
      vertex  3.879278e+001 -5.751333e+001  5.845299e+000
    endloop
  endfacet
  facet normal  8.467915e-001 -1.893948e-003  5.319216e-001
    outer loop
      vertex  3.879278e+001 -5.751333e+001  5.845299e+000
      vertex  3.847784e+001 -7.573682e+001  6.281777e+000
      vertex  3.882925e+001 -7.573682e+001  5.722351e+000
    endloop
  endfacet
  facet normal  9.587063e-001  -0.000000e+000  2.843983e-001
    outer loop
      vertex  3.879278e+001 -5.751333e+001  5.845299e+000
      vertex  3.882925e+001 -7.573682e+001  5.722351e+000
      vertex  3.882925e+001 -5.755244e+001  5.722351e+000
    endloop
  endfacet
  facet normal  9.654152e-001  1.215460e-003  2.607145e-001
    outer loop
      vertex  3.882013e+001 -7.636134e+001  5.761709e+000
      vertex  3.873840e+001 -7.771636e+001  6.070683e+000
      vertex  3.878203e+001 -7.883241e+001  5.914317e+000
    endloop
  endfacet
  facet normal  9.937221e-001  0.000000e+000  1.118768e-001
    outer loop
      vertex  3.897500e+001 -7.737500e+001  4.427774e+000
      vertex  3.897500e+001 -5.783816e+001  4.427774e+000
      vertex  3.882925e+001 -5.755244e+001  5.722351e+000
    endloop
  endfacet
  facet normal  9.937221e-001  0.000000e+000  1.118768e-001
    outer loop
      vertex  3.897500e+001 -7.737500e+001  4.427774e+000
      vertex  3.882925e+001 -5.755244e+001  5.722351e+000
      vertex  3.882925e+001 -7.573682e+001  5.722351e+000
    endloop
  endfacet
  facet normal  9.926897e-001 -6.904065e-003  1.204971e-001
    outer loop
      vertex  3.897500e+001 -7.737500e+001  4.427774e+000
      vertex  3.882925e+001 -7.573682e+001  5.722351e+000
      vertex  3.882013e+001 -7.636134e+001  5.761709e+000
    endloop
  endfacet
  facet normal  9.925993e-001 -7.820783e-003  1.211832e-001
    outer loop
      vertex  3.897500e+001 -7.737500e+001  4.427774e+000
      vertex  3.882013e+001 -7.636134e+001  5.761709e+000
      vertex  3.878203e+001 -7.883241e+001  5.914317e+000
    endloop
  endfacet
  facet normal  7.712067e-001  4.233447e-002  6.351756e-001
    outer loop
      vertex  3.724738e+001 -8.124756e+001  8.566924e+000
      vertex  3.728859e+001 -8.138048e+001  8.525747e+000
      vertex  3.819763e+001 -8.006399e+001  7.334273e+000
    endloop
  endfacet
  facet normal  7.881658e-001  1.266542e-002  6.153326e-001
    outer loop
      vertex  3.819763e+001 -8.006399e+001  7.334273e+000
      vertex  3.728859e+001 -8.138048e+001  8.525747e+000
      vertex  3.818982e+001 -8.023463e+001  7.347792e+000
    endloop
  endfacet
  facet normal  9.030316e-001 -7.314785e-003  4.295116e-001
    outer loop
      vertex  3.819763e+001 -8.006399e+001  7.334273e+000
      vertex  3.818982e+001 -8.023463e+001  7.347792e+000
      vertex  3.854836e+001 -7.897291e+001  6.615472e+000
    endloop
  endfacet
  facet normal  9.498772e-001 -9.752472e-002  2.970225e-001
    outer loop
      vertex  3.854836e+001 -7.897291e+001  6.615472e+000
      vertex  3.818982e+001 -8.023463e+001  7.347792e+000
      vertex  3.878203e+001 -7.883241e+001  5.914317e+000
    endloop
  endfacet
  facet normal  9.490991e-001 -7.014100e-003  3.148994e-001
    outer loop
      vertex  3.854836e+001 -7.897291e+001  6.615472e+000
      vertex  3.878203e+001 -7.883241e+001  5.914317e+000
      vertex  3.873840e+001 -7.771636e+001  6.070683e+000
    endloop
  endfacet
  facet normal -3.642404e-004  9.987502e-001  4.998049e-002
    outer loop
      vertex  3.701435e+001 -5.545750e+001  6.437982e+000
      vertex  3.708050e+001 -5.545977e+001  6.483896e+000
      vertex  3.768639e+001 -5.545564e+001  6.405756e+000
    endloop
  endfacet
  facet normal -7.714845e-004  9.989024e-001  4.683080e-002
    outer loop
      vertex  3.768639e+001 -5.545564e+001  6.405756e+000
      vertex  3.708050e+001 -5.545977e+001  6.483896e+000
      vertex  3.715913e+001 -5.546047e+001  6.500000e+000
    endloop
  endfacet
  facet normal  -0.000000e+000  9.986917e-001  5.113619e-002
    outer loop
      vertex  3.768639e+001 -5.545564e+001  6.405756e+000
      vertex  3.715913e+001 -5.546047e+001  6.500000e+000
      vertex  3.736626e+001 -5.546047e+001  6.500000e+000
    endloop
  endfacet
  facet normal  1.104935e-003  9.967537e-001  8.050390e-002
    outer loop
      vertex  3.768639e+001 -5.545564e+001  6.405756e+000
      vertex  3.784786e+001 -5.544155e+001  6.229020e+000
      vertex  3.701435e+001 -5.545750e+001  6.437982e+000
    endloop
  endfacet
  facet normal -3.230646e-003  9.979891e-001  6.330436e-002
    outer loop
      vertex  3.701435e+001 -5.545750e+001  6.437982e+000
      vertex  3.784786e+001 -5.544155e+001  6.229020e+000
      vertex  3.697167e+001 -5.545331e+001  6.369711e+000
    endloop
  endfacet
  facet normal  2.384978e-004  9.963999e-001  8.477641e-002
    outer loop
      vertex  3.784786e+001 -5.544155e+001  6.229020e+000
      vertex  3.697793e+001 -5.544017e+001  6.215326e+000
      vertex  3.697167e+001 -5.545331e+001  6.369711e+000
    endloop
  endfacet
  facet normal -4.101448e-002  9.957016e-001  8.304328e-002
    outer loop
      vertex  3.697167e+001 -5.545331e+001  6.369711e+000
      vertex  3.697793e+001 -5.544017e+001  6.215326e+000
      vertex  3.695937e+001 -5.544719e+001  6.290225e+000
    endloop
  endfacet
  facet normal -3.706050e-004  9.923978e-001  1.230709e-001
    outer loop
      vertex  3.784786e+001 -5.544155e+001  6.229020e+000
      vertex  3.789588e+001 -5.541313e+001  6.000000e+000
      vertex  3.697793e+001 -5.544017e+001  6.215326e+000
    endloop
  endfacet
  facet normal  4.734258e-002  9.460144e-001  3.206483e-001
    outer loop
      vertex  3.697793e+001 -5.544017e+001  6.215326e+000
      vertex  3.789588e+001 -5.541313e+001  6.000000e+000
      vertex  3.737500e+001 -5.485416e+001  4.427774e+000
    endloop
  endfacet
  facet normal  4.792615e-001  8.649764e-001  1.487427e-001
    outer loop
      vertex  3.789588e+001 -5.541313e+001  6.000000e+000
      vertex  3.782257e+001 -5.525592e+001  5.322000e+000
      vertex  3.737500e+001 -5.485416e+001  4.427774e+000
    endloop
  endfacet
  facet normal  1.349875e-001  9.273241e-001  3.490676e-001
    outer loop
      vertex  3.737500e+001 -5.485416e+001  4.427774e+000
      vertex  3.782257e+001 -5.525592e+001  5.322000e+000
      vertex  3.770958e+001 -5.501362e+001  4.722000e+000
    endloop
  endfacet
  facet normal -6.372342e-002  8.452520e-001  5.305548e-001
    outer loop
      vertex  3.737500e+001 -5.485416e+001  4.427774e+000
      vertex  3.770958e+001 -5.501362e+001  4.722000e+000
      vertex  3.737500e+001 -5.472500e+001  4.222000e+000
    endloop
  endfacet
  facet normal  -0.000000e+000  8.660667e-001  4.999283e-001
    outer loop
      vertex  3.737500e+001 -5.472500e+001  4.222000e+000
      vertex  3.770958e+001 -5.501362e+001  4.722000e+000
      vertex  3.757500e+001 -5.472500e+001  4.222000e+000
    endloop
  endfacet
  facet normal  1.000000e+000  -0.000000e+000  0.000000e+000
    outer loop
      vertex  3.897500e+001 -5.783816e+001  4.427774e+000
      vertex  3.897500e+001 -7.737500e+001  4.427774e+000
      vertex  3.897500e+001 -5.783816e+001  4.222000e+000
    endloop
  endfacet
  facet normal  1.000000e+000  0.000000e+000  0.000000e+000
    outer loop
      vertex  3.897500e+001 -5.783816e+001  4.222000e+000
      vertex  3.897500e+001 -7.737500e+001  4.427774e+000
      vertex  3.897500e+001 -7.737500e+001  4.222000e+000
    endloop
  endfacet
  facet normal  9.063073e-001  4.226191e-001  2.708243e-007
    outer loop
      vertex  3.789588e+001 -5.541313e+001  6.000000e+000
      vertex  3.830744e+001 -5.629572e+001  6.000000e+000
      vertex  3.782257e+001 -5.525592e+001  5.322000e+000
    endloop
  endfacet
  facet normal  9.063075e-001  4.226189e-001 -5.876884e-008
    outer loop
      vertex  3.830744e+001 -5.629572e+001  6.000000e+000
      vertex  3.770958e+001 -5.501362e+001  4.722000e+000
      vertex  3.782257e+001 -5.525592e+001  5.322000e+000
    endloop
  endfacet
  facet normal  9.063018e-001  4.226311e-001  1.483493e-005
    outer loop
      vertex  3.757500e+001 -5.472500e+001  4.222000e+000
      vertex  3.770958e+001 -5.501362e+001  4.722000e+000
      vertex  3.830744e+001 -5.629572e+001  6.000000e+000
    endloop
  endfacet
  facet normal  9.063077e-001  4.226184e-001  1.153390e-006
    outer loop
      vertex  3.757500e+001 -5.472500e+001  4.222000e+000
      vertex  3.830744e+001 -5.629572e+001  6.000000e+000
      vertex  3.864608e+001 -5.702193e+001  5.867865e+000
    endloop
  endfacet
  facet normal  9.063067e-001  4.226207e-001  5.096917e-006
    outer loop
      vertex  3.757500e+001 -5.472500e+001  4.222000e+000
      vertex  3.864608e+001 -5.702193e+001  5.867865e+000
      vertex  3.875246e+001 -5.725006e+001  5.727945e+000
    endloop
  endfacet
  facet normal  9.063087e-001  4.226167e-001 -3.266886e-006
    outer loop
      vertex  3.757500e+001 -5.472500e+001  4.222000e+000
      vertex  3.875246e+001 -5.725006e+001  5.727945e+000
      vertex  3.879492e+001 -5.734113e+001  5.611176e+000
    endloop
  endfacet
  facet normal  9.063078e-001  4.226181e-001  1.082616e-007
    outer loop
      vertex  3.757500e+001 -5.472500e+001  4.222000e+000
      vertex  3.879492e+001 -5.734113e+001  5.611176e+000
      vertex  3.892815e+001 -5.762685e+001  4.427774e+000
    endloop
  endfacet
  facet normal  9.063078e-001  4.226181e-001  0.000000e+000
    outer loop
      vertex  3.757500e+001 -5.472500e+001  4.222000e+000
      vertex  3.892815e+001 -5.762685e+001  4.427774e+000
      vertex  3.892815e+001 -5.762685e+001  4.222000e+000
    endloop
  endfacet
  facet normal  8.930815e-001  4.164506e-001 -1.702181e-001
    outer loop
      vertex  3.892815e+001 -5.762685e+001  4.222000e+000
      vertex  3.852327e+001 -5.762685e+001  2.097717e+000
      vertex  3.757500e+001 -5.472500e+001  4.222000e+000
    endloop
  endfacet
  facet normal  8.612077e-001  4.518211e-001 -2.327639e-001
    outer loop
      vertex  3.852327e+001 -5.762685e+001  2.097717e+000
      vertex  3.697293e+001 -5.472500e+001  1.994404e+000
      vertex  3.757500e+001 -5.472500e+001  4.222000e+000
    endloop
  endfacet
  facet normal  8.035105e-001  4.140556e-001 -4.277018e-001
    outer loop
      vertex  3.697293e+001 -5.472500e+001  1.994404e+000
      vertex  3.852327e+001 -5.762685e+001  2.097717e+000
      vertex  3.719753e+001 -5.547839e+001  1.686978e+000
    endloop
  endfacet
  facet normal  7.917427e-001  4.003585e-001 -4.613638e-001
    outer loop
      vertex  3.852327e+001 -5.762685e+001  2.097717e+000
      vertex  3.748196e+001 -5.697623e+001  8.753105e-001
      vertex  3.719753e+001 -5.547839e+001  1.686978e+000
    endloop
  endfacet
  facet normal  7.982117e-001  3.267879e-001 -5.060315e-001
    outer loop
      vertex  3.748196e+001 -5.697623e+001  8.753105e-001
      vertex  3.852327e+001 -5.762685e+001  2.097717e+000
      vertex  3.736540e+001 -5.762685e+001  2.712903e-001
    endloop
  endfacet
  facet normal  9.589453e-001  4.393452e-002  2.801671e-001
    outer loop
      vertex  3.709874e+001 -5.539498e+001  1.421992e+000
      vertex  3.731861e+001 -5.630276e+001  8.117521e-001
      vertex  3.716782e+001 -5.526709e+001  1.165465e+000
    endloop
  endfacet
  facet normal  7.166393e-001  2.996473e-002 -6.967999e-001
    outer loop
      vertex  3.700151e+001 -5.761646e+001 -1.465970e-001
      vertex  3.711689e+001 -5.758238e+001 -2.646307e-002
      vertex  3.716791e+001 -5.766275e+001  2.255102e-002
    endloop
  endfacet
  facet normal  7.887794e-001  1.349909e-001 -5.996703e-001
    outer loop
      vertex  3.716791e+001 -5.766275e+001  2.255102e-002
      vertex  3.711689e+001 -5.758238e+001 -2.646307e-002
      vertex  3.725363e+001 -5.739254e+001  1.961249e-001
    endloop
  endfacet
  facet normal  7.613514e-001  1.617807e-001 -6.278304e-001
    outer loop
      vertex  3.716791e+001 -5.766275e+001  2.255102e-002
      vertex  3.725363e+001 -5.739254e+001  1.961249e-001
      vertex  3.736540e+001 -5.762685e+001  2.712903e-001
    endloop
  endfacet
  facet normal  8.313065e-001  2.349722e-001 -5.037039e-001
    outer loop
      vertex  3.736540e+001 -5.762685e+001  2.712903e-001
      vertex  3.725363e+001 -5.739254e+001  1.961249e-001
      vertex  3.731861e+001 -5.630276e+001  8.117521e-001
    endloop
  endfacet
  facet normal  9.085405e-001  1.850051e-001 -3.746029e-001
    outer loop
      vertex  3.736540e+001 -5.762685e+001  2.712903e-001
      vertex  3.731861e+001 -5.630276e+001  8.117521e-001
      vertex  3.748196e+001 -5.697623e+001  8.753105e-001
    endloop
  endfacet
  facet normal  9.718331e-001  2.356699e-001 -4.105775e-004
    outer loop
      vertex  3.748196e+001 -5.697623e+001  8.753105e-001
      vertex  3.731861e+001 -5.630276e+001  8.117521e-001
      vertex  3.709874e+001 -5.539498e+001  1.421992e+000
    endloop
  endfacet
  facet normal  9.191712e-001  3.077446e-001 -2.457999e-001
    outer loop
      vertex  3.748196e+001 -5.697623e+001  8.753105e-001
      vertex  3.709874e+001 -5.539498e+001  1.421992e+000
      vertex  3.719753e+001 -5.547839e+001  1.686978e+000
    endloop
  endfacet
  facet normal  8.622746e-001  3.325945e-001  3.819208e-001
    outer loop
      vertex  3.830744e+001 -5.629572e+001  6.000000e+000
      vertex  3.817471e+001 -5.635761e+001  6.353553e+000
      vertex  3.864608e+001 -5.702193e+001  5.867865e+000
    endloop
  endfacet
  facet normal  3.999442e-001  3.977634e-002  9.156759e-001
    outer loop
      vertex  3.785428e+001 -5.650703e+001  6.500000e+000
      vertex  3.853156e+001 -5.723324e+001  6.235729e+000
      vertex  3.817471e+001 -5.635761e+001  6.353553e+000
    endloop
  endfacet
  facet normal  9.455469e-001  2.580087e-001  1.984252e-001
    outer loop
      vertex  3.882925e+001 -5.755244e+001  5.722351e+000
      vertex  3.879492e+001 -5.734113e+001  5.611176e+000
      vertex  3.879278e+001 -5.751333e+001  5.845299e+000
    endloop
  endfacet
  facet normal  9.588970e-001  2.243219e-001  1.737706e-001
    outer loop
      vertex  3.879278e+001 -5.751333e+001  5.845299e+000
      vertex  3.879492e+001 -5.734113e+001  5.611176e+000
      vertex  3.875246e+001 -5.725006e+001  5.727945e+000
    endloop
  endfacet
  facet normal  8.782431e-001  3.003785e-001  3.721048e-001
    outer loop
      vertex  3.879278e+001 -5.751333e+001  5.845299e+000
      vertex  3.875246e+001 -5.725006e+001  5.727945e+000
      vertex  3.853156e+001 -5.723324e+001  6.235729e+000
    endloop
  endfacet
  facet normal  9.035485e-001  1.839979e-001  3.869689e-001
    outer loop
      vertex  3.853156e+001 -5.723324e+001  6.235729e+000
      vertex  3.875246e+001 -5.725006e+001  5.727945e+000
      vertex  3.864608e+001 -5.702193e+001  5.867865e+000
    endloop
  endfacet
  facet normal  8.538898e-001  2.898168e-001  4.322942e-001
    outer loop
      vertex  3.853156e+001 -5.723324e+001  6.235729e+000
      vertex  3.864608e+001 -5.702193e+001  5.867865e+000
      vertex  3.817471e+001 -5.635761e+001  6.353553e+000
    endloop
  endfacet
  facet normal  9.786168e-001  1.943793e-001  6.727554e-002
    outer loop
      vertex  3.882925e+001 -5.755244e+001  5.722351e+000
      vertex  3.897500e+001 -5.783816e+001  4.427774e+000
      vertex  3.879492e+001 -5.734113e+001  5.611176e+000
    endloop
  endfacet
  facet normal  9.746791e-001  2.160714e-001  5.756566e-002
    outer loop
      vertex  3.879492e+001 -5.734113e+001  5.611176e+000
      vertex  3.897500e+001 -5.783816e+001  4.427774e+000
      vertex  3.892815e+001 -5.762685e+001  4.427774e+000
    endloop
  endfacet
  facet normal  9.762981e-001  2.164303e-001  -0.000000e+000
    outer loop
      vertex  3.897500e+001 -5.783816e+001  4.427774e+000
      vertex  3.897500e+001 -5.783816e+001  4.222000e+000
      vertex  3.892815e+001 -5.762685e+001  4.427774e+000
    endloop
  endfacet
  facet normal  9.762981e-001  2.164303e-001  0.000000e+000
    outer loop
      vertex  3.892815e+001 -5.762685e+001  4.427774e+000
      vertex  3.897500e+001 -5.783816e+001  4.222000e+000
      vertex  3.892815e+001 -5.762685e+001  4.222000e+000
    endloop
  endfacet
  facet normal  9.598224e-001  2.127779e-001 -1.829386e-001
    outer loop
      vertex  3.892815e+001 -5.762685e+001  4.222000e+000
      vertex  3.897500e+001 -5.783816e+001  4.222000e+000
      vertex  3.852327e+001 -5.762685e+001  2.097717e+000
    endloop
  endfacet
  facet normal  9.598225e-001  2.127770e-001 -1.829387e-001
    outer loop
      vertex  3.852327e+001 -5.762685e+001  2.097717e+000
      vertex  3.897500e+001 -5.783816e+001  4.222000e+000
      vertex  3.856683e+001 -5.783816e+001  2.080486e+000
    endloop
  endfacet
  facet normal  8.252406e-001  2.127781e-001 -5.231666e-001
    outer loop
      vertex  3.852327e+001 -5.762685e+001  2.097717e+000
      vertex  3.856683e+001 -5.783816e+001  2.080486e+000
      vertex  3.736540e+001 -5.762685e+001  2.712903e-001
    endloop
  endfacet
  facet normal  8.252404e-001  2.127800e-001 -5.231663e-001
    outer loop
      vertex  3.736540e+001 -5.762685e+001  2.712903e-001
      vertex  3.856683e+001 -5.783816e+001  2.080486e+000
      vertex  3.739957e+001 -5.783816e+001  2.392434e-001
    endloop
  endfacet
  facet normal  7.172630e-001  8.396905e-002 -6.917247e-001
    outer loop
      vertex  3.739957e+001 -5.783816e+001  2.392434e-001
      vertex  3.713844e+001 -5.776011e+001 -2.204691e-002
      vertex  3.700151e+001 -5.761646e+001 -1.465970e-001
    endloop
  endfacet
  facet normal  7.237063e-001  1.152063e-001 -6.804239e-001
    outer loop
      vertex  3.739957e+001 -5.783816e+001  2.392434e-001
      vertex  3.700151e+001 -5.761646e+001 -1.465970e-001
      vertex  3.716791e+001 -5.766275e+001  2.255102e-002
    endloop
  endfacet
  facet normal  7.492389e-001  2.160946e-001 -6.260544e-001
    outer loop
      vertex  3.739957e+001 -5.783816e+001  2.392434e-001
      vertex  3.716791e+001 -5.766275e+001  2.255102e-002
      vertex  3.736540e+001 -5.762685e+001  2.712903e-001
    endloop
  endfacet
  facet normal  8.373200e-001  3.904496e-001  3.826803e-001
    outer loop
      vertex  3.830744e+001 -5.629572e+001  6.000000e+000
      vertex  3.789588e+001 -5.541313e+001  6.000000e+000
      vertex  3.817471e+001 -5.635761e+001  6.353553e+000
    endloop
  endfacet
  facet normal  9.052372e-001  3.547805e-001  2.338298e-001
    outer loop
      vertex  3.817471e+001 -5.635761e+001  6.353553e+000
      vertex  3.789588e+001 -5.541313e+001  6.000000e+000
      vertex  3.784786e+001 -5.544155e+001  6.229020e+000
    endloop
  endfacet
  facet normal  6.830173e-001  3.321378e-001  6.505167e-001
    outer loop
      vertex  3.817471e+001 -5.635761e+001  6.353553e+000
      vertex  3.784786e+001 -5.544155e+001  6.229020e+000
      vertex  3.768639e+001 -5.545564e+001  6.405756e+000
    endloop
  endfacet
  facet normal  2.797722e-001  9.618363e-002  9.552363e-001
    outer loop
      vertex  3.768639e+001 -5.545564e+001  6.405756e+000
      vertex  3.736626e+001 -5.546047e+001  6.500000e+000
      vertex  3.817471e+001 -5.635761e+001  6.353553e+000
    endloop
  endfacet
  facet normal  3.468273e-001  1.617282e-001  9.238803e-001
    outer loop
      vertex  3.817471e+001 -5.635761e+001  6.353553e+000
      vertex  3.736626e+001 -5.546047e+001  6.500000e+000
      vertex  3.785428e+001 -5.650703e+001  6.500000e+000
    endloop
  endfacet
  facet normal  -0.000000e+000  0.000000e+000  1.000000e+000
    outer loop
      vertex  3.785428e+001  7.573682e+001  6.500000e+000
      vertex  3.715913e+001  7.573682e+001  6.500000e+000
      vertex  3.785428e+001 -6.842973e+000  6.500000e+000
    endloop
  endfacet
  facet normal  0.000000e+000  0.000000e+000  1.000000e+000
    outer loop
      vertex  3.785428e+001 -6.842973e+000  6.500000e+000
      vertex  3.715913e+001  7.573682e+001  6.500000e+000
      vertex  3.715913e+001 -7.889530e+000  6.500000e+000
    endloop
  endfacet
  facet normal  0.000000e+000  0.000000e+000  9.999999e-001
    outer loop
      vertex  3.785428e+001 -6.842973e+000  6.500000e+000
      vertex  3.715913e+001 -7.889530e+000  6.500000e+000
      vertex  3.736626e+001 -7.889530e+000  6.500000e+000
    endloop
  endfacet
  facet normal  3.303205e-001  -0.000000e+000  9.438689e-001
    outer loop
      vertex  3.785428e+001  7.573682e+001  6.500000e+000
      vertex  3.785428e+001 -6.842973e+000  6.500000e+000
      vertex  3.847784e+001  7.573682e+001  6.281777e+000
    endloop
  endfacet
  facet normal  3.039559e-001  2.223786e-004  9.526861e-001
    outer loop
      vertex  3.847784e+001  7.573682e+001  6.281777e+000
      vertex  3.785428e+001 -6.842973e+000  6.500000e+000
      vertex  3.843381e+001 -6.221579e+000  6.314957e+000
    endloop
  endfacet
  facet normal  8.467928e-001 -2.396069e-004  5.319228e-001
    outer loop
      vertex  3.847784e+001  7.573682e+001  6.281777e+000
      vertex  3.843381e+001 -6.221579e+000  6.314957e+000
      vertex  3.882925e+001  7.573682e+001  5.722351e+000
    endloop
  endfacet
  facet normal  7.163820e-001  1.588323e-003  6.977064e-001
    outer loop
      vertex  3.882925e+001  7.573682e+001  5.722351e+000
      vertex  3.843381e+001 -6.221579e+000  6.314957e+000
      vertex  3.868558e+001 -5.951615e+000  6.055833e+000
    endloop
  endfacet
  facet normal  9.183934e-001  0.000000e+000  3.956686e-001
    outer loop
      vertex  3.882925e+001  7.573682e+001  5.722351e+000
      vertex  3.868558e+001 -5.951615e+000  6.055833e+000
      vertex  3.882925e+001 -5.797563e+000  5.722351e+000
    endloop
  endfacet
  facet normal  9.937220e-001  0.000000e+000  1.118768e-001
    outer loop
      vertex  3.897500e+001 -5.511843e+000  4.427774e+000
      vertex  3.882925e+001  7.573682e+001  5.722351e+000
      vertex  3.882925e+001 -5.797563e+000  5.722351e+000
    endloop
  endfacet
  facet normal  9.925995e-001  7.821918e-003  1.211821e-001
    outer loop
      vertex  3.897500e+001  7.737500e+001  4.427774e+000
      vertex  3.878203e+001  7.883241e+001  5.914317e+000
      vertex  3.882013e+001  7.636134e+001  5.761700e+000
    endloop
  endfacet
  facet normal  9.926903e-001  6.900158e-003  1.204922e-001
    outer loop
      vertex  3.897500e+001  7.737500e+001  4.427774e+000
      vertex  3.882013e+001  7.636134e+001  5.761700e+000
      vertex  3.882925e+001  7.573682e+001  5.722351e+000
    endloop
  endfacet
  facet normal  9.937220e-001  0.000000e+000  1.118768e-001
    outer loop
      vertex  3.897500e+001  7.737500e+001  4.427774e+000
      vertex  3.882925e+001  7.573682e+001  5.722351e+000
      vertex  3.897500e+001 -5.511843e+000  4.427774e+000
    endloop
  endfacet
  facet normal  7.726674e-001 -4.335544e-002  6.333287e-001
    outer loop
      vertex  3.728858e+001  8.138048e+001  8.525751e+000
      vertex  3.724738e+001  8.124756e+001  8.566924e+000
      vertex  3.818982e+001  8.023463e+001  7.347792e+000
    endloop
  endfacet
  facet normal  7.596160e-001 -7.129402e-002  6.464524e-001
    outer loop
      vertex  3.818982e+001  8.023463e+001  7.347792e+000
      vertex  3.724738e+001  8.124756e+001  8.566924e+000
      vertex  3.824006e+001  7.996803e+001  7.259360e+000
    endloop
  endfacet
  facet normal  9.446962e-001  7.187377e-002  3.199738e-001
    outer loop
      vertex  3.818982e+001  8.023463e+001  7.347792e+000
      vertex  3.824006e+001  7.996803e+001  7.259360e+000
      vertex  3.878203e+001  7.883241e+001  5.914317e+000
    endloop
  endfacet
  facet normal  9.468960e-001  8.443253e-002  3.102567e-001
    outer loop
      vertex  3.878203e+001  7.883241e+001  5.914317e+000
      vertex  3.824006e+001  7.996803e+001  7.259360e+000
      vertex  3.858224e+001  7.881073e+001  6.529951e+000
    endloop
  endfacet
  facet normal  9.512054e-001 -4.387065e-003  3.085270e-001
    outer loop
      vertex  3.878203e+001  7.883241e+001  5.914317e+000
      vertex  3.858224e+001  7.881073e+001  6.529951e+000
      vertex  3.882013e+001  7.636134e+001  5.761700e+000
    endloop
  endfacet
  facet normal  1.000000e+000  -0.000000e+000  0.000000e+000
    outer loop
      vertex  3.897500e+001  7.737500e+001  4.427774e+000
      vertex  3.897500e+001 -5.511843e+000  4.427774e+000
      vertex  3.897500e+001  7.737500e+001  4.222000e+000
    endloop
  endfacet
  facet normal  1.000000e+000  0.000000e+000  0.000000e+000
    outer loop
      vertex  3.897500e+001  7.737500e+001  4.222000e+000
      vertex  3.897500e+001 -5.511843e+000  4.427774e+000
      vertex  3.897500e+001 -5.511843e+000  4.222000e+000
    endloop
  endfacet
  facet normal  0.000000e+000 -9.986914e-001  5.114122e-002
    outer loop
      vertex  3.736626e+001 -7.889530e+000  6.500000e+000
      vertex  3.715913e+001 -7.889530e+000  6.500000e+000
      vertex  3.768639e+001 -7.894356e+000  6.405756e+000
    endloop
  endfacet
  facet normal -7.719671e-004 -9.989023e-001  4.683315e-002
    outer loop
      vertex  3.768639e+001 -7.894356e+000  6.405756e+000
      vertex  3.715913e+001 -7.889530e+000  6.500000e+000
      vertex  3.708050e+001 -7.890224e+000  6.483896e+000
    endloop
  endfacet
  facet normal -3.637754e-004 -9.987496e-001  4.999016e-002
    outer loop
      vertex  3.768639e+001 -7.894356e+000  6.405756e+000
      vertex  3.708050e+001 -7.890224e+000  6.483896e+000
      vertex  3.701435e+001 -7.892498e+000  6.437982e+000
    endloop
  endfacet
  facet normal  1.105071e-003 -9.967534e-001  8.050669e-002
    outer loop
      vertex  3.768639e+001 -7.894356e+000  6.405756e+000
      vertex  3.701435e+001 -7.892498e+000  6.437982e+000
      vertex  3.784786e+001 -7.908452e+000  6.229020e+000
    endloop
  endfacet
  facet normal -3.228116e-003 -9.979883e-001  6.331668e-002
    outer loop
      vertex  3.784786e+001 -7.908452e+000  6.229020e+000
      vertex  3.701435e+001 -7.892498e+000  6.437982e+000
      vertex  3.697167e+001 -7.896692e+000  6.369711e+000
    endloop
  endfacet
  facet normal  2.390443e-004 -9.963999e-001  8.477643e-002
    outer loop
      vertex  3.784786e+001 -7.908452e+000  6.229020e+000
      vertex  3.697167e+001 -7.896692e+000  6.369711e+000
      vertex  3.697793e+001 -7.909826e+000  6.215326e+000
    endloop
  endfacet
  facet normal -4.101446e-002 -9.957016e-001  8.304328e-002
    outer loop
      vertex  3.697793e+001 -7.909826e+000  6.215326e+000
      vertex  3.697167e+001 -7.896692e+000  6.369711e+000
      vertex  3.695937e+001 -7.902814e+000  6.290225e+000
    endloop
  endfacet
  facet normal -3.701602e-004 -9.923971e-001  1.230771e-001
    outer loop
      vertex  3.784786e+001 -7.908452e+000  6.229020e+000
      vertex  3.697793e+001 -7.909826e+000  6.215326e+000
      vertex  3.789588e+001 -7.936873e+000  6.000000e+000
    endloop
  endfacet
  facet normal  4.734162e-002 -9.460145e-001  3.206485e-001
    outer loop
      vertex  3.789588e+001 -7.936873e+000  6.000000e+000
      vertex  3.697793e+001 -7.909826e+000  6.215326e+000
      vertex  3.737500e+001 -8.495840e+000  4.427774e+000
    endloop
  endfacet
  facet normal  4.792582e-001 -8.649778e-001  1.487439e-001
    outer loop
      vertex  3.789588e+001 -7.936873e+000  6.000000e+000
      vertex  3.737500e+001 -8.495840e+000  4.427774e+000
      vertex  3.782257e+001 -8.094081e+000  5.322000e+000
    endloop
  endfacet
  facet normal  1.349843e-001 -9.273244e-001  3.490683e-001
    outer loop
      vertex  3.782257e+001 -8.094081e+000  5.322000e+000
      vertex  3.737500e+001 -8.495840e+000  4.427774e+000
      vertex  3.770958e+001 -8.336383e+000  4.722000e+000
    endloop
  endfacet
  facet normal -6.371921e-002 -8.452557e-001  5.305493e-001
    outer loop
      vertex  3.737500e+001 -8.495840e+000  4.427774e+000
      vertex  3.737500e+001 -8.625000e+000  4.222000e+000
      vertex  3.770958e+001 -8.336383e+000  4.722000e+000
    endloop
  endfacet
  facet normal  0.000000e+000 -8.660689e-001  4.999247e-001
    outer loop
      vertex  3.770958e+001 -8.336383e+000  4.722000e+000
      vertex  3.737500e+001 -8.625000e+000  4.222000e+000
      vertex  3.757500e+001 -8.625000e+000  4.222000e+000
    endloop
  endfacet
  facet normal  9.063073e-001 -4.226191e-001  5.867859e-007
    outer loop
      vertex  3.782257e+001 -8.094081e+000  5.322000e+000
      vertex  3.830744e+001 -7.054282e+000  6.000000e+000
      vertex  3.789588e+001 -7.936873e+000  6.000000e+000
    endloop
  endfacet
  facet normal  9.063076e-001 -4.226187e-001 -1.763064e-007
    outer loop
      vertex  3.782257e+001 -8.094081e+000  5.322000e+000
      vertex  3.770958e+001 -8.336383e+000  4.722000e+000
      vertex  3.830744e+001 -7.054282e+000  6.000000e+000
    endloop
  endfacet
  facet normal  9.063078e-001 -4.226181e-001  0.000000e+000
    outer loop
      vertex  3.757500e+001 -8.625000e+000  4.222000e+000
      vertex  3.892815e+001 -5.723152e+000  4.222000e+000
      vertex  3.892815e+001 -5.723152e+000  4.427774e+000
    endloop
  endfacet
  facet normal  9.063079e-001 -4.226181e-001 -7.268999e-007
    outer loop
      vertex  3.757500e+001 -8.625000e+000  4.222000e+000
      vertex  3.892815e+001 -5.723152e+000  4.427774e+000
      vertex  3.879492e+001 -6.008872e+000  5.611175e+000
    endloop
  endfacet
  facet normal  9.063031e-001 -4.226283e-001  2.262938e-005
    outer loop
      vertex  3.757500e+001 -8.625000e+000  4.222000e+000
      vertex  3.879492e+001 -6.008872e+000  5.611175e+000
      vertex  3.876661e+001 -6.069590e+000  5.697897e+000
    endloop
  endfacet
  facet normal  9.063101e-001 -4.226133e-001 -8.842528e-006
    outer loop
      vertex  3.757500e+001 -8.625000e+000  4.222000e+000
      vertex  3.876661e+001 -6.069590e+000  5.697897e+000
      vertex  3.866611e+001 -6.285099e+000  5.848356e+000
    endloop
  endfacet
  facet normal  9.063074e-001 -4.226192e-001  1.379268e-006
    outer loop
      vertex  3.757500e+001 -8.625000e+000  4.222000e+000
      vertex  3.866611e+001 -6.285099e+000  5.848356e+000
      vertex  3.830744e+001 -7.054282e+000  6.000000e+000
    endloop
  endfacet
  facet normal  9.063040e-001 -4.226263e-001  8.930629e-006
    outer loop
      vertex  3.757500e+001 -8.625000e+000  4.222000e+000
      vertex  3.830744e+001 -7.054282e+000  6.000000e+000
      vertex  3.770958e+001 -8.336383e+000  4.722000e+000
    endloop
  endfacet
  facet normal  8.930815e-001 -4.164506e-001 -1.702181e-001
    outer loop
      vertex  3.757500e+001 -8.625000e+000  4.222000e+000
      vertex  3.852327e+001 -5.723152e+000  2.097717e+000
      vertex  3.892815e+001 -5.723152e+000  4.222000e+000
    endloop
  endfacet
  facet normal  8.612077e-001 -4.518211e-001 -2.327639e-001
    outer loop
      vertex  3.757500e+001 -8.625000e+000  4.222000e+000
      vertex  3.697293e+001 -8.625000e+000  1.994404e+000
      vertex  3.852327e+001 -5.723152e+000  2.097717e+000
    endloop
  endfacet
  facet normal  8.035104e-001 -4.140554e-001 -4.277024e-001
    outer loop
      vertex  3.719753e+001 -7.871604e+000  1.686978e+000
      vertex  3.852327e+001 -5.723152e+000  2.097717e+000
      vertex  3.697293e+001 -8.625000e+000  1.994404e+000
    endloop
  endfacet
  facet normal  7.917429e-001 -4.003589e-001 -4.613632e-001
    outer loop
      vertex  3.719753e+001 -7.871604e+000  1.686978e+000
      vertex  3.748196e+001 -6.373766e+000  8.753105e-001
      vertex  3.852327e+001 -5.723152e+000  2.097717e+000
    endloop
  endfacet
  facet normal  7.982119e-001 -3.267871e-001 -5.060316e-001
    outer loop
      vertex  3.736540e+001 -5.723152e+000  2.712903e-001
      vertex  3.852327e+001 -5.723152e+000  2.097717e+000
      vertex  3.748196e+001 -6.373766e+000  8.753105e-001
    endloop
  endfacet
  facet normal  9.641408e-001 -1.103428e-002  2.651618e-001
    outer loop
      vertex  3.716782e+001 -8.082913e+000  1.165465e+000
      vertex  3.734048e+001 -6.585075e+000  6.000202e-001
      vertex  3.709874e+001 -7.955020e+000  1.421994e+000
    endloop
  endfacet
  facet normal  9.191702e-001 -3.077458e-001 -2.458016e-001
    outer loop
      vertex  3.719753e+001 -7.871604e+000  1.686978e+000
      vertex  3.709874e+001 -7.955020e+000  1.421994e+000
      vertex  3.748196e+001 -6.373766e+000  8.753105e-001
    endloop
  endfacet
  facet normal  9.216122e-001 -3.059272e-001 -2.388294e-001
    outer loop
      vertex  3.748196e+001 -6.373766e+000  8.753105e-001
      vertex  3.709874e+001 -7.955020e+000  1.421994e+000
      vertex  3.734048e+001 -6.585075e+000  6.000202e-001
    endloop
  endfacet
  facet normal  9.225435e-001 -1.605140e-001 -3.509254e-001
    outer loop
      vertex  3.748196e+001 -6.373766e+000  8.753105e-001
      vertex  3.734048e+001 -6.585075e+000  6.000202e-001
      vertex  3.736540e+001 -5.723152e+000  2.712903e-001
    endloop
  endfacet
  facet normal  8.216029e-001 -2.237278e-001 -5.243230e-001
    outer loop
      vertex  3.736540e+001 -5.723152e+000  2.712903e-001
      vertex  3.734048e+001 -6.585075e+000  6.000202e-001
      vertex  3.725363e+001 -5.957456e+000  1.961250e-001
    endloop
  endfacet
  facet normal  7.613521e-001 -1.617809e-001 -6.278296e-001
    outer loop
      vertex  3.736540e+001 -5.723152e+000  2.712903e-001
      vertex  3.725363e+001 -5.957456e+000  1.961250e-001
      vertex  3.716791e+001 -5.687247e+000  2.255102e-002
    endloop
  endfacet
  facet normal  7.887803e-001 -1.349907e-001 -5.996692e-001
    outer loop
      vertex  3.716791e+001 -5.687247e+000  2.255102e-002
      vertex  3.725363e+001 -5.957456e+000  1.961250e-001
      vertex  3.711689e+001 -5.767620e+000 -2.646304e-002
    endloop
  endfacet
  facet normal  7.166394e-001 -2.996471e-002 -6.967999e-001
    outer loop
      vertex  3.716791e+001 -5.687247e+000  2.255102e-002
      vertex  3.711689e+001 -5.767620e+000 -2.646304e-002
      vertex  3.700151e+001 -5.733538e+000 -1.465970e-001
    endloop
  endfacet
  facet normal  9.291756e-001 -2.328387e-001  2.870865e-001
    outer loop
      vertex  3.876661e+001 -6.069590e+000  5.697897e+000
      vertex  3.868558e+001 -5.951615e+000  6.055833e+000
      vertex  3.866611e+001 -6.285099e+000  5.848356e+000
    endloop
  endfacet
  facet normal  8.255910e-001 -3.320318e-001  4.562394e-001
    outer loop
      vertex  3.866611e+001 -6.285099e+000  5.848356e+000
      vertex  3.868558e+001 -5.951615e+000  6.055833e+000
      vertex  3.843381e+001 -6.221579e+000  6.314957e+000
    endloop
  endfacet
  facet normal  8.718680e-001 -1.740436e-001  4.577718e-001
    outer loop
      vertex  3.866611e+001 -6.285099e+000  5.848356e+000
      vertex  3.843381e+001 -6.221579e+000  6.314957e+000
      vertex  3.834686e+001 -6.712387e+000  6.293961e+000
    endloop
  endfacet
  facet normal  4.084300e-001 -1.111145e-001  9.060013e-001
    outer loop
      vertex  3.834686e+001 -6.712387e+000  6.293961e+000
      vertex  3.843381e+001 -6.221579e+000  6.314957e+000
      vertex  3.785428e+001 -6.842973e+000  6.500000e+000
    endloop
  endfacet
  facet normal  3.963660e-001 -4.855873e-002  9.168074e-001
    outer loop
      vertex  3.834686e+001 -6.712387e+000  6.293961e+000
      vertex  3.785428e+001 -6.842973e+000  6.500000e+000
      vertex  3.817471e+001 -6.992391e+000  6.353553e+000
    endloop
  endfacet
  facet normal  8.566074e-001 -4.975502e-001  1.366297e-001
    outer loop
      vertex  3.834686e+001 -6.712387e+000  6.293961e+000
      vertex  3.817471e+001 -6.992391e+000  6.353553e+000
      vertex  3.866611e+001 -6.285099e+000  5.848356e+000
    endloop
  endfacet
  facet normal  8.641991e-001 -3.277142e-001  3.817898e-001
    outer loop
      vertex  3.866611e+001 -6.285099e+000  5.848356e+000
      vertex  3.817471e+001 -6.992391e+000  6.353553e+000
      vertex  3.830744e+001 -7.054282e+000  6.000000e+000
    endloop
  endfacet
  facet normal  9.605420e-001 -2.346289e-001  1.493601e-001
    outer loop
      vertex  3.879492e+001 -6.008872e+000  5.611175e+000
      vertex  3.882925e+001 -5.797563e+000  5.722351e+000
      vertex  3.876661e+001 -6.069590e+000  5.697897e+000
    endloop
  endfacet
  facet normal  9.269786e-001 -2.394310e-001  2.887619e-001
    outer loop
      vertex  3.876661e+001 -6.069590e+000  5.697897e+000
      vertex  3.882925e+001 -5.797563e+000  5.722351e+000
      vertex  3.868558e+001 -5.951615e+000  6.055833e+000
    endloop
  endfacet
  facet normal  9.746786e-001 -2.160738e-001  5.756463e-002
    outer loop
      vertex  3.892815e+001 -5.723152e+000  4.427774e+000
      vertex  3.897500e+001 -5.511843e+000  4.427774e+000
      vertex  3.879492e+001 -6.008872e+000  5.611175e+000
    endloop
  endfacet
  facet normal  9.786169e-001 -1.943784e-001  6.727597e-002
    outer loop
      vertex  3.879492e+001 -6.008872e+000  5.611175e+000
      vertex  3.897500e+001 -5.511843e+000  4.427774e+000
      vertex  3.882925e+001 -5.797563e+000  5.722351e+000
    endloop
  endfacet
  facet normal  9.762976e-001 -2.164326e-001  0.000000e+000
    outer loop
      vertex  3.892815e+001 -5.723152e+000  4.427774e+000
      vertex  3.892815e+001 -5.723152e+000  4.222000e+000
      vertex  3.897500e+001 -5.511843e+000  4.427774e+000
    endloop
  endfacet
  facet normal  9.762976e-001 -2.164326e-001  0.000000e+000
    outer loop
      vertex  3.897500e+001 -5.511843e+000  4.427774e+000
      vertex  3.892815e+001 -5.723152e+000  4.222000e+000
      vertex  3.897500e+001 -5.511843e+000  4.222000e+000
    endloop
  endfacet
  facet normal  8.252398e-001 -2.127823e-001 -5.231661e-001
    outer loop
      vertex  3.736540e+001 -5.723152e+000  2.712903e-001
      vertex  3.739957e+001 -5.511843e+000  2.392434e-001
      vertex  3.852327e+001 -5.723152e+000  2.097717e+000
    endloop
  endfacet
  facet normal  8.252403e-001 -2.127804e-001 -5.231662e-001
    outer loop
      vertex  3.852327e+001 -5.723152e+000  2.097717e+000
      vertex  3.739957e+001 -5.511843e+000  2.392434e-001
      vertex  3.856683e+001 -5.511843e+000  2.080486e+000
    endloop
  endfacet
  facet normal  9.598221e-001 -2.127793e-001 -1.829386e-001
    outer loop
      vertex  3.852327e+001 -5.723152e+000  2.097717e+000
      vertex  3.856683e+001 -5.511843e+000  2.080486e+000
      vertex  3.892815e+001 -5.723152e+000  4.222000e+000
    endloop
  endfacet
  facet normal  9.598219e-001 -2.127802e-001 -1.829386e-001
    outer loop
      vertex  3.892815e+001 -5.723152e+000  4.222000e+000
      vertex  3.856683e+001 -5.511843e+000  2.080486e+000
      vertex  3.897500e+001 -5.511843e+000  4.222000e+000
    endloop
  endfacet
  facet normal  7.221321e-001 -2.164119e-001 -6.570320e-001
    outer loop
      vertex  3.739957e+001 -5.511843e+000  2.392434e-001
      vertex  3.736540e+001 -5.723152e+000  2.712903e-001
      vertex  3.713844e+001 -5.589887e+000 -2.204691e-002
    endloop
  endfacet
  facet normal  7.785719e-001 -5.086514e-002 -6.254905e-001
    outer loop
      vertex  3.713844e+001 -5.589887e+000 -2.204691e-002
      vertex  3.736540e+001 -5.723152e+000  2.712903e-001
      vertex  3.716791e+001 -5.687247e+000  2.255102e-002
    endloop
  endfacet
  facet normal  7.225221e-001 -9.499390e-002 -6.847906e-001
    outer loop
      vertex  3.713844e+001 -5.589887e+000 -2.204691e-002
      vertex  3.716791e+001 -5.687247e+000  2.255102e-002
      vertex  3.700151e+001 -5.733538e+000 -1.465970e-001
    endloop
  endfacet
  facet normal  3.468271e-001 -1.617282e-001  9.238803e-001
    outer loop
      vertex  3.785428e+001 -6.842973e+000  6.500000e+000
      vertex  3.736626e+001 -7.889530e+000  6.500000e+000
      vertex  3.817471e+001 -6.992391e+000  6.353553e+000
    endloop
  endfacet
  facet normal  2.797720e-001 -9.618367e-002  9.552363e-001
    outer loop
      vertex  3.817471e+001 -6.992391e+000  6.353553e+000
      vertex  3.736626e+001 -7.889530e+000  6.500000e+000
      vertex  3.768639e+001 -7.894356e+000  6.405756e+000
    endloop
  endfacet
  facet normal  6.830167e-001 -3.321379e-001  6.505172e-001
    outer loop
      vertex  3.817471e+001 -6.992391e+000  6.353553e+000
      vertex  3.768639e+001 -7.894356e+000  6.405756e+000
      vertex  3.784786e+001 -7.908452e+000  6.229020e+000
    endloop
  endfacet
  facet normal  8.807847e-001 -4.107176e-001  2.356468e-001
    outer loop
      vertex  3.789588e+001 -7.936873e+000  6.000000e+000
      vertex  3.830744e+001 -7.054282e+000  6.000000e+000
      vertex  3.784786e+001 -7.908452e+000  6.229020e+000
    endloop
  endfacet
  facet normal  8.525780e-001 -3.561906e-001  3.824121e-001
    outer loop
      vertex  3.784786e+001 -7.908452e+000  6.229020e+000
      vertex  3.830744e+001 -7.054282e+000  6.000000e+000
      vertex  3.817471e+001 -6.992391e+000  6.353553e+000
    endloop
  endfacet
  facet normal  9.913479e-001  1.312605e-001  -0.000000e+000
    outer loop
      vertex  3.897500e+001  7.737500e+001  4.427774e+000
      vertex  3.897500e+001  7.737500e+001  4.222000e+000
      vertex  3.878203e+001  7.883241e+001  5.914317e+000
    endloop
  endfacet
  facet normal  9.880102e-001  1.531826e-001 -1.925981e-002
    outer loop
      vertex  3.878203e+001  7.883241e+001  5.914317e+000
      vertex  3.897500e+001  7.737500e+001  4.222000e+000
      vertex  3.866769e+001  7.920458e+001  3.009130e+000
    endloop
  endfacet
  facet normal  9.255075e-001  3.785371e-001  1.206907e-002
    outer loop
      vertex  3.878203e+001  7.883241e+001  5.914317e+000
      vertex  3.866769e+001  7.920458e+001  3.009130e+000
      vertex  3.818982e+001  8.023463e+001  7.347792e+000
    endloop
  endfacet
  facet normal  8.962117e-001  4.435777e-001 -6.599084e-003
    outer loop
      vertex  3.818982e+001  8.023463e+001  7.347792e+000
      vertex  3.866769e+001  7.920458e+001  3.009130e+000
      vertex  3.801501e+001  8.051033e+001  2.139569e+000
    endloop
  endfacet
  facet normal  7.890010e-001  6.143621e-001  6.039673e-003
    outer loop
      vertex  3.818982e+001  8.023463e+001  7.347792e+000
      vertex  3.801501e+001  8.051033e+001  2.139569e+000
      vertex  3.728858e+001  8.138048e+001  8.525751e+000
    endloop
  endfacet
  facet normal  7.663373e-001  6.424385e-001 -3.638822e-004
    outer loop
      vertex  3.728858e+001  8.138048e+001  8.525751e+000
      vertex  3.801501e+001  8.051033e+001  2.139569e+000
      vertex  3.727061e+001  8.139796e+001  1.543402e+000
    endloop
  endfacet
  facet normal  6.264254e-001  7.794812e-001  3.395061e-004
    outer loop
      vertex  3.728858e+001  8.138048e+001  8.525751e+000
      vertex  3.727061e+001  8.139796e+001  1.543402e+000
      vertex  3.644574e+001  8.205801e+001  8.111792e+000
    endloop
  endfacet
  facet normal  6.131787e-001  7.899407e-001 -2.375094e-003
    outer loop
      vertex  3.644574e+001  8.205801e+001  8.111792e+000
      vertex  3.727061e+001  8.139796e+001  1.543402e+000
      vertex  3.629658e+001  8.215249e+001  1.028723e+000
    endloop
  endfacet
  facet normal  4.421634e-001  8.969306e-001  2.653291e-003
    outer loop
      vertex  3.644574e+001  8.205801e+001  8.111792e+000
      vertex  3.629658e+001  8.215249e+001  1.028723e+000
      vertex  3.523977e+001  8.265540e+001  7.137943e+000
    endloop
  endfacet
  facet normal  4.696208e-001  8.828267e-001  8.564055e-003
    outer loop
      vertex  3.523977e+001  8.265540e+001  7.137943e+000
      vertex  3.629658e+001  8.215249e+001  1.028723e+000
      vertex  3.561309e+001  8.250832e+001  1.828299e+000
    endloop
  endfacet
  facet normal  1.892325e-001  9.818339e-001 -1.389241e-002
    outer loop
      vertex  3.523977e+001  8.265540e+001  7.137943e+000
      vertex  3.561309e+001  8.250832e+001  1.828299e+000
      vertex  3.337500e+001  8.297500e+001  4.324994e+000
    endloop
  endfacet
  facet normal  4.284692e-001  3.637288e-001 -8.271127e-001
    outer loop
      vertex  3.574599e+001  8.036800e+001 -9.906855e-001
      vertex  3.533108e+001  8.168810e+001 -6.251001e-001
      vertex  3.635214e+001  8.044624e+001 -6.422745e-001
    endloop
  endfacet
  facet normal  2.351958e-001  2.065142e-001 -9.497553e-001
    outer loop
      vertex  3.635214e+001  8.044624e+001 -6.422745e-001
      vertex  3.533108e+001  8.168810e+001 -6.251001e-001
      vertex  3.603324e+001  8.147758e+001 -4.969933e-001
    endloop
  endfacet
  facet normal  3.301576e-001  8.440461e-001 -4.225899e-001
    outer loop
      vertex  3.533108e+001  8.168810e+001 -6.251001e-001
      vertex  3.485523e+001  8.225282e+001  1.310453e-001
      vertex  3.603324e+001  8.147758e+001 -4.969933e-001
    endloop
  endfacet
  facet normal  2.107715e-001  7.884364e-001 -5.778784e-001
    outer loop
      vertex  3.603324e+001  8.147758e+001 -4.969933e-001
      vertex  3.485523e+001  8.225282e+001  1.310453e-001
      vertex  3.525316e+001  8.234589e+001  4.031767e-001
    endloop
  endfacet
  facet normal  1.597871e-001  9.862946e-001 -4.112174e-002
    outer loop
      vertex  3.337500e+001  8.297500e+001  4.324994e+000
      vertex  3.561309e+001  8.250832e+001  1.828299e+000
      vertex  3.481377e+001  8.261806e+001  1.354489e+000
    endloop
  endfacet
  facet normal  2.517433e-001  9.456905e-001 -2.056570e-001
    outer loop
      vertex  3.481377e+001  8.261806e+001  1.354489e+000
      vertex  3.561309e+001  8.250832e+001  1.828299e+000
      vertex  3.629658e+001  8.215249e+001  1.028723e+000
    endloop
  endfacet
  facet normal  2.661436e-001  9.522680e-001 -1.495104e-001
    outer loop
      vertex  3.481377e+001  8.261806e+001  1.354489e+000
      vertex  3.629658e+001  8.215249e+001  1.028723e+000
      vertex  3.525316e+001  8.234589e+001  4.031767e-001
    endloop
  endfacet
  facet normal  3.320511e-001  9.023185e-001 -2.748881e-001
    outer loop
      vertex  3.629658e+001  8.215249e+001  1.028723e+000
      vertex  3.583972e+001  8.196789e+001 -1.290914e-001
      vertex  3.525316e+001  8.234589e+001  4.031767e-001
    endloop
  endfacet
  facet normal  5.289737e-001  7.805031e-001 -3.331693e-001
    outer loop
      vertex  3.629658e+001  8.215249e+001  1.028723e+000
      vertex  3.658868e+001  8.150987e+001 -1.293743e-002
      vertex  3.583972e+001  8.196789e+001 -1.290914e-001
    endloop
  endfacet
  facet normal -4.494396e-001  4.158540e-001 -7.906134e-001
    outer loop
      vertex  3.525316e+001  8.234589e+001  4.031767e-001
      vertex  3.583972e+001  8.196789e+001 -1.290914e-001
      vertex  3.603324e+001  8.147758e+001 -4.969933e-001
    endloop
  endfacet
  facet normal  4.836971e-001  6.393838e-001 -5.976833e-001
    outer loop
      vertex  3.603324e+001  8.147758e+001 -4.969933e-001
      vertex  3.583972e+001  8.196789e+001 -1.290914e-001
      vertex  3.658868e+001  8.150987e+001 -1.293743e-002
    endloop
  endfacet
  facet normal  6.182247e-001  2.938556e-001 -7.290041e-001
    outer loop
      vertex  3.635214e+001  8.044624e+001 -6.422745e-001
      vertex  3.603324e+001  8.147758e+001 -4.969933e-001
      vertex  3.658868e+001  8.150987e+001 -1.293743e-002
    endloop
  endfacet
  facet normal  9.150224e-001  3.908314e-001 -9.992301e-002
    outer loop
      vertex  3.801501e+001  8.051033e+001  2.139569e+000
      vertex  3.866769e+001  7.920458e+001  3.009130e+000
      vertex  3.816888e+001  7.999878e+001  1.547684e+000
    endloop
  endfacet
  facet normal  6.875674e-001  2.503785e-001 -6.815876e-001
    outer loop
      vertex  3.635214e+001  8.044624e+001 -6.422745e-001
      vertex  3.658868e+001  8.150987e+001 -1.293743e-002
      vertex  3.730596e+001  7.996120e+001  1.417331e-001
    endloop
  endfacet
  facet normal  7.256034e-001  2.729827e-001 -6.316487e-001
    outer loop
      vertex  3.730596e+001  7.996120e+001  1.417331e-001
      vertex  3.658868e+001  8.150987e+001 -1.293743e-002
      vertex  3.750830e+001  8.079176e+001  7.331236e-001
    endloop
  endfacet
  facet normal  7.046198e-001  6.750001e-001 -2.188281e-001
    outer loop
      vertex  3.658868e+001  8.150987e+001 -1.293743e-002
      vertex  3.629658e+001  8.215249e+001  1.028723e+000
      vertex  3.750830e+001  8.079176e+001  7.331236e-001
    endloop
  endfacet
  facet normal  6.784036e-001  6.697314e-001 -3.020405e-001
    outer loop
      vertex  3.750830e+001  8.079176e+001  7.331236e-001
      vertex  3.629658e+001  8.215249e+001  1.028723e+000
      vertex  3.727061e+001  8.139796e+001  1.543402e+000
    endloop
  endfacet
  facet normal  9.900779e-001  1.027600e-001 -9.584485e-002
    outer loop
      vertex  3.897500e+001  7.737500e+001  4.222000e+000
      vertex  3.867407e+001  7.855116e+001  2.374445e+000
      vertex  3.866769e+001  7.920458e+001  3.009130e+000
    endloop
  endfacet
  facet normal  9.226717e-001  2.732518e-001 -2.720486e-001
    outer loop
      vertex  3.866769e+001  7.920458e+001  3.009130e+000
      vertex  3.867407e+001  7.855116e+001  2.374445e+000
      vertex  3.803493e+001  7.939056e+001  1.049862e+000
    endloop
  endfacet
  facet normal  9.519561e-001  3.896252e-002 -3.037460e-001
    outer loop
      vertex  3.866769e+001  7.920458e+001  3.009130e+000
      vertex  3.803493e+001  7.939056e+001  1.049862e+000
      vertex  3.816888e+001  7.999878e+001  1.547684e+000
    endloop
  endfacet
  facet normal  8.199505e-001  1.857740e-001 -5.414509e-001
    outer loop
      vertex  3.730596e+001  7.996120e+001  1.417331e-001
      vertex  3.750830e+001  8.079176e+001  7.331236e-001
      vertex  3.803493e+001  7.939056e+001  1.049862e+000
    endloop
  endfacet
  facet normal  8.492361e-001  2.096277e-001 -4.846177e-001
    outer loop
      vertex  3.803493e+001  7.939056e+001  1.049862e+000
      vertex  3.750830e+001  8.079176e+001  7.331236e-001
      vertex  3.816888e+001  7.999878e+001  1.547684e+000
    endloop
  endfacet
  facet normal  8.315408e-001  5.333703e-001 -1.551003e-001
    outer loop
      vertex  3.750830e+001  8.079176e+001  7.331236e-001
      vertex  3.727061e+001  8.139796e+001  1.543402e+000
      vertex  3.816888e+001  7.999878e+001  1.547684e+000
    endloop
  endfacet
  facet normal  8.171740e-001  5.238860e-001 -2.403546e-001
    outer loop
      vertex  3.816888e+001  7.999878e+001  1.547684e+000
      vertex  3.727061e+001  8.139796e+001  1.543402e+000
      vertex  3.801501e+001  8.051033e+001  2.139569e+000
    endloop
  endfacet
  facet normal -1.166378e-001 -9.925418e-001  3.544639e-002
    outer loop
      vertex -3.337500e+001 -8.297500e+001  4.324994e+000
      vertex -3.523977e+001 -8.265540e+001  7.137940e+000
      vertex -3.424508e+001 -8.290700e+001  3.366056e+000
    endloop
  endfacet
  facet normal -3.228869e-001 -9.461810e-001 -2.203630e-002
    outer loop
      vertex -3.424508e+001 -8.290700e+001  3.366056e+000
      vertex -3.523977e+001 -8.265540e+001  7.137940e+000
      vertex -3.629659e+001 -8.215248e+001  1.028725e+000
    endloop
  endfacet
  facet normal -4.421685e-001 -8.969281e-001  2.652422e-003
    outer loop
      vertex -3.629659e+001 -8.215248e+001  1.028725e+000
      vertex -3.523977e+001 -8.265540e+001  7.137940e+000
      vertex -3.644574e+001 -8.205801e+001  8.111792e+000
    endloop
  endfacet
  facet normal -6.801335e-001 -7.330741e-001 -4.544002e-003
    outer loop
      vertex -3.629659e+001 -8.215248e+001  1.028725e+000
      vertex -3.644574e+001 -8.205801e+001  8.111792e+000
      vertex -3.790682e+001 -8.066478e+001  2.036249e+000
    endloop
  endfacet
  facet normal -6.337296e-001 -7.731539e-001 -2.489443e-002
    outer loop
      vertex -3.790682e+001 -8.066478e+001  2.036249e+000
      vertex -3.644574e+001 -8.205801e+001  8.111792e+000
      vertex -3.728859e+001 -8.138048e+001  8.525747e+000
    endloop
  endfacet
  facet normal -7.897646e-001 -6.133630e-001  7.593106e-003
    outer loop
      vertex -3.790682e+001 -8.066478e+001  2.036249e+000
      vertex -3.728859e+001 -8.138048e+001  8.525747e+000
      vertex -3.818982e+001 -8.023463e+001  7.347792e+000
    endloop
  endfacet
  facet normal -8.851152e-001 -4.652756e-001 -9.479800e-003
    outer loop
      vertex -3.790682e+001 -8.066478e+001  2.036249e+000
      vertex -3.818982e+001 -8.023463e+001  7.347792e+000
      vertex -3.863322e+001 -7.930143e+001  2.944806e+000
    endloop
  endfacet
  facet normal -9.259063e-001 -3.775215e-001  1.322732e-002
    outer loop
      vertex -3.863322e+001 -7.930143e+001  2.944806e+000
      vertex -3.818982e+001 -8.023463e+001  7.347792e+000
      vertex -3.878203e+001 -7.883241e+001  5.914317e+000
    endloop
  endfacet
  facet normal -9.869844e-001 -1.589617e-001 -2.435374e-002
    outer loop
      vertex -3.863322e+001 -7.930143e+001  2.944806e+000
      vertex -3.878203e+001 -7.883241e+001  5.914317e+000
      vertex -3.897500e+001 -7.737500e+001  4.222000e+000
    endloop
  endfacet
  facet normal -9.913479e-001 -1.312605e-001  0.000000e+000
    outer loop
      vertex -3.897500e+001 -7.737500e+001  4.222000e+000
      vertex -3.878203e+001 -7.883241e+001  5.914317e+000
      vertex -3.897500e+001 -7.737500e+001  4.427774e+000
    endloop
  endfacet
  facet normal -1.542281e-001 -8.437330e-001 -5.141288e-001
    outer loop
      vertex -3.525317e+001 -8.234590e+001  4.031821e-001
      vertex -3.584982e+001 -8.179465e+001 -3.224945e-001
      vertex -3.485524e+001 -8.225282e+001  1.310458e-001
    endloop
  endfacet
  facet normal -1.404113e-001 -8.336126e-001 -5.342047e-001
    outer loop
      vertex -3.485524e+001 -8.225282e+001  1.310458e-001
      vertex -3.584982e+001 -8.179465e+001 -3.224945e-001
      vertex -3.533107e+001 -8.168810e+001 -6.251034e-001
    endloop
  endfacet
  facet normal -4.160553e-001 -3.536653e-001 -8.377463e-001
    outer loop
      vertex -3.584982e+001 -8.179465e+001 -3.224945e-001
      vertex -3.635215e+001 -8.044624e+001 -6.422717e-001
      vertex -3.533107e+001 -8.168810e+001 -6.251034e-001
    endloop
  endfacet
  facet normal -4.284736e-001 -3.637287e-001 -8.271105e-001
    outer loop
      vertex -3.533107e+001 -8.168810e+001 -6.251034e-001
      vertex -3.635215e+001 -8.044624e+001 -6.422717e-001
      vertex -3.574599e+001 -8.036800e+001 -9.906855e-001
    endloop
  endfacet
  facet normal -9.889495e-001 -1.084181e-001 -1.011160e-001
    outer loop
      vertex -3.864031e+001 -7.861341e+001  2.276459e+000
      vertex -3.863322e+001 -7.930143e+001  2.944806e+000
      vertex -3.897500e+001 -7.737500e+001  4.222000e+000
    endloop
  endfacet
  facet normal -9.051445e-001 -4.117088e-001 -1.058739e-001
    outer loop
      vertex -3.807494e+001 -8.013393e+001  1.409250e+000
      vertex -3.790682e+001 -8.066478e+001  2.036249e+000
      vertex -3.863322e+001 -7.930143e+001  2.944806e+000
    endloop
  endfacet
  facet normal -9.484444e-001 -2.258148e-001 -2.223981e-001
    outer loop
      vertex -3.864031e+001 -7.861341e+001  2.276459e+000
      vertex -3.807494e+001 -8.013393e+001  1.409250e+000
      vertex -3.863322e+001 -7.930143e+001  2.944806e+000
    endloop
  endfacet
  facet normal -9.108840e-001 -1.122002e-001 -3.971163e-001
    outer loop
      vertex -3.792898e+001 -7.948985e+001  8.924754e-001
      vertex -3.807494e+001 -8.013393e+001  1.409250e+000
      vertex -3.864031e+001 -7.861341e+001  2.276459e+000
    endloop
  endfacet
  facet normal -7.422492e-001 -5.962742e-001 -3.058156e-001
    outer loop
      vertex -3.790682e+001 -8.066478e+001  2.036249e+000
      vertex -3.807494e+001 -8.013393e+001  1.409250e+000
      vertex -3.629659e+001 -8.215248e+001  1.028725e+000
    endloop
  endfacet
  facet normal -7.547650e-001 -6.314189e-001 -1.778760e-001
    outer loop
      vertex -3.629659e+001 -8.215248e+001  1.028725e+000
      vertex -3.807494e+001 -8.013393e+001  1.409250e+000
      vertex -3.658869e+001 -8.150987e+001 -1.293479e-002
    endloop
  endfacet
  facet normal -7.843955e-001 -2.702026e-001 -5.583138e-001
    outer loop
      vertex -3.807494e+001 -8.013393e+001  1.409250e+000
      vertex -3.792898e+001 -7.948985e+001  8.924754e-001
      vertex -3.658869e+001 -8.150987e+001 -1.293479e-002
    endloop
  endfacet
  facet normal -7.443087e-001 -2.096465e-001 -6.340766e-001
    outer loop
      vertex -3.658869e+001 -8.150987e+001 -1.293479e-002
      vertex -3.792898e+001 -7.948985e+001  8.924754e-001
      vertex -3.635215e+001 -8.044624e+001 -6.422717e-001
    endloop
  endfacet
  facet normal  1.299452e-001 -7.351727e-001 -6.653085e-001
    outer loop
      vertex -3.525317e+001 -8.234590e+001  4.031821e-001
      vertex -3.583973e+001 -8.196789e+001 -1.290896e-001
      vertex -3.584982e+001 -8.179465e+001 -3.224945e-001
    endloop
  endfacet
  facet normal -3.320640e-001 -9.023142e-001 -2.748865e-001
    outer loop
      vertex -3.525317e+001 -8.234590e+001  4.031821e-001
      vertex -3.629659e+001 -8.215248e+001  1.028725e+000
      vertex -3.583973e+001 -8.196789e+001 -1.290896e-001
    endloop
  endfacet
  facet normal -4.921009e-001 -6.610494e-001 -5.664366e-001
    outer loop
      vertex -3.583973e+001 -8.196789e+001 -1.290896e-001
      vertex -3.658869e+001 -8.150987e+001 -1.293479e-002
      vertex -3.584982e+001 -8.179465e+001 -3.224945e-001
    endloop
  endfacet
  facet normal -5.289744e-001 -7.805046e-001 -3.331646e-001
    outer loop
      vertex -3.629659e+001 -8.215248e+001  1.028725e+000
      vertex -3.658869e+001 -8.150987e+001 -1.293479e-002
      vertex -3.583973e+001 -8.196789e+001 -1.290896e-001
    endloop
  endfacet
  facet normal -4.762207e-001 -3.669173e-001 -7.991154e-001
    outer loop
      vertex -3.635215e+001 -8.044624e+001 -6.422717e-001
      vertex -3.584982e+001 -8.179465e+001 -3.224945e-001
      vertex -3.658869e+001 -8.150987e+001 -1.293479e-002
    endloop
  endfacet
  facet normal  3.959944e-002 -9.792167e-001 -1.989132e-001
    outer loop
      vertex -3.365522e+001 -8.296201e+001  3.754281e+000
      vertex -3.424508e+001 -8.290700e+001  3.366056e+000
      vertex -3.525317e+001 -8.234590e+001  4.031821e-001
    endloop
  endfacet
  facet normal -2.397119e-001 -9.655456e-001 -1.012910e-001
    outer loop
      vertex -3.424508e+001 -8.290700e+001  3.366056e+000
      vertex -3.629659e+001 -8.215248e+001  1.028725e+000
      vertex -3.525317e+001 -8.234590e+001  4.031821e-001
    endloop
  endfacet
  facet normal -1.148095e-001 -9.928134e-001  3.376830e-002
    outer loop
      vertex -3.424508e+001 -8.290700e+001  3.366056e+000
      vertex -3.365522e+001 -8.296201e+001  3.754281e+000
      vertex -3.337500e+001 -8.297500e+001  4.324994e+000
    endloop
  endfacet
  facet normal  9.882221e-001 -1.530267e-001  0.000000e+000
    outer loop
      vertex  3.897500e+001 -7.737500e+001  4.222000e+000
      vertex  3.897500e+001 -7.737500e+001  4.427774e+000
      vertex  3.871273e+001 -7.906871e+001  3.099336e+000
    endloop
  endfacet
  facet normal  9.895623e-001 -1.435795e-001 -1.230942e-002
    outer loop
      vertex  3.871273e+001 -7.906871e+001  3.099336e+000
      vertex  3.897500e+001 -7.737500e+001  4.427774e+000
      vertex  3.878203e+001 -7.883241e+001  5.914317e+000
    endloop
  endfacet
  facet normal  9.063915e-001 -4.222345e-001  1.312927e-002
    outer loop
      vertex  3.871273e+001 -7.906871e+001  3.099336e+000
      vertex  3.878203e+001 -7.883241e+001  5.914317e+000
      vertex  3.815282e+001 -8.029604e+001  2.282710e+000
    endloop
  endfacet
  facet normal  9.204804e-001 -3.907837e-001 -1.987230e-003
    outer loop
      vertex  3.815282e+001 -8.029604e+001  2.282710e+000
      vertex  3.878203e+001 -7.883241e+001  5.914317e+000
      vertex  3.818982e+001 -8.023463e+001  7.347792e+000
    endloop
  endfacet
  facet normal  7.875526e-001 -6.162450e-001  1.717014e-003
    outer loop
      vertex  3.815282e+001 -8.029604e+001  2.282710e+000
      vertex  3.818982e+001 -8.023463e+001  7.347792e+000
      vertex  3.736642e+001 -8.130293e+001  1.607565e+000
    endloop
  endfacet
  facet normal  7.869743e-001 -6.169828e-001  1.937282e-003
    outer loop
      vertex  3.736642e+001 -8.130293e+001  1.607565e+000
      vertex  3.818982e+001 -8.023463e+001  7.347792e+000
      vertex  3.728859e+001 -8.138048e+001  8.525747e+000
    endloop
  endfacet
  facet normal  6.224626e-001 -7.826476e-001 -1.770619e-003
    outer loop
      vertex  3.736642e+001 -8.130293e+001  1.607565e+000
      vertex  3.728859e+001 -8.138048e+001  8.525747e+000
      vertex  3.629659e+001 -8.215248e+001  1.028732e+000
    endloop
  endfacet
  facet normal  6.273646e-001 -7.787206e-001 -2.823655e-003
    outer loop
      vertex  3.629659e+001 -8.215248e+001  1.028732e+000
      vertex  3.728859e+001 -8.138048e+001  8.525747e+000
      vertex  3.644574e+001 -8.205801e+001  8.111792e+000
    endloop
  endfacet
  facet normal  3.503055e-001 -9.366215e-001  5.116445e-003
    outer loop
      vertex  3.629659e+001 -8.215248e+001  1.028732e+000
      vertex  3.644574e+001 -8.205801e+001  8.111792e+000
      vertex  3.424508e+001 -8.290700e+001  3.366056e+000
    endloop
  endfacet
  facet normal  4.880162e-001 -8.699693e-001 -7.066553e-002
    outer loop
      vertex  3.424508e+001 -8.290700e+001  3.366056e+000
      vertex  3.644574e+001 -8.205801e+001  8.111792e+000
      vertex  3.523978e+001 -8.265540e+001  7.137944e+000
    endloop
  endfacet
  facet normal  1.166396e-001 -9.925415e-001  3.544763e-002
    outer loop
      vertex  3.424508e+001 -8.290700e+001  3.366056e+000
      vertex  3.523978e+001 -8.265540e+001  7.137944e+000
      vertex  3.337500e+001 -8.297500e+001  4.324994e+000
    endloop
  endfacet
  facet normal  2.169270e-001 -7.817812e-001 -5.846032e-001
    outer loop
      vertex  3.485523e+001 -8.225282e+001  1.310453e-001
      vertex  3.547911e+001 -8.137486e+001 -8.115254e-001
      vertex  3.525316e+001 -8.234589e+001  4.031767e-001
    endloop
  endfacet
  facet normal -4.849340e-002 -7.757601e-001 -6.291620e-001
    outer loop
      vertex  3.525316e+001 -8.234589e+001  4.031767e-001
      vertex  3.547911e+001 -8.137486e+001 -8.115254e-001
      vertex  3.584981e+001 -8.179465e+001 -3.225008e-001
    endloop
  endfacet
  facet normal  6.230607e-001 -2.941130e-001 -7.247710e-001
    outer loop
      vertex  3.547911e+001 -8.137486e+001 -8.115254e-001
      vertex  3.574599e+001 -8.036800e+001 -9.906856e-001
      vertex  3.584981e+001 -8.179465e+001 -3.225008e-001
    endloop
  endfacet
  facet normal  4.304461e-001 -3.569621e-001 -8.290322e-001
    outer loop
      vertex  3.584981e+001 -8.179465e+001 -3.225008e-001
      vertex  3.574599e+001 -8.036800e+001 -9.906856e-001
      vertex  3.635214e+001 -8.044624e+001 -6.422745e-001
    endloop
  endfacet
  facet normal  6.067561e-001 -4.565955e-010 -7.948881e-001
    outer loop
      vertex  3.635214e+001 -8.044624e+001 -6.422745e-001
      vertex  3.700151e+001 -5.733538e+000 -1.465970e-001
      vertex  3.700151e+001 -5.761646e+001 -1.465970e-001
    endloop
  endfacet
  facet normal  4.983357e-001  6.429958e-010 -8.669842e-001
    outer loop
      vertex  3.574599e+001 -8.036800e+001 -9.906856e-001
      vertex  3.574599e+001  8.036800e+001 -9.906855e-001
      vertex  3.635214e+001 -8.044624e+001 -6.422745e-001
    endloop
  endfacet
  facet normal  4.983355e-001  0.000000e+000 -8.669842e-001
    outer loop
      vertex  3.635214e+001 -8.044624e+001 -6.422745e-001
      vertex  3.574599e+001  8.036800e+001 -9.906855e-001
      vertex  3.635214e+001  8.044624e+001 -6.422745e-001
    endloop
  endfacet
  facet normal  6.067561e-001  0.000000e+000 -7.948882e-001
    outer loop
      vertex  3.635214e+001 -8.044624e+001 -6.422745e-001
      vertex  3.635214e+001  8.044624e+001 -6.422745e-001
      vertex  3.700151e+001 -5.733538e+000 -1.465970e-001
    endloop
  endfacet
  facet normal  6.350915e-001  3.426415e-004 -7.724369e-001
    outer loop
      vertex  3.700151e+001 -5.733538e+000 -1.465970e-001
      vertex  3.635214e+001  8.044624e+001 -6.422745e-001
      vertex  3.730596e+001  7.996120e+001  1.417331e-001
    endloop
  endfacet
  facet normal  6.728117e-001  9.886754e-005 -7.398138e-001
    outer loop
      vertex  3.700151e+001 -5.733538e+000 -1.465970e-001
      vertex  3.730596e+001  7.996120e+001  1.417331e-001
      vertex  3.713844e+001 -5.589887e+000 -2.204691e-002
    endloop
  endfacet
  facet normal  7.789948e-001 -2.731070e-003 -6.270246e-001
    outer loop
      vertex  3.803493e+001  7.939056e+001  1.049862e+000
      vertex  3.856683e+001 -5.511843e+000  2.080486e+000
      vertex  3.730596e+001  7.996120e+001  1.417331e-001
    endloop
  endfacet
  facet normal  8.445812e-001  3.141029e-004 -5.354274e-001
    outer loop
      vertex  3.730596e+001  7.996120e+001  1.417331e-001
      vertex  3.856683e+001 -5.511843e+000  2.080486e+000
      vertex  3.739957e+001 -5.511843e+000  2.392434e-001
    endloop
  endfacet
  facet normal  7.073372e-001 -3.179297e-005 -7.068763e-001
    outer loop
      vertex  3.730596e+001  7.996120e+001  1.417331e-001
      vertex  3.739957e+001 -5.511843e+000  2.392434e-001
      vertex  3.713844e+001 -5.589887e+000 -2.204691e-002
    endloop
  endfacet
  facet normal  9.869937e-001  0.000000e+000 -1.607596e-001
    outer loop
      vertex  3.897500e+001  7.737500e+001  4.222000e+000
      vertex  3.897500e+001 -5.511843e+000  4.222000e+000
      vertex  3.867407e+001  7.855116e+001  2.374445e+000
    endloop
  endfacet
  facet normal  9.823167e-001 -5.984277e-004 -1.872260e-001
    outer loop
      vertex  3.867407e+001  7.855116e+001  2.374445e+000
      vertex  3.897500e+001 -5.511843e+000  4.222000e+000
      vertex  3.856683e+001 -5.511843e+000  2.080486e+000
    endloop
  endfacet
  facet normal  9.007256e-001  3.699578e-004 -4.343885e-001
    outer loop
      vertex  3.867407e+001  7.855116e+001  2.374445e+000
      vertex  3.856683e+001 -5.511843e+000  2.080486e+000
      vertex  3.803493e+001  7.939056e+001  1.049862e+000
    endloop
  endfacet
  facet normal  6.444587e-001 -1.729214e-003 -7.646371e-001
    outer loop
      vertex  3.635214e+001 -8.044624e+001 -6.422745e-001
      vertex  3.700151e+001 -5.761646e+001 -1.465970e-001
      vertex  3.739979e+001 -7.990010e+001  2.394769e-001
    endloop
  endfacet
  facet normal  6.724052e-001 -8.060414e-004 -7.401828e-001
    outer loop
      vertex  3.739979e+001 -7.990010e+001  2.394769e-001
      vertex  3.700151e+001 -5.761646e+001 -1.465970e-001
      vertex  3.713844e+001 -5.776011e+001 -2.204691e-002
    endloop
  endfacet
  facet normal  7.073323e-001 -3.857983e-007 -7.068812e-001
    outer loop
      vertex  3.739979e+001 -7.990010e+001  2.394769e-001
      vertex  3.713844e+001 -5.776011e+001 -2.204691e-002
      vertex  3.739957e+001 -5.783816e+001  2.392434e-001
    endloop
  endfacet
  facet normal  8.004615e-001  1.684979e-006 -5.993842e-001
    outer loop
      vertex  3.739979e+001 -7.990010e+001  2.394769e-001
      vertex  3.739957e+001 -5.783816e+001  2.392434e-001
      vertex  3.816987e+001 -7.925281e+001  1.267906e+000
    endloop
  endfacet
  facet normal  8.445720e-001  4.660853e-003 -5.354217e-001
    outer loop
      vertex  3.816987e+001 -7.925281e+001  1.267906e+000
      vertex  3.739957e+001 -5.783816e+001  2.392434e-001
      vertex  3.856683e+001 -5.783816e+001  2.080486e+000
    endloop
  endfacet
  facet normal  9.154519e-001 -1.699653e-003 -4.024238e-001
    outer loop
      vertex  3.816987e+001 -7.925281e+001  1.267906e+000
      vertex  3.856683e+001 -5.783816e+001  2.080486e+000
      vertex  3.871817e+001 -7.846381e+001  2.511858e+000
    endloop
  endfacet
  facet normal  9.823169e-001  0.000000e+000 -1.872261e-001
    outer loop
      vertex  3.897500e+001 -5.783816e+001  4.222000e+000
      vertex  3.897500e+001 -7.737500e+001  4.222000e+000
      vertex  3.856683e+001 -5.783816e+001  2.080486e+000
    endloop
  endfacet
  facet normal  9.885156e-001  4.093466e-003 -1.510632e-001
    outer loop
      vertex  3.856683e+001 -5.783816e+001  2.080486e+000
      vertex  3.897500e+001 -7.737500e+001  4.222000e+000
      vertex  3.871817e+001 -7.846381e+001  2.511858e+000
    endloop
  endfacet
  facet normal  8.374799e-001 -1.725107e-001 -5.185242e-001
    outer loop
      vertex  3.759526e+001 -8.070470e+001  8.228834e-001
      vertex  3.739979e+001 -7.990010e+001  2.394769e-001
      vertex  3.816987e+001 -7.925281e+001  1.267906e+000
    endloop
  endfacet
  facet normal  9.202230e-001 -2.805355e-001 -2.729273e-001
    outer loop
      vertex  3.815282e+001 -8.029604e+001  2.282710e+000
      vertex  3.759526e+001 -8.070470e+001  8.228834e-001
      vertex  3.816987e+001 -7.925281e+001  1.267906e+000
    endloop
  endfacet
  facet normal  8.281675e-001 -5.351848e-001 -1.664811e-001
    outer loop
      vertex  3.736642e+001 -8.130293e+001  1.607565e+000
      vertex  3.759526e+001 -8.070470e+001  8.228834e-001
      vertex  3.815282e+001 -8.029604e+001  2.282710e+000
    endloop
  endfacet
  facet normal  7.009087e-001 -2.991857e-001 -6.474681e-001
    outer loop
      vertex  3.739979e+001 -7.990010e+001  2.394769e-001
      vertex  3.759526e+001 -8.070470e+001  8.228834e-001
      vertex  3.635214e+001 -8.044624e+001 -6.422745e-001
    endloop
  endfacet
  facet normal  7.228460e-001 -2.256861e-001 -6.531152e-001
    outer loop
      vertex  3.635214e+001 -8.044624e+001 -6.422745e-001
      vertex  3.759526e+001 -8.070470e+001  8.228834e-001
      vertex  3.658868e+001 -8.150987e+001 -1.293754e-002
    endloop
  endfacet
  facet normal  7.278202e-001 -6.309203e-001 -2.687330e-001
    outer loop
      vertex  3.759526e+001 -8.070470e+001  8.228834e-001
      vertex  3.736642e+001 -8.130293e+001  1.607565e+000
      vertex  3.658868e+001 -8.150987e+001 -1.293754e-002
    endloop
  endfacet
  facet normal  6.796461e-001 -6.940088e-001 -2.375559e-001
    outer loop
      vertex  3.658868e+001 -8.150987e+001 -1.293754e-002
      vertex  3.736642e+001 -8.130293e+001  1.607565e+000
      vertex  3.629659e+001 -8.215248e+001  1.028732e+000
    endloop
  endfacet
  facet normal  9.915469e-001 -9.487530e-002 -8.850700e-002
    outer loop
      vertex  3.897500e+001 -7.737500e+001  4.222000e+000
      vertex  3.871273e+001 -7.906871e+001  3.099336e+000
      vertex  3.871817e+001 -7.846381e+001  2.511858e+000
    endloop
  endfacet
  facet normal  9.325221e-001 -2.558692e-001 -2.548207e-001
    outer loop
      vertex  3.871817e+001 -7.846381e+001  2.511858e+000
      vertex  3.871273e+001 -7.906871e+001  3.099336e+000
      vertex  3.815282e+001 -8.029604e+001  2.282710e+000
    endloop
  endfacet
  facet normal  9.338773e-001 -2.570687e-001 -2.485737e-001
    outer loop
      vertex  3.871817e+001 -7.846381e+001  2.511858e+000
      vertex  3.815282e+001 -8.029604e+001  2.282710e+000
      vertex  3.816987e+001 -7.925281e+001  1.267906e+000
    endloop
  endfacet
  facet normal  5.289740e-001 -7.805046e-001 -3.331654e-001
    outer loop
      vertex  3.629659e+001 -8.215248e+001  1.028732e+000
      vertex  3.583972e+001 -8.196789e+001 -1.290914e-001
      vertex  3.658868e+001 -8.150987e+001 -1.293754e-002
    endloop
  endfacet
  facet normal  3.320549e-001 -9.023184e-001 -2.748837e-001
    outer loop
      vertex  3.629659e+001 -8.215248e+001  1.028732e+000
      vertex  3.525316e+001 -8.234589e+001  4.031767e-001
      vertex  3.583972e+001 -8.196789e+001 -1.290914e-001
    endloop
  endfacet
  facet normal  4.920994e-001 -6.610467e-001 -5.664409e-001
    outer loop
      vertex  3.584981e+001 -8.179465e+001 -3.225008e-001
      vertex  3.658868e+001 -8.150987e+001 -1.293754e-002
      vertex  3.583972e+001 -8.196789e+001 -1.290914e-001
    endloop
  endfacet
  facet normal -1.299319e-001 -7.351845e-001 -6.652980e-001
    outer loop
      vertex  3.525316e+001 -8.234589e+001  4.031767e-001
      vertex  3.584981e+001 -8.179465e+001 -3.225008e-001
      vertex  3.583972e+001 -8.196789e+001 -1.290914e-001
    endloop
  endfacet
  facet normal  4.762202e-001 -3.669197e-001 -7.991147e-001
    outer loop
      vertex  3.635214e+001 -8.044624e+001 -6.422745e-001
      vertex  3.658868e+001 -8.150987e+001 -1.293754e-002
      vertex  3.584981e+001 -8.179465e+001 -3.225008e-001
    endloop
  endfacet
  facet normal  2.397058e-001 -9.655466e-001 -1.012962e-001
    outer loop
      vertex  3.629659e+001 -8.215248e+001  1.028732e+000
      vertex  3.424508e+001 -8.290700e+001  3.366056e+000
      vertex  3.525316e+001 -8.234589e+001  4.031767e-001
    endloop
  endfacet
  facet normal -3.960148e-002 -9.792162e-001 -1.989158e-001
    outer loop
      vertex  3.424508e+001 -8.290700e+001  3.366056e+000
      vertex  3.365522e+001 -8.296201e+001  3.754282e+000
      vertex  3.525316e+001 -8.234589e+001  4.031767e-001
    endloop
  endfacet
  facet normal  1.148107e-001 -9.928133e-001  3.376889e-002
    outer loop
      vertex  3.365522e+001 -8.296201e+001  3.754282e+000
      vertex  3.424508e+001 -8.290700e+001  3.366056e+000
      vertex  3.337500e+001 -8.297500e+001  4.324994e+000
    endloop
  endfacet
  facet normal -4.386847e-002  9.289767e-001 -3.675297e-001
    outer loop
      vertex -3.549594e+001  8.241195e+001  6.097515e-001
      vertex -3.485523e+001  8.225282e+001  1.310453e-001
      vertex -3.570805e+001  8.230225e+001  3.577992e-001
    endloop
  endfacet
  facet normal -1.234912e-001  7.655898e-001 -6.313653e-001
    outer loop
      vertex -3.570805e+001  8.230225e+001  3.577992e-001
      vertex -3.485523e+001  8.225282e+001  1.310453e-001
      vertex -3.547911e+001  8.137486e+001 -8.115280e-001
    endloop
  endfacet
  facet normal -2.571684e-001  7.320038e-001 -6.309001e-001
    outer loop
      vertex -3.570805e+001  8.230225e+001  3.577992e-001
      vertex -3.547911e+001  8.137486e+001 -8.115280e-001
      vertex -3.656603e+001  8.162034e+001 -8.366293e-002
    endloop
  endfacet
  facet normal -4.906573e-001  2.770530e-001 -8.261338e-001
    outer loop
      vertex -3.656603e+001  8.162034e+001 -8.366293e-002
      vertex -3.547911e+001  8.137486e+001 -8.115280e-001
      vertex -3.574599e+001  8.036800e+001 -9.906860e-001
    endloop
  endfacet
  facet normal -5.584916e-001  2.146222e-001 -8.012642e-001
    outer loop
      vertex -3.656603e+001  8.162034e+001 -8.366293e-002
      vertex -3.574599e+001  8.036800e+001 -9.906860e-001
      vertex -3.736659e+001  8.061246e+001  2.043751e-001
    endloop
  endfacet
  facet normal -4.983361e-001  9.254873e-009 -8.669838e-001
    outer loop
      vertex -3.574599e+001  8.036800e+001 -9.906860e-001
      vertex -3.574599e+001 -8.036800e+001 -9.906855e-001
      vertex -3.635215e+001 -8.044624e+001 -6.422717e-001
    endloop
  endfacet
  facet normal -5.866087e-001  4.564762e-004 -8.098703e-001
    outer loop
      vertex -3.574599e+001  8.036800e+001 -9.906860e-001
      vertex -3.635215e+001 -8.044624e+001 -6.422717e-001
      vertex -3.700151e+001 -3.551646e+001 -1.465970e-001
    endloop
  endfacet
  facet normal -5.579328e-001  0.000000e+000 -8.298862e-001
    outer loop
      vertex -3.574599e+001  8.036800e+001 -9.906860e-001
      vertex -3.700151e+001 -3.551646e+001 -1.465970e-001
      vertex -3.700151e+001 -1.623354e+001 -1.465970e-001
    endloop
  endfacet
  facet normal -6.715715e-001  2.254184e-003 -7.409364e-001
    outer loop
      vertex -3.574599e+001  8.036800e+001 -9.906860e-001
      vertex -3.700151e+001 -1.623354e+001 -1.465970e-001
      vertex -3.713844e+001 -1.608989e+001 -2.204691e-002
    endloop
  endfacet
  facet normal -7.068657e-001  3.101056e-003 -7.073410e-001
    outer loop
      vertex -3.574599e+001  8.036800e+001 -9.906860e-001
      vertex -3.713844e+001 -1.608989e+001 -2.204691e-002
      vertex -3.739957e+001 -1.601184e+001  2.392434e-001
    endloop
  endfacet
  facet normal -5.935072e-001 -8.789322e-005 -8.048288e-001
    outer loop
      vertex -3.574599e+001  8.036800e+001 -9.906860e-001
      vertex -3.739957e+001 -1.601184e+001  2.392434e-001
      vertex -3.736659e+001  8.061246e+001  2.043751e-001
    endloop
  endfacet
  facet normal -9.855235e-001  -0.000000e+000 -1.695389e-001
    outer loop
      vertex -3.897500e+001 -7.737500e+001  4.222000e+000
      vertex -3.897500e+001 -3.573816e+001  4.222000e+000
      vertex -3.864031e+001 -7.861341e+001  2.276459e+000
    endloop
  endfacet
  facet normal -9.823166e-001  8.276157e-004 -1.872260e-001
    outer loop
      vertex -3.864031e+001 -7.861341e+001  2.276459e+000
      vertex -3.897500e+001 -3.573816e+001  4.222000e+000
      vertex -3.856683e+001 -3.573816e+001  2.080486e+000
    endloop
  endfacet
  facet normal -8.895459e-001 -5.637379e-004 -4.568456e-001
    outer loop
      vertex -3.864031e+001 -7.861341e+001  2.276459e+000
      vertex -3.856683e+001 -3.573816e+001  2.080486e+000
      vertex -3.792898e+001 -7.948985e+001  8.924754e-001
    endloop
  endfacet
  facet normal -8.445792e-001  2.225565e-003 -5.354262e-001
    outer loop
      vertex -3.792898e+001 -7.948985e+001  8.924754e-001
      vertex -3.856683e+001 -3.573816e+001  2.080486e+000
      vertex -3.739957e+001 -3.573816e+001  2.392435e-001
    endloop
  endfacet
  facet normal -6.981750e-001 -2.240881e-003 -7.159235e-001
    outer loop
      vertex -3.792898e+001 -7.948985e+001  8.924754e-001
      vertex -3.739957e+001 -3.573816e+001  2.392435e-001
      vertex -3.635215e+001 -8.044624e+001 -6.422717e-001
    endloop
  endfacet
  facet normal -7.069399e-001 -2.616866e-003 -7.072687e-001
    outer loop
      vertex -3.635215e+001 -8.044624e+001 -6.422717e-001
      vertex -3.739957e+001 -3.573816e+001  2.392435e-001
      vertex -3.713845e+001 -3.566011e+001 -2.203608e-002
    endloop
  endfacet
  facet normal -6.719831e-001 -1.542022e-003 -7.405648e-001
    outer loop
      vertex -3.635215e+001 -8.044624e+001 -6.422717e-001
      vertex -3.713845e+001 -3.566011e+001 -2.203608e-002
      vertex -3.700151e+001 -3.551646e+001 -1.465970e-001
    endloop
  endfacet
  facet normal -9.823169e-001  -0.000000e+000 -1.872261e-001
    outer loop
      vertex -3.897500e+001 -1.601184e+001  4.222000e+000
      vertex -3.897500e+001  7.737500e+001  4.222000e+000
      vertex -3.856683e+001 -1.601184e+001  2.080486e+000
    endloop
  endfacet
  facet normal -9.954183e-001 -2.158587e-003 -9.559178e-002
    outer loop
      vertex -3.856683e+001 -1.601184e+001  2.080486e+000
      vertex -3.897500e+001  7.737500e+001  4.222000e+000
      vertex -3.887241e+001  7.825504e+001  3.133889e+000
    endloop
  endfacet
  facet normal -9.308665e-001  1.065224e-003 -3.653581e-001
    outer loop
      vertex -3.856683e+001 -1.601184e+001  2.080486e+000
      vertex -3.887241e+001  7.825504e+001  3.133889e+000
      vertex -3.808066e+001  7.987820e+001  1.121381e+000
    endloop
  endfacet
  facet normal -7.881598e-001 -2.159931e-003 -6.154668e-001
    outer loop
      vertex -3.808066e+001  7.987820e+001  1.121381e+000
      vertex -3.736659e+001  8.061246e+001  2.043751e-001
      vertex -3.856683e+001 -1.601184e+001  2.080486e+000
    endloop
  endfacet
  facet normal -8.445812e-001  9.500648e-005 -5.354275e-001
    outer loop
      vertex -3.856683e+001 -1.601184e+001  2.080486e+000
      vertex -3.736659e+001  8.061246e+001  2.043751e-001
      vertex -3.739957e+001 -1.601184e+001  2.392434e-001
    endloop
  endfacet
  facet normal -8.384891e-001  1.680713e-001 -5.183513e-001
    outer loop
      vertex -3.808066e+001  7.987820e+001  1.121381e+000
      vertex -3.746698e+001  8.101688e+001  4.979011e-001
      vertex -3.736659e+001  8.061246e+001  2.043751e-001
    endloop
  endfacet
  facet normal -8.975562e-001  3.145723e-001 -3.089289e-001
    outer loop
      vertex -3.807325e+001  8.042237e+001  1.653951e+000
      vertex -3.746698e+001  8.101688e+001  4.979011e-001
      vertex -3.808066e+001  7.987820e+001  1.121381e+000
    endloop
  endfacet
  facet normal -8.313624e-001  5.313738e-001 -1.627222e-001
    outer loop
      vertex -3.746698e+001  8.101688e+001  4.979011e-001
      vertex -3.807325e+001  8.042237e+001  1.653951e+000
      vertex -3.735326e+001  8.131625e+001  8.944515e-001
    endloop
  endfacet
  facet normal -9.972736e-001  5.378701e-002 -5.051938e-002
    outer loop
      vertex -3.897500e+001  7.737500e+001  4.222000e+000
      vertex -3.887156e+001  7.844635e+001  3.320786e+000
      vertex -3.887241e+001  7.825504e+001  3.133889e+000
    endloop
  endfacet
  facet normal -9.551690e-001  2.090493e-001 -2.096439e-001
    outer loop
      vertex -3.887241e+001  7.825504e+001  3.133889e+000
      vertex -3.887156e+001  7.844635e+001  3.320786e+000
      vertex -3.807325e+001  8.042237e+001  1.653951e+000
    endloop
  endfacet
  facet normal -9.554995e-001  2.128794e-001 -2.042132e-001
    outer loop
      vertex -3.887241e+001  7.825504e+001  3.133889e+000
      vertex -3.807325e+001  8.042237e+001  1.653951e+000
      vertex -3.808066e+001  7.987820e+001  1.121381e+000
    endloop
  endfacet
  facet normal -5.319450e-001  7.721070e-001 -3.476859e-001
    outer loop
      vertex -3.626071e+001  8.217424e+001  6.792659e-001
      vertex -3.656603e+001  8.162034e+001 -8.366293e-002
      vertex -3.691796e+001  8.171175e+001  6.577746e-001
    endloop
  endfacet
  facet normal -7.645583e-001  4.864381e-001 -4.228813e-001
    outer loop
      vertex -3.656603e+001  8.162034e+001 -8.366293e-002
      vertex -3.736659e+001  8.061246e+001  2.043751e-001
      vertex -3.691796e+001  8.171175e+001  6.577746e-001
    endloop
  endfacet
  facet normal -3.778072e-001  4.805917e-001 -7.913870e-001
    outer loop
      vertex -3.691796e+001  8.171175e+001  6.577746e-001
      vertex -3.736659e+001  8.061246e+001  2.043751e-001
      vertex -3.746698e+001  8.101688e+001  4.979011e-001
    endloop
  endfacet
  facet normal -7.238712e-001  6.343581e-001 -2.712933e-001
    outer loop
      vertex -3.691796e+001  8.171175e+001  6.577746e-001
      vertex -3.746698e+001  8.101688e+001  4.979011e-001
      vertex -3.735326e+001  8.131625e+001  8.944515e-001
    endloop
  endfacet
  facet normal -3.080882e-001  9.119612e-001 -2.709398e-001
    outer loop
      vertex -3.595705e+001  8.234421e+001  9.060668e-001
      vertex -3.549594e+001  8.241195e+001  6.097515e-001
      vertex -3.626071e+001  8.217424e+001  6.792659e-001
    endloop
  endfacet
  facet normal -3.059298e-001  9.398950e-001 -1.516723e-001
    outer loop
      vertex -3.626071e+001  8.217424e+001  6.792659e-001
      vertex -3.549594e+001  8.241195e+001  6.097515e-001
      vertex -3.570805e+001  8.230225e+001  3.577992e-001
    endloop
  endfacet
  facet normal -4.267166e-001  8.044381e-001 -4.132703e-001
    outer loop
      vertex -3.626071e+001  8.217424e+001  6.792659e-001
      vertex -3.570805e+001  8.230225e+001  3.577992e-001
      vertex -3.656603e+001  8.162034e+001 -8.366293e-002
    endloop
  endfacet
  facet normal  3.230002e-004 -9.835431e-001 -1.806736e-001
    outer loop
      vertex  3.525316e+001 -8.234589e+001  4.031767e-001
      vertex  3.365522e+001 -8.296201e+001  3.754282e+000
      vertex -2.612500e+001 -8.295435e+001  3.605752e+000
    endloop
  endfacet
  facet normal  9.523571e-008 -9.756792e-001  2.192037e-001
    outer loop
      vertex  3.523978e+001 -8.265540e+001  7.137944e+000
      vertex -3.523977e+001 -8.265540e+001  7.137940e+000
      vertex -2.646109e+001 -8.268433e+001  7.009166e+000
    endloop
  endfacet
  facet normal  1.176052e-005 -9.768599e-001  2.138799e-001
    outer loop
      vertex  3.523978e+001 -8.265540e+001  7.137944e+000
      vertex -2.646109e+001 -8.268433e+001  7.009166e+000
      vertex -2.574585e+001 -8.268745e+001  6.994909e+000
    endloop
  endfacet
  facet normal  5.719371e-005 -9.807284e-001  1.953754e-001
    outer loop
      vertex  3.523978e+001 -8.265540e+001  7.137944e+000
      vertex -2.574585e+001 -8.268745e+001  6.994909e+000
      vertex -2.517732e+001 -8.277567e+001  6.551910e+000
    endloop
  endfacet
  facet normal  4.863649e-004 -9.882756e-001  1.526789e-001
    outer loop
      vertex  3.523978e+001 -8.265540e+001  7.137944e+000
      vertex -2.517732e+001 -8.277567e+001  6.551910e+000
      vertex -2.498707e+001 -8.287289e+001  5.922000e+000
    endloop
  endfacet
  facet normal  1.576006e-003 -9.949952e-001  9.990984e-002
    outer loop
      vertex  3.523978e+001 -8.265540e+001  7.137944e+000
      vertex -2.498707e+001 -8.287289e+001  5.922000e+000
      vertex -2.520989e+001 -8.294115e+001  5.245640e+000
    endloop
  endfacet
  facet normal  3.070219e-003 -9.986044e-001  5.272225e-002
    outer loop
      vertex  3.523978e+001 -8.265540e+001  7.137944e+000
      vertex -2.520989e+001 -8.294115e+001  5.245640e+000
      vertex -2.579004e+001 -8.296465e+001  4.834486e+000
    endloop
  endfacet
  facet normal  7.938041e-004 -9.936659e-001  1.123725e-001
    outer loop
      vertex  3.523978e+001 -8.265540e+001  7.137944e+000
      vertex -2.579004e+001 -8.296465e+001  4.834486e+000
      vertex  3.337500e+001 -8.297500e+001  4.324994e+000
    endloop
  endfacet
  facet normal -6.691327e-003 -9.940732e-001  1.085066e-001
    outer loop
      vertex -3.523977e+001 -8.265540e+001  7.137940e+000
      vertex -3.337500e+001 -8.297500e+001  4.324994e+000
      vertex -2.650410e+001 -8.296404e+001  4.849075e+000
    endloop
  endfacet
  facet normal -2.967530e-002 -9.993285e-001  2.149475e-002
    outer loop
      vertex -3.523977e+001 -8.265540e+001  7.137940e+000
      vertex -2.650410e+001 -8.296404e+001  4.849075e+000
      vertex -2.707305e+001 -8.293761e+001  5.292645e+000
    endloop
  endfacet
  facet normal -1.208720e-002 -9.950458e-001  9.867952e-002
    outer loop
      vertex -3.523977e+001 -8.265540e+001  7.137940e+000
      vertex -2.707305e+001 -8.293761e+001  5.292645e+000
      vertex -2.726293e+001 -8.287289e+001  5.922000e+000
    endloop
  endfacet
  facet normal -3.249448e-003 -9.878510e-001  1.553703e-001
    outer loop
      vertex -3.523977e+001 -8.265540e+001  7.137940e+000
      vertex -2.726293e+001 -8.287289e+001  5.922000e+000
      vertex -2.704139e+001 -8.276751e+001  6.596626e+000
    endloop
  endfacet
  facet normal -3.246149e-004 -9.801857e-001  1.980804e-001
    outer loop
      vertex -3.523977e+001 -8.265540e+001  7.137940e+000
      vertex -2.704139e+001 -8.276751e+001  6.596626e+000
      vertex -2.646109e+001 -8.268433e+001  7.009166e+000
    endloop
  endfacet
  facet normal -2.508377e-009 -9.461842e-001 -3.236286e-001
    outer loop
      vertex  3.485523e+001 -8.225282e+001  1.310453e-001
      vertex  3.525316e+001 -8.234589e+001  4.031767e-001
      vertex -3.485524e+001 -8.225282e+001  1.310458e-001
    endloop
  endfacet
  facet normal -5.385905e-004 -9.804826e-001 -1.966048e-001
    outer loop
      vertex -3.485524e+001 -8.225282e+001  1.310458e-001
      vertex  3.525316e+001 -8.234589e+001  4.031767e-001
      vertex -2.612500e+001 -8.295435e+001  3.605752e+000
    endloop
  endfacet
  facet normal  3.384284e-002 -9.597518e-001 -2.788029e-001
    outer loop
      vertex -3.485524e+001 -8.225282e+001  1.310458e-001
      vertex -2.612500e+001 -8.295435e+001  3.605752e+000
      vertex -3.525317e+001 -8.234590e+001  4.031821e-001
    endloop
  endfacet
  facet normal -2.543754e-003 -9.837279e-001 -1.796467e-001
    outer loop
      vertex -3.525317e+001 -8.234590e+001  4.031821e-001
      vertex -2.612500e+001 -8.295435e+001  3.605752e+000
      vertex -3.365522e+001 -8.296201e+001  3.754281e+000
    endloop
  endfacet
  facet normal -7.133702e-005 -9.997402e-001 -2.279514e-002
    outer loop
      vertex  3.365522e+001 -8.296201e+001  3.754282e+000
      vertex  3.337500e+001 -8.297500e+001  4.324994e+000
      vertex -2.612500e+001 -8.295435e+001  3.605752e+000
    endloop
  endfacet
  facet normal -2.465294e-004 -9.999655e-001 -8.308646e-003
    outer loop
      vertex -2.612500e+001 -8.295435e+001  3.605752e+000
      vertex  3.337500e+001 -8.297500e+001  4.324994e+000
      vertex -2.579004e+001 -8.296465e+001  4.834486e+000
    endloop
  endfacet
  facet normal  8.464128e-004 -9.999626e-001 -8.606566e-003
    outer loop
      vertex -2.612500e+001 -8.295435e+001  3.605752e+000
      vertex -2.579004e+001 -8.296465e+001  4.834486e+000
      vertex -3.365522e+001 -8.296201e+001  3.754281e+000
    endloop
  endfacet
  facet normal -7.782257e-004 -9.999945e-001  3.222652e-003
    outer loop
      vertex -3.365522e+001 -8.296201e+001  3.754281e+000
      vertex -2.579004e+001 -8.296465e+001  4.834486e+000
      vertex -2.650410e+001 -8.296404e+001  4.849075e+000
    endloop
  endfacet
  facet normal  3.459560e-003 -9.996949e-001 -2.445768e-002
    outer loop
      vertex -3.365522e+001 -8.296201e+001  3.754281e+000
      vertex -2.650410e+001 -8.296404e+001  4.849075e+000
      vertex -3.337500e+001 -8.297500e+001  4.324994e+000
    endloop
  endfacet
  facet normal  1.326402e-003  9.331957e-001 -3.593663e-001
    outer loop
      vertex -2.573173e+001 -8.104545e+001  6.989812e+000
      vertex  3.484716e+001 -8.061556e+001  8.329725e+000
      vertex  3.501200e+001 -8.065858e+001  8.218615e+000
    endloop
  endfacet
  facet normal -7.072150e-003  9.379928e-001 -3.465827e-001
    outer loop
      vertex -3.494041e+001 -8.064344e+001  8.258141e+000
      vertex -2.645107e+001 -8.103979e+001  7.012214e+000
      vertex -3.501200e+001 -8.065858e+001  8.218615e+000
    endloop
  endfacet
  facet normal -9.656530e-003  9.320155e-001 -3.622897e-001
    outer loop
      vertex -3.494041e+001 -8.064344e+001  8.258141e+000
      vertex -3.479440e+001 -8.056573e+001  8.454151e+000
      vertex -2.645107e+001 -8.103979e+001  7.012214e+000
    endloop
  endfacet
  facet normal  7.915083e-003  9.794018e-001  2.017657e-001
    outer loop
      vertex -3.389645e+001 -8.134087e+001  3.461500e+000
      vertex -2.612500e+001 -8.126984e+001  2.811844e+000
      vertex -3.550301e+001 -8.076197e+001  7.144759e-001
    endloop
  endfacet
  facet normal  0.000000e+000  9.228786e-001 -3.850909e-001
    outer loop
      vertex -3.487229e+001 -8.053753e+001  8.522680e+000
      vertex -3.504912e+001 -8.052574e+001  8.550929e+000
      vertex  3.504912e+001 -8.052574e+001  8.550929e+000
    endloop
  endfacet
  facet normal -1.327452e-006  9.240421e-001 -3.822908e-001
    outer loop
      vertex -3.487229e+001 -8.053753e+001  8.522680e+000
      vertex  3.504912e+001 -8.052574e+001  8.550929e+000
      vertex  3.479782e+001 -8.056215e+001  8.462929e+000
    endloop
  endfacet
  facet normal  8.798740e-006  9.281603e-001 -3.721806e-001
    outer loop
      vertex -3.487229e+001 -8.053753e+001  8.522680e+000
      vertex  3.479782e+001 -8.056215e+001  8.462929e+000
      vertex  3.484716e+001 -8.061556e+001  8.329725e+000
    endloop
  endfacet
  facet normal  1.952308e-004  9.495929e-001 -3.134856e-001
    outer loop
      vertex -3.487229e+001 -8.053753e+001  8.522680e+000
      vertex  3.484716e+001 -8.061556e+001  8.329725e+000
      vertex -2.573173e+001 -8.104545e+001  6.989812e+000
    endloop
  endfacet
  facet normal -2.851851e-003  9.440410e-001 -3.298159e-001
    outer loop
      vertex -3.487229e+001 -8.053753e+001  8.522680e+000
      vertex -2.573173e+001 -8.104545e+001  6.989812e+000
      vertex -2.645107e+001 -8.103979e+001  7.012214e+000
    endloop
  endfacet
  facet normal -1.635135e-002  9.179336e-001 -3.963971e-001
    outer loop
      vertex -3.487229e+001 -8.053753e+001  8.522680e+000
      vertex -2.645107e+001 -8.103979e+001  7.012214e+000
      vertex -3.479440e+001 -8.056573e+001  8.454151e+000
    endloop
  endfacet
  facet normal -5.249200e-003  9.422110e-001 -3.349789e-001
    outer loop
      vertex -3.550297e+001 -8.076199e+001  7.935445e+000
      vertex -3.501200e+001 -8.065858e+001  8.218615e+000
      vertex -2.645107e+001 -8.103979e+001  7.012214e+000
    endloop
  endfacet
  facet normal  5.890473e-003  9.720416e-001 -2.347350e-001
    outer loop
      vertex -3.550297e+001 -8.076199e+001  7.935445e+000
      vertex -2.645107e+001 -8.103979e+001  7.012214e+000
      vertex -2.704007e+001 -8.113615e+001  6.598408e+000
    endloop
  endfacet
  facet normal  1.476648e-002  9.832452e-001 -1.816887e-001
    outer loop
      vertex -3.550297e+001 -8.076199e+001  7.935445e+000
      vertex -2.704007e+001 -8.113615e+001  6.598408e+000
      vertex -2.726293e+001 -8.125780e+001  5.922000e+000
    endloop
  endfacet
  facet normal  3.343468e-002  9.936059e-001 -1.078402e-001
    outer loop
      vertex -3.550297e+001 -8.076199e+001  7.935445e+000
      vertex -2.726293e+001 -8.125780e+001  5.922000e+000
      vertex -2.707902e+001 -8.133131e+001  5.301729e+000
    endloop
  endfacet
  facet normal  2.033778e-003  9.787464e-001 -2.050641e-001
    outer loop
      vertex -3.550297e+001 -8.076199e+001  7.935445e+000
      vertex -2.707902e+001 -8.133131e+001  5.301729e+000
      vertex -3.389645e+001 -8.134087e+001  5.188488e+000
    endloop
  endfacet
  facet normal -1.169055e-004  9.785229e-001 -2.061381e-001
    outer loop
      vertex  3.550297e+001 -8.076199e+001  7.935445e+000
      vertex  3.389645e+001 -8.134087e+001  5.188488e+000
      vertex -2.521168e+001 -8.133640e+001  5.243233e+000
    endloop
  endfacet
  facet normal -4.362037e-003  9.935169e-001 -1.136011e-001
    outer loop
      vertex  3.550297e+001 -8.076199e+001  7.935445e+000
      vertex -2.521168e+001 -8.133640e+001  5.243233e+000
      vertex -2.498707e+001 -8.125780e+001  5.922000e+000
    endloop
  endfacet
  facet normal -2.241556e-003  9.845484e-001 -1.750984e-001
    outer loop
      vertex  3.550297e+001 -8.076199e+001  7.935445e+000
      vertex -2.498707e+001 -8.125780e+001  5.922000e+000
      vertex -2.517140e+001 -8.114779e+001  6.542917e+000
    endloop
  endfacet
  facet normal -1.044436e-003  9.744806e-001 -2.244693e-001
    outer loop
      vertex  3.550297e+001 -8.076199e+001  7.935445e+000
      vertex -2.517140e+001 -8.114779e+001  6.542917e+000
      vertex -2.573173e+001 -8.104545e+001  6.989812e+000
    endloop
  endfacet
  facet normal  9.249031e-004  9.398410e-001 -3.416111e-001
    outer loop
      vertex  3.550297e+001 -8.076199e+001  7.935445e+000
      vertex -2.573173e+001 -8.104545e+001  6.989812e+000
      vertex  3.501200e+001 -8.065858e+001  8.218615e+000
    endloop
  endfacet
  facet normal  -0.000000e+000  9.225470e-001  3.858847e-001
    outer loop
      vertex  3.315300e+001 -8.048368e+001  0.000000e+000
      vertex -3.315300e+001 -8.048368e+001  0.000000e+000
      vertex  3.446165e+001 -8.057066e+001  2.079342e-001
    endloop
  endfacet
  facet normal  4.140696e-004  9.633350e-001  2.683012e-001
    outer loop
      vertex  3.446165e+001 -8.057066e+001  2.079342e-001
      vertex -3.315300e+001 -8.048368e+001  0.000000e+000
      vertex -2.612500e+001 -8.126984e+001  2.811844e+000
    endloop
  endfacet
  facet normal -1.502550e-002  9.525896e-001  3.038870e-001
    outer loop
      vertex -3.315300e+001 -8.048368e+001  0.000000e+000
      vertex -3.446165e+001 -8.057066e+001  2.079342e-001
      vertex -2.612500e+001 -8.126984e+001  2.811844e+000
    endloop
  endfacet
  facet normal -1.968679e-002  9.480254e-001  3.175850e-001
    outer loop
      vertex -2.612500e+001 -8.126984e+001  2.811844e+000
      vertex -3.446165e+001 -8.057066e+001  2.079342e-001
      vertex -3.550301e+001 -8.076197e+001  7.144759e-001
    endloop
  endfacet
  facet normal -5.153071e-003  9.990787e-001  4.260544e-002
    outer loop
      vertex -3.337500e+001 -8.137500e+001  4.324994e+000
      vertex -2.651810e+001 -8.136220e+001  4.854123e+000
      vertex -3.389645e+001 -8.134087e+001  3.461500e+000
    endloop
  endfacet
  facet normal  1.699599e-003  9.999785e-001  6.312609e-003
    outer loop
      vertex -3.389645e+001 -8.134087e+001  3.461500e+000
      vertex -2.651810e+001 -8.136220e+001  4.854123e+000
      vertex -2.580049e+001 -8.136327e+001  4.831323e+000
    endloop
  endfacet
  facet normal -5.196325e-003  9.988790e-001  4.705112e-002
    outer loop
      vertex -3.389645e+001 -8.134087e+001  3.461500e+000
      vertex -2.580049e+001 -8.136327e+001  4.831323e+000
      vertex -2.612500e+001 -8.126984e+001  2.811844e+000
    endloop
  endfacet
  facet normal  5.926026e-004  9.989356e-001  4.612350e-002
    outer loop
      vertex -2.612500e+001 -8.126984e+001  2.811844e+000
      vertex -2.580049e+001 -8.136327e+001  4.831323e+000
      vertex  3.337500e+001 -8.137500e+001  4.324994e+000
    endloop
  endfacet
  facet normal  7.500369e-004  9.992014e-001  3.995135e-002
    outer loop
      vertex -2.612500e+001 -8.126984e+001  2.811844e+000
      vertex  3.337500e+001 -8.137500e+001  4.324994e+000
      vertex  3.389645e+001 -8.134087e+001  3.461500e+000
    endloop
  endfacet
  facet normal -2.500487e-004  9.976054e-001 -6.916282e-002
    outer loop
      vertex -2.707902e+001 -8.133131e+001  5.301729e+000
      vertex -2.651810e+001 -8.136220e+001  4.854123e+000
      vertex -3.389645e+001 -8.134087e+001  5.188488e+000
    endloop
  endfacet
  facet normal  1.129838e-003  9.992456e-001 -3.881786e-002
    outer loop
      vertex -3.389645e+001 -8.134087e+001  5.188488e+000
      vertex -2.651810e+001 -8.136220e+001  4.854123e+000
      vertex -3.337500e+001 -8.137500e+001  4.324994e+000
    endloop
  endfacet
  facet normal  6.125341e-002  9.688404e-001  2.399923e-001
    outer loop
      vertex  3.550301e+001 -8.076197e+001  7.144759e-001
      vertex  3.446165e+001 -8.057066e+001  2.079342e-001
      vertex  3.389645e+001 -8.134087e+001  3.461500e+000
    endloop
  endfacet
  facet normal -1.339343e-003  9.731564e-001  2.301407e-001
    outer loop
      vertex  3.389645e+001 -8.134087e+001  3.461500e+000
      vertex  3.446165e+001 -8.057066e+001  2.079342e-001
      vertex -2.612500e+001 -8.126984e+001  2.811844e+000
    endloop
  endfacet
  facet normal  3.897427e-005  9.992186e-001 -3.952262e-002
    outer loop
      vertex  3.389645e+001 -8.134087e+001  5.188488e+000
      vertex  3.337500e+001 -8.137500e+001  4.324994e+000
      vertex -2.521168e+001 -8.133640e+001  5.243233e+000
    endloop
  endfacet
  facet normal -3.550718e-004  9.979107e-001 -6.460907e-002
    outer loop
      vertex -2.521168e+001 -8.133640e+001  5.243233e+000
      vertex  3.337500e+001 -8.137500e+001  4.324994e+000
      vertex -2.580049e+001 -8.136327e+001  4.831323e+000
    endloop
  endfacet
  facet normal  6.147879e-001 -2.175898e-003  7.886895e-001
    outer loop
      vertex -2.650410e+001 -8.296404e+001  4.849075e+000
      vertex -2.707902e+001 -8.133131e+001  5.301729e+000
      vertex -2.707305e+001 -8.293761e+001  5.292645e+000
    endloop
  endfacet
  facet normal  9.588054e-001  1.956009e-003  2.840571e-001
    outer loop
      vertex -2.707305e+001 -8.293761e+001  5.292645e+000
      vertex -2.707902e+001 -8.133131e+001  5.301729e+000
      vertex -2.726293e+001 -8.125780e+001  5.922000e+000
    endloop
  endfacet
  facet normal  9.573754e-001  0.000000e+000  2.888464e-001
    outer loop
      vertex -2.707305e+001 -8.293761e+001  5.292645e+000
      vertex -2.726293e+001 -8.125780e+001  5.922000e+000
      vertex -2.726293e+001 -8.287289e+001  5.922000e+000
    endloop
  endfacet
  facet normal  6.238318e-001  2.987128e-003  7.815530e-001
    outer loop
      vertex -2.707902e+001 -8.133131e+001  5.301729e+000
      vertex -2.650410e+001 -8.296404e+001  4.849075e+000
      vertex -2.651810e+001 -8.136220e+001  4.854123e+000
    endloop
  endfacet
  facet normal  2.042380e-002 -2.972141e-003  9.997870e-001
    outer loop
      vertex -2.651810e+001 -8.136220e+001  4.854123e+000
      vertex -2.650410e+001 -8.296404e+001  4.849075e+000
      vertex -2.579004e+001 -8.296465e+001  4.834486e+000
    endloop
  endfacet
  facet normal  3.175986e-002  2.181912e-003  9.994932e-001
    outer loop
      vertex -2.651810e+001 -8.136220e+001  4.854123e+000
      vertex -2.579004e+001 -8.296465e+001  4.834486e+000
      vertex -2.580049e+001 -8.136327e+001  4.831323e+000
    endloop
  endfacet
  facet normal -5.781617e-001 -2.160323e-003  8.159193e-001
    outer loop
      vertex -2.580049e+001 -8.136327e+001  4.831323e+000
      vertex -2.579004e+001 -8.296465e+001  4.834486e+000
      vertex -2.520989e+001 -8.294115e+001  5.245640e+000
    endloop
  endfacet
  facet normal -5.732404e-001  5.922481e-004  8.193870e-001
    outer loop
      vertex -2.580049e+001 -8.136327e+001  4.831323e+000
      vertex -2.520989e+001 -8.294115e+001  5.245640e+000
      vertex -2.521168e+001 -8.133640e+001  5.243233e+000
    endloop
  endfacet
  facet normal -9.497681e-001 -5.859673e-004  3.129539e-001
    outer loop
      vertex -2.521168e+001 -8.133640e+001  5.243233e+000
      vertex -2.520989e+001 -8.294115e+001  5.245640e+000
      vertex -2.498707e+001 -8.287289e+001  5.922000e+000
    endloop
  endfacet
  facet normal -9.493734e-001  0.000000e+000  3.141498e-001
    outer loop
      vertex -2.521168e+001 -8.133640e+001  5.243233e+000
      vertex -2.498707e+001 -8.287289e+001  5.922000e+000
      vertex -2.498707e+001 -8.125780e+001  5.922000e+000
    endloop
  endfacet
  facet normal -6.148399e-001 -2.122201e-003 -7.886492e-001
    outer loop
      vertex -2.574585e+001 -8.268745e+001  6.994909e+000
      vertex -2.517140e+001 -8.114779e+001  6.542917e+000
      vertex -2.517732e+001 -8.277567e+001  6.551910e+000
    endloop
  endfacet
  facet normal -9.585539e-001  1.909965e-003 -2.849046e-001
    outer loop
      vertex -2.517732e+001 -8.277567e+001  6.551910e+000
      vertex -2.517140e+001 -8.114779e+001  6.542917e+000
      vertex -2.498707e+001 -8.125780e+001  5.922000e+000
    endloop
  endfacet
  facet normal -9.572912e-001  -0.000000e+000 -2.891255e-001
    outer loop
      vertex -2.517732e+001 -8.277567e+001  6.551910e+000
      vertex -2.498707e+001 -8.125780e+001  5.922000e+000
      vertex -2.498707e+001 -8.287289e+001  5.922000e+000
    endloop
  endfacet
  facet normal -6.232025e-001  2.933732e-003 -7.820550e-001
    outer loop
      vertex -2.517140e+001 -8.114779e+001  6.542917e+000
      vertex -2.574585e+001 -8.268745e+001  6.994909e+000
      vertex -2.573173e+001 -8.104545e+001  6.989812e+000
    endloop
  endfacet
  facet normal -1.994124e-002 -2.931910e-003 -9.997969e-001
    outer loop
      vertex -2.573173e+001 -8.104545e+001  6.989812e+000
      vertex -2.574585e+001 -8.268745e+001  6.994909e+000
      vertex -2.646109e+001 -8.268433e+001  7.009166e+000
    endloop
  endfacet
  facet normal -3.111101e-002  2.042376e-003 -9.995138e-001
    outer loop
      vertex -2.573173e+001 -8.104545e+001  6.989812e+000
      vertex -2.646109e+001 -8.268433e+001  7.009166e+000
      vertex -2.645107e+001 -8.103979e+001  7.012214e+000
    endloop
  endfacet
  facet normal  5.796065e-001 -2.022040e-003 -8.148941e-001
    outer loop
      vertex -2.645107e+001 -8.103979e+001  7.012214e+000
      vertex -2.646109e+001 -8.268433e+001  7.009166e+000
      vertex -2.704139e+001 -8.276751e+001  6.596626e+000
    endloop
  endfacet
  facet normal  5.748141e-001  4.307667e-004 -8.182839e-001
    outer loop
      vertex -2.645107e+001 -8.103979e+001  7.012214e+000
      vertex -2.704139e+001 -8.276751e+001  6.596626e+000
      vertex -2.704007e+001 -8.113615e+001  6.598408e+000
    endloop
  endfacet
  facet normal  9.501016e-001 -4.246346e-004 -3.119401e-001
    outer loop
      vertex -2.704007e+001 -8.113615e+001  6.598408e+000
      vertex -2.704139e+001 -8.276751e+001  6.596626e+000
      vertex -2.726293e+001 -8.287289e+001  5.922000e+000
    endloop
  endfacet
  facet normal  9.497783e-001  0.000000e+000 -3.129238e-001
    outer loop
      vertex -2.704007e+001 -8.113615e+001  6.598408e+000
      vertex -2.726293e+001 -8.287289e+001  5.922000e+000
      vertex -2.726293e+001 -8.125780e+001  5.922000e+000
    endloop
  endfacet
  facet normal  0.000000e+000  0.000000e+000 -1.000000e+000
    outer loop
      vertex  2.852604e+001  7.445354e+001 -1.200000e+000
      vertex  2.852604e+001  7.533017e+001 -1.200000e+000
      vertex  2.955599e+001  7.445354e+001 -1.200000e+000
    endloop
  endfacet
  facet normal  0.000000e+000  0.000000e+000 -9.999999e-001
    outer loop
      vertex  2.710630e+001  5.598278e+001 -1.200000e+000
      vertex  2.709120e+001  5.682659e+001 -1.200000e+000
      vertex  2.711573e+001  5.605295e+001 -1.200000e+000
    endloop
  endfacet
  facet normal  -0.000000e+000  0.000000e+000 -1.000000e+000
    outer loop
      vertex  2.709120e+001  5.682659e+001 -1.200000e+000
      vertex  2.712642e+001  5.612587e+001 -1.200000e+000
      vertex  2.711573e+001  5.605295e+001 -1.200000e+000
    endloop
  endfacet
  facet normal  0.000000e+000  0.000000e+000 -9.999999e-001
    outer loop
      vertex  2.712642e+001  5.612587e+001 -1.200000e+000
      vertex  2.709120e+001  5.682659e+001 -1.200000e+000
      vertex  2.713837e+001  5.620155e+001 -1.200000e+000
    endloop
  endfacet
  facet normal  -0.000000e+000  0.000000e+000 -1.000000e+000
    outer loop
      vertex  2.709120e+001  5.682659e+001 -1.200000e+000
      vertex  2.714785e+001  5.626369e+001 -1.200000e+000
      vertex  2.713837e+001  5.620155e+001 -1.200000e+000
    endloop
  endfacet
  facet normal  0.000000e+000  0.000000e+000 -1.000000e+000
    outer loop
      vertex  2.714785e+001  5.626369e+001 -1.200000e+000
      vertex  2.709120e+001  5.682659e+001 -1.200000e+000
      vertex  2.715740e+001  5.632593e+001 -1.200000e+000
    endloop
  endfacet
  facet normal  -0.000000e+000  0.000000e+000 -1.000000e+000
    outer loop
      vertex  2.709120e+001  5.682659e+001 -1.200000e+000
      vertex  2.716703e+001  5.638824e+001 -1.200000e+000
      vertex  2.715740e+001  5.632593e+001 -1.200000e+000
    endloop
  endfacet
  facet normal  0.000000e+000  0.000000e+000 -1.000000e+000
    outer loop
      vertex  2.716703e+001  5.638824e+001 -1.200000e+000
      vertex  2.709120e+001  5.682659e+001 -1.200000e+000
      vertex  2.717674e+001  5.645062e+001 -1.200000e+000
    endloop
  endfacet
  facet normal  -0.000000e+000  0.000000e+000 -1.000000e+000
    outer loop
      vertex  2.709120e+001  5.682659e+001 -1.200000e+000
      vertex  2.718653e+001  5.651308e+001 -1.200000e+000
      vertex  2.717674e+001  5.645062e+001 -1.200000e+000
    endloop
  endfacet
  facet normal  0.000000e+000  0.000000e+000 -1.000000e+000
    outer loop
      vertex  2.718653e+001  5.651308e+001 -1.200000e+000
      vertex  2.709120e+001  5.682659e+001 -1.200000e+000
      vertex  2.719640e+001  5.657563e+001 -1.200000e+000
    endloop
  endfacet
  facet normal  -0.000000e+000  0.000000e+000 -1.000000e+000
    outer loop
      vertex  2.709120e+001  5.682659e+001 -1.200000e+000
      vertex  2.720634e+001  5.663825e+001 -1.200000e+000
      vertex  2.719640e+001  5.657563e+001 -1.200000e+000
    endloop
  endfacet
  facet normal  0.000000e+000  0.000000e+000 -1.000000e+000
    outer loop
      vertex  2.720634e+001  5.663825e+001 -1.200000e+000
      vertex  2.709120e+001  5.682659e+001 -1.200000e+000
      vertex  2.721637e+001  5.670095e+001 -1.200000e+000
    endloop
  endfacet
  facet normal  -0.000000e+000  0.000000e+000 -1.000000e+000
    outer loop
      vertex  2.709120e+001  5.682659e+001 -1.200000e+000
      vertex  2.722647e+001  5.676373e+001 -1.200000e+000
      vertex  2.721637e+001  5.670095e+001 -1.200000e+000
    endloop
  endfacet
  facet normal  -0.000000e+000  -0.000000e+000 -1.000000e+000
    outer loop
      vertex  2.924150e+001  6.312811e+001 -1.200000e+000
      vertex  3.106159e+001  6.312811e+001 -1.200000e+000
      vertex  3.106159e+001  6.233796e+001 -1.200000e+000
    endloop
  endfacet
  facet normal  0.000000e+000  0.000000e+000 -1.000000e+000
    outer loop
      vertex  2.860467e+001  6.312811e+001 -1.200000e+000
      vertex  2.709120e+001  6.241658e+001 -1.200000e+000
      vertex  2.490945e+001  6.312811e+001 -1.200000e+000
    endloop
  endfacet
  facet normal  0.000000e+000  0.000000e+000 -1.000000e+000
    outer loop
      vertex  2.723665e+001  5.682659e+001 -1.200000e+000
      vertex  2.722647e+001  5.676373e+001 -1.200000e+000
      vertex  2.709120e+001  5.682659e+001 -1.200000e+000
    endloop
  endfacet
  facet normal  0.000000e+000  0.000000e+000 -1.000000e+000
    outer loop
      vertex  2.758258e+001  5.186557e+001 -1.200000e+000
      vertex  2.147324e+001 -5.092500e+001 -1.200000e+000
      vertex  2.100790e+001 -4.918836e+001 -1.200000e+000
    endloop
  endfacet
  facet normal  0.000000e+000  0.000000e+000 -1.000000e+000
    outer loop
      vertex  2.758258e+001  5.186557e+001 -1.200000e+000
      vertex  2.100790e+001 -4.918836e+001 -1.200000e+000
      vertex  1.973660e+001 -4.791707e+001 -1.200000e+000
    endloop
  endfacet
  facet normal  0.000000e+000  0.000000e+000 -1.000000e+000
    outer loop
      vertex  2.758258e+001  5.186557e+001 -1.200000e+000
      vertex  1.973660e+001 -4.791707e+001 -1.200000e+000
      vertex  1.799997e+001 -4.745176e+001 -1.200000e+000
    endloop
  endfacet
  facet normal  0.000000e+000  0.000000e+000 -1.000000e+000
    outer loop
      vertex  2.974075e+001  5.272647e+001 -1.200000e+000
      vertex  2.974075e+001  5.186557e+001 -1.200000e+000
      vertex  2.928867e+001  5.211322e+001 -1.200000e+000
    endloop
  endfacet
  facet normal  0.000000e+000  0.000000e+000 -1.000000e+000
    outer loop
      vertex  2.974075e+001  5.272647e+001 -1.200000e+000
      vertex  2.928867e+001  5.211322e+001 -1.200000e+000
      vertex  2.928867e+001  5.357166e+001 -1.200000e+000
    endloop
  endfacet
  facet normal  0.000000e+000  0.000000e+000 -9.999999e-001
    outer loop
      vertex  2.974075e+001  5.272647e+001 -1.200000e+000
      vertex  2.928867e+001  5.357166e+001 -1.200000e+000
      vertex  3.040117e+001  5.357166e+001 -1.200000e+000
    endloop
  endfacet
  facet normal  0.000000e+000  -0.000000e+000 -1.000000e+000
    outer loop
      vertex  2.974075e+001  5.272647e+001 -1.200000e+000
      vertex  3.040117e+001  5.357166e+001 -1.200000e+000
      vertex  3.040117e+001  5.272647e+001 -1.200000e+000
    endloop
  endfacet
  facet normal  -0.000000e+000  0.000000e+000 -1.000000e+000
    outer loop
      vertex  2.709482e+001  5.539174e+001 -1.200000e+000
      vertex  2.711899e+001  5.531804e+001 -1.200000e+000
      vertex  2.709611e+001  5.402180e+001 -1.200000e+000
    endloop
  endfacet
  facet normal  -0.000000e+000  0.000000e+000 -1.000000e+000
    outer loop
      vertex  2.709482e+001  5.539174e+001 -1.200000e+000
      vertex  2.709611e+001  5.402180e+001 -1.200000e+000
      vertex  2.709120e+001  5.392545e+001 -1.200000e+000
    endloop
  endfacet
  facet normal  0.000000e+000  0.000000e+000 -1.000000e+000
    outer loop
      vertex  2.709482e+001  5.539174e+001 -1.200000e+000
      vertex  2.709120e+001  5.392545e+001 -1.200000e+000
      vertex  2.708031e+001  5.547528e+001 -1.200000e+000
    endloop
  endfacet
  facet normal  -0.000000e+000  0.000000e+000 -9.999999e-001
    outer loop
      vertex  2.755900e+001  5.507726e+001 -1.200000e+000
      vertex  3.106159e+001  5.507726e+001 -1.200000e+000
      vertex  2.758258e+001  5.443256e+001 -1.200000e+000
    endloop
  endfacet
  facet normal  -0.000000e+000  0.000000e+000 -9.999999e-001
    outer loop
      vertex  2.755900e+001  5.507726e+001 -1.200000e+000
      vertex  2.758258e+001  5.443256e+001 -1.200000e+000
      vertex  2.748922e+001  5.442749e+001 -1.200000e+000
    endloop
  endfacet
  facet normal  -0.000000e+000  0.000000e+000 -1.000000e+000
    outer loop
      vertex  2.755900e+001  5.507726e+001 -1.200000e+000
      vertex  2.748922e+001  5.442749e+001 -1.200000e+000
      vertex  2.740569e+001  5.441227e+001 -1.200000e+000
    endloop
  endfacet
  facet normal  -0.000000e+000  0.000000e+000 -9.999999e-001
    outer loop
      vertex  2.755900e+001  5.507726e+001 -1.200000e+000
      vertex  2.740569e+001  5.441227e+001 -1.200000e+000
      vertex  2.733198e+001  5.438692e+001 -1.200000e+000
    endloop
  endfacet
  facet normal  -0.000000e+000  0.000000e+000 -1.000000e+000
    outer loop
      vertex  2.755900e+001  5.507726e+001 -1.200000e+000
      vertex  2.733198e+001  5.438692e+001 -1.200000e+000
      vertex  2.726810e+001  5.435142e+001 -1.200000e+000
    endloop
  endfacet
  facet normal  -0.000000e+000  0.000000e+000 -1.000000e+000
    outer loop
      vertex  2.755900e+001  5.507726e+001 -1.200000e+000
      vertex  2.726810e+001  5.435142e+001 -1.200000e+000
      vertex  2.721405e+001  5.430578e+001 -1.200000e+000
    endloop
  endfacet
  facet normal  0.000000e+000  0.000000e+000 -1.000000e+000
    outer loop
      vertex  3.106159e+001  5.507726e+001 -1.200000e+000
      vertex  3.105668e+001  5.402180e+001 -1.200000e+000
      vertex  3.104193e+001  5.410801e+001 -1.200000e+000
    endloop
  endfacet
  facet normal  0.000000e+000  0.000000e+000 -1.000000e+000
    outer loop
      vertex  3.106159e+001  5.507726e+001 -1.200000e+000
      vertex  3.104193e+001  5.410801e+001 -1.200000e+000
      vertex  3.101737e+001  5.418407e+001 -1.200000e+000
    endloop
  endfacet
  facet normal  0.000000e+000  0.000000e+000 -1.000000e+000
    outer loop
      vertex  3.106159e+001  5.507726e+001 -1.200000e+000
      vertex  3.101737e+001  5.418407e+001 -1.200000e+000
      vertex  3.098297e+001  5.425000e+001 -1.200000e+000
    endloop
  endfacet
  facet normal  0.000000e+000  0.000000e+000 -1.000000e+000
    outer loop
      vertex  3.106159e+001  5.507726e+001 -1.200000e+000
      vertex  3.098297e+001  5.425000e+001 -1.200000e+000
      vertex  3.093875e+001  5.430578e+001 -1.200000e+000
    endloop
  endfacet
  facet normal  0.000000e+000  0.000000e+000 -1.000000e+000
    outer loop
      vertex  3.106159e+001  5.507726e+001 -1.200000e+000
      vertex  3.093875e+001  5.430578e+001 -1.200000e+000
      vertex  3.088469e+001  5.435142e+001 -1.200000e+000
    endloop
  endfacet
  facet normal  0.000000e+000  0.000000e+000 -1.000000e+000
    outer loop
      vertex  3.106159e+001  5.507726e+001 -1.200000e+000
      vertex  3.088469e+001  5.435142e+001 -1.200000e+000
      vertex  3.082081e+001  5.438692e+001 -1.200000e+000
    endloop
  endfacet
  facet normal  0.000000e+000  0.000000e+000 -1.000000e+000
    outer loop
      vertex  3.106159e+001  5.507726e+001 -1.200000e+000
      vertex  3.082081e+001  5.438692e+001 -1.200000e+000
      vertex  3.074710e+001  5.441227e+001 -1.200000e+000
    endloop
  endfacet
  facet normal  0.000000e+000  0.000000e+000 -9.999999e-001
    outer loop
      vertex  3.106159e+001  5.507726e+001 -1.200000e+000
      vertex  3.074710e+001  5.441227e+001 -1.200000e+000
      vertex  3.066357e+001  5.442749e+001 -1.200000e+000
    endloop
  endfacet
  facet normal  0.000000e+000  0.000000e+000 -1.000000e+000
    outer loop
      vertex  3.106159e+001  5.507726e+001 -1.200000e+000
      vertex  3.066357e+001  5.442749e+001 -1.200000e+000
      vertex  3.057021e+001  5.443256e+001 -1.200000e+000
    endloop
  endfacet
  facet normal  0.000000e+000  0.000000e+000 -1.000000e+000
    outer loop
      vertex  3.106159e+001  5.507726e+001 -1.200000e+000
      vertex  3.057021e+001  5.443256e+001 -1.200000e+000
      vertex  2.758258e+001  5.443256e+001 -1.200000e+000
    endloop
  endfacet
  facet normal  -0.000000e+000  0.000000e+000 -1.000000e+000
    outer loop
      vertex  2.490945e+001  6.312811e+001 -1.200000e+000
      vertex  2.709611e+001  6.058277e+001 -1.200000e+000
      vertex  2.709120e+001  6.048642e+001 -1.200000e+000
    endloop
  endfacet
  facet normal  -0.000000e+000  -0.000000e+000 -9.999999e-001
    outer loop
      vertex  2.490945e+001  6.312811e+001 -1.200000e+000
      vertex  2.709120e+001  6.048642e+001 -1.200000e+000
      vertex  2.709120e+001  5.887468e+001 -1.200000e+000
    endloop
  endfacet
  facet normal  -0.000000e+000  -0.000000e+000 -1.000000e+000
    outer loop
      vertex  2.490945e+001  6.312811e+001 -1.200000e+000
      vertex  2.709120e+001  5.887468e+001 -1.200000e+000
      vertex  2.709612e+001  5.877982e+001 -1.200000e+000
    endloop
  endfacet
  facet normal  -0.000000e+000  0.000000e+000 -1.000000e+000
    outer loop
      vertex  2.490945e+001  6.312811e+001 -1.200000e+000
      vertex  2.709612e+001  5.877982e+001 -1.200000e+000
      vertex  2.709120e+001  5.772680e+001 -1.200000e+000
    endloop
  endfacet
  facet normal  -0.000000e+000  -0.000000e+000 -1.000000e+000
    outer loop
      vertex  2.490945e+001  6.312811e+001 -1.200000e+000
      vertex  2.709120e+001  5.772680e+001 -1.200000e+000
      vertex  2.709120e+001  5.682659e+001 -1.200000e+000
    endloop
  endfacet
  facet normal  -0.000000e+000  -0.000000e+000 -1.000000e+000
    outer loop
      vertex  2.490945e+001  6.312811e+001 -1.200000e+000
      vertex  2.709120e+001  5.682659e+001 -1.200000e+000
      vertex  2.710630e+001  5.598278e+001 -1.200000e+000
    endloop
  endfacet
  facet normal  -0.000000e+000  0.000000e+000 -1.000000e+000
    outer loop
      vertex  2.490945e+001  6.312811e+001 -1.200000e+000
      vertex  2.710630e+001  5.598278e+001 -1.200000e+000
      vertex  2.709812e+001  5.591536e+001 -1.200000e+000
    endloop
  endfacet
  facet normal  -0.000000e+000  0.000000e+000 -1.000000e+000
    outer loop
      vertex  2.490945e+001  6.312811e+001 -1.200000e+000
      vertex  2.709812e+001  5.591536e+001 -1.200000e+000
      vertex  2.709120e+001  5.585069e+001 -1.200000e+000
    endloop
  endfacet
  facet normal  -0.000000e+000  0.000000e+000 -1.000000e+000
    outer loop
      vertex  2.490945e+001  6.312811e+001 -1.200000e+000
      vertex  2.709120e+001  5.585069e+001 -1.200000e+000
      vertex  2.708554e+001  5.578878e+001 -1.200000e+000
    endloop
  endfacet
  facet normal  -0.000000e+000  0.000000e+000 -1.000000e+000
    outer loop
      vertex  2.490945e+001  6.312811e+001 -1.200000e+000
      vertex  2.708554e+001  5.578878e+001 -1.200000e+000
      vertex  2.708114e+001  5.572962e+001 -1.200000e+000
    endloop
  endfacet
  facet normal  -0.000000e+000  0.000000e+000 -1.000000e+000
    outer loop
      vertex  2.490945e+001  6.312811e+001 -1.200000e+000
      vertex  2.708114e+001  5.572962e+001 -1.200000e+000
      vertex  2.707799e+001  5.567321e+001 -1.200000e+000
    endloop
  endfacet
  facet normal  -0.000000e+000  0.000000e+000 -1.000000e+000
    outer loop
      vertex  2.490945e+001  6.312811e+001 -1.200000e+000
      vertex  2.707799e+001  5.567321e+001 -1.200000e+000
      vertex  2.707611e+001  5.561955e+001 -1.200000e+000
    endloop
  endfacet
  facet normal  -0.000000e+000  0.000000e+000 -1.000000e+000
    outer loop
      vertex  2.490945e+001  6.312811e+001 -1.200000e+000
      vertex  2.707611e+001  5.561955e+001 -1.200000e+000
      vertex  2.707548e+001  5.556864e+001 -1.200000e+000
    endloop
  endfacet
  facet normal  -0.000000e+000  -0.000000e+000 -1.000000e+000
    outer loop
      vertex  2.490945e+001  6.312811e+001 -1.200000e+000
      vertex  2.707548e+001  5.556864e+001 -1.200000e+000
      vertex  2.708031e+001  5.547528e+001 -1.200000e+000
    endloop
  endfacet
  facet normal  -0.000000e+000  -0.000000e+000 -1.000000e+000
    outer loop
      vertex  2.490945e+001  6.312811e+001 -1.200000e+000
      vertex  2.708031e+001  5.547528e+001 -1.200000e+000
      vertex  2.709120e+001  5.392545e+001 -1.200000e+000
    endloop
  endfacet
  facet normal  -0.000000e+000  -0.000000e+000 -9.999999e-001
    outer loop
      vertex  2.490945e+001  6.312811e+001 -1.200000e+000
      vertex  2.709120e+001  5.392545e+001 -1.200000e+000
      vertex  2.709120e+001  5.237268e+001 -1.200000e+000
    endloop
  endfacet
  facet normal  -0.000000e+000  -0.000000e+000 -1.000000e+000
    outer loop
      vertex  2.490945e+001  6.312811e+001 -1.200000e+000
      vertex  2.709120e+001  5.237268e+001 -1.200000e+000
      vertex  2.709612e+001  5.227632e+001 -1.200000e+000
    endloop
  endfacet
  facet normal  -0.000000e+000  -0.000000e+000 -9.999999e-001
    outer loop
      vertex  2.709120e+001  6.147705e+001 -1.200000e+000
      vertex  2.710693e+001  6.147705e+001 -1.200000e+000
      vertex  2.758258e+001  6.099353e+001 -1.200000e+000
    endloop
  endfacet
  facet normal  -0.000000e+000  0.000000e+000 -1.000000e+000
    outer loop
      vertex  2.709120e+001  6.147705e+001 -1.200000e+000
      vertex  2.758258e+001  6.099353e+001 -1.200000e+000
      vertex  2.748922e+001  6.098846e+001 -1.200000e+000
    endloop
  endfacet
  facet normal  -0.000000e+000  0.000000e+000 -1.000000e+000
    outer loop
      vertex  2.709120e+001  6.147705e+001 -1.200000e+000
      vertex  2.748922e+001  6.098846e+001 -1.200000e+000
      vertex  2.740569e+001  6.097324e+001 -1.200000e+000
    endloop
  endfacet
  facet normal  -0.000000e+000  0.000000e+000 -1.000000e+000
    outer loop
      vertex  2.709120e+001  6.147705e+001 -1.200000e+000
      vertex  2.740569e+001  6.097324e+001 -1.200000e+000
      vertex  2.733198e+001  6.094789e+001 -1.200000e+000
    endloop
  endfacet
  facet normal  -0.000000e+000  0.000000e+000 -1.000000e+000
    outer loop
      vertex  2.709120e+001  6.147705e+001 -1.200000e+000
      vertex  2.733198e+001  6.094789e+001 -1.200000e+000
      vertex  2.726810e+001  6.091239e+001 -1.200000e+000
    endloop
  endfacet
  facet normal  -0.000000e+000  0.000000e+000 -1.000000e+000
    outer loop
      vertex  2.709120e+001  6.147705e+001 -1.200000e+000
      vertex  2.726810e+001  6.091239e+001 -1.200000e+000
      vertex  2.721405e+001  6.086675e+001 -1.200000e+000
    endloop
  endfacet
  facet normal  -0.000000e+000  0.000000e+000 -1.000000e+000
    outer loop
      vertex  2.709120e+001  6.147705e+001 -1.200000e+000
      vertex  2.721405e+001  6.086675e+001 -1.200000e+000
      vertex  2.716982e+001  6.081097e+001 -1.200000e+000
    endloop
  endfacet
  facet normal  -0.000000e+000  0.000000e+000 -1.000000e+000
    outer loop
      vertex  2.709120e+001  6.147705e+001 -1.200000e+000
      vertex  2.716982e+001  6.081097e+001 -1.200000e+000
      vertex  2.713543e+001  6.074505e+001 -1.200000e+000
    endloop
  endfacet
  facet normal  -0.000000e+000  0.000000e+000 -1.000000e+000
    outer loop
      vertex  2.709120e+001  6.147705e+001 -1.200000e+000
      vertex  2.713543e+001  6.074505e+001 -1.200000e+000
      vertex  2.711086e+001  6.066898e+001 -1.200000e+000
    endloop
  endfacet
  facet normal  -0.000000e+000  0.000000e+000 -1.000000e+000
    outer loop
      vertex  2.709120e+001  6.147705e+001 -1.200000e+000
      vertex  2.711086e+001  6.066898e+001 -1.200000e+000
      vertex  2.709611e+001  6.058277e+001 -1.200000e+000
    endloop
  endfacet
  facet normal  0.000000e+000  0.000000e+000 -1.000000e+000
    outer loop
      vertex  2.709120e+001  6.147705e+001 -1.200000e+000
      vertex  2.709611e+001  6.058277e+001 -1.200000e+000
      vertex  2.490945e+001  6.312811e+001 -1.200000e+000
    endloop
  endfacet
  facet normal  0.000000e+000  0.000000e+000 -1.000000e+000
    outer loop
      vertex  2.709120e+001  6.147705e+001 -1.200000e+000
      vertex  2.490945e+001  6.312811e+001 -1.200000e+000
      vertex  2.709120e+001  6.241658e+001 -1.200000e+000
    endloop
  endfacet
  facet normal  0.000000e+000  0.000000e+000 -1.000000e+000
    outer loop
      vertex  3.106159e+001  6.137878e+001 -1.200000e+000
      vertex  3.105668e+001  6.058277e+001 -1.200000e+000
      vertex  3.104193e+001  6.066898e+001 -1.200000e+000
    endloop
  endfacet
  facet normal  0.000000e+000  0.000000e+000 -1.000000e+000
    outer loop
      vertex  3.106159e+001  6.137878e+001 -1.200000e+000
      vertex  3.104193e+001  6.066898e+001 -1.200000e+000
      vertex  3.101737e+001  6.074505e+001 -1.200000e+000
    endloop
  endfacet
  facet normal  0.000000e+000  0.000000e+000 -9.999999e-001
    outer loop
      vertex  3.106159e+001  6.137878e+001 -1.200000e+000
      vertex  3.101737e+001  6.074505e+001 -1.200000e+000
      vertex  3.098297e+001  6.081097e+001 -1.200000e+000
    endloop
  endfacet
  facet normal  0.000000e+000  0.000000e+000 -1.000000e+000
    outer loop
      vertex  3.106159e+001  6.137878e+001 -1.200000e+000
      vertex  3.098297e+001  6.081097e+001 -1.200000e+000
      vertex  3.093875e+001  6.086675e+001 -1.200000e+000
    endloop
  endfacet
  facet normal  0.000000e+000  0.000000e+000 -1.000000e+000
    outer loop
      vertex  3.106159e+001  6.137878e+001 -1.200000e+000
      vertex  3.093875e+001  6.086675e+001 -1.200000e+000
      vertex  3.088469e+001  6.091239e+001 -1.200000e+000
    endloop
  endfacet
  facet normal  0.000000e+000  0.000000e+000 -1.000000e+000
    outer loop
      vertex  3.106159e+001  6.137878e+001 -1.200000e+000
      vertex  3.088469e+001  6.091239e+001 -1.200000e+000
      vertex  3.082081e+001  6.094789e+001 -1.200000e+000
    endloop
  endfacet
  facet normal  0.000000e+000  0.000000e+000 -1.000000e+000
    outer loop
      vertex  3.106159e+001  6.137878e+001 -1.200000e+000
      vertex  3.082081e+001  6.094789e+001 -1.200000e+000
      vertex  3.074710e+001  6.097324e+001 -1.200000e+000
    endloop
  endfacet
  facet normal  0.000000e+000  0.000000e+000 -1.000000e+000
    outer loop
      vertex  3.106159e+001  6.137878e+001 -1.200000e+000
      vertex  3.074710e+001  6.097324e+001 -1.200000e+000
      vertex  3.066357e+001  6.098846e+001 -1.200000e+000
    endloop
  endfacet
  facet normal  0.000000e+000  0.000000e+000 -9.999999e-001
    outer loop
      vertex  3.106159e+001  6.137878e+001 -1.200000e+000
      vertex  3.066357e+001  6.098846e+001 -1.200000e+000
      vertex  3.057021e+001  6.099353e+001 -1.200000e+000
    endloop
  endfacet
  facet normal  0.000000e+000  0.000000e+000 -9.999999e-001
    outer loop
      vertex  3.106159e+001  6.137878e+001 -1.200000e+000
      vertex  3.057021e+001  6.099353e+001 -1.200000e+000
      vertex  2.891129e+001  6.239300e+001 -1.200000e+000
    endloop
  endfacet
  facet normal  0.000000e+000  0.000000e+000 -1.000000e+000
    outer loop
      vertex  2.974075e+001  6.554179e+001 -1.200000e+000
      vertex  2.928867e+001  6.492854e+001 -1.200000e+000
      vertex  2.928867e+001  6.638697e+001 -1.200000e+000
    endloop
  endfacet
  facet normal  0.000000e+000  0.000000e+000 -1.000000e+000
    outer loop
      vertex  2.974075e+001  6.554179e+001 -1.200000e+000
      vertex  2.928867e+001  6.638697e+001 -1.200000e+000
      vertex  3.040117e+001  6.638697e+001 -1.200000e+000
    endloop
  endfacet
  facet normal  0.000000e+000  -0.000000e+000 -1.000000e+000
    outer loop
      vertex  2.974075e+001  6.554179e+001 -1.200000e+000
      vertex  3.040117e+001  6.638697e+001 -1.200000e+000
      vertex  3.040117e+001  6.554179e+001 -1.200000e+000
    endloop
  endfacet
  facet normal  0.000000e+000  0.000000e+000 -1.000000e+000
    outer loop
      vertex  2.974075e+001  6.468088e+001 -1.200000e+000
      vertex  3.106159e+001  6.402833e+001 -1.200000e+000
      vertex  2.904102e+001  6.468088e+001 -1.200000e+000
    endloop
  endfacet
  facet normal  0.000000e+000  0.000000e+000 -1.000000e+000
    outer loop
      vertex  2.974075e+001  6.468088e+001 -1.200000e+000
      vertex  2.904102e+001  6.468088e+001 -1.200000e+000
      vertex  2.928867e+001  6.492854e+001 -1.200000e+000
    endloop
  endfacet
  facet normal  0.000000e+000  0.000000e+000 -1.000000e+000
    outer loop
      vertex  2.974075e+001  6.468088e+001 -1.200000e+000
      vertex  2.928867e+001  6.492854e+001 -1.200000e+000
      vertex  2.974075e+001  6.554179e+001 -1.200000e+000
    endloop
  endfacet
  facet normal  -0.000000e+000  0.000000e+000 -1.000000e+000
    outer loop
      vertex  2.755900e+001  6.789258e+001 -1.200000e+000
      vertex  3.026358e+001  6.789258e+001 -1.200000e+000
      vertex  2.758258e+001  6.724788e+001 -1.200000e+000
    endloop
  endfacet
  facet normal  -0.000000e+000  0.000000e+000 -1.000000e+000
    outer loop
      vertex  2.755900e+001  6.789258e+001 -1.200000e+000
      vertex  2.758258e+001  6.724788e+001 -1.200000e+000
      vertex  2.748922e+001  6.724281e+001 -1.200000e+000
    endloop
  endfacet
  facet normal  -0.000000e+000  0.000000e+000 -1.000000e+000
    outer loop
      vertex  2.755900e+001  6.789258e+001 -1.200000e+000
      vertex  2.748922e+001  6.724281e+001 -1.200000e+000
      vertex  2.740569e+001  6.722759e+001 -1.200000e+000
    endloop
  endfacet
  facet normal  -0.000000e+000  0.000000e+000 -1.000000e+000
    outer loop
      vertex  2.755900e+001  6.789258e+001 -1.200000e+000
      vertex  2.740569e+001  6.722759e+001 -1.200000e+000
      vertex  2.733198e+001  6.720223e+001 -1.200000e+000
    endloop
  endfacet
  facet normal  -0.000000e+000  0.000000e+000 -1.000000e+000
    outer loop
      vertex  2.755900e+001  6.789258e+001 -1.200000e+000
      vertex  2.733198e+001  6.720223e+001 -1.200000e+000
      vertex  2.726810e+001  6.716674e+001 -1.200000e+000
    endloop
  endfacet
  facet normal  -0.000000e+000  0.000000e+000 -1.000000e+000
    outer loop
      vertex  2.755900e+001  6.789258e+001 -1.200000e+000
      vertex  2.726810e+001  6.716674e+001 -1.200000e+000
      vertex  2.721405e+001  6.712110e+001 -1.200000e+000
    endloop
  endfacet
  facet normal  -0.000000e+000  0.000000e+000 -1.000000e+000
    outer loop
      vertex  2.755900e+001  6.789258e+001 -1.200000e+000
      vertex  2.721405e+001  6.712110e+001 -1.200000e+000
      vertex  2.716982e+001  6.706532e+001 -1.200000e+000
    endloop
  endfacet
  facet normal  0.000000e+000  0.000000e+000 -1.000000e+000
    outer loop
      vertex  3.026358e+001  6.789258e+001 -1.200000e+000
      vertex  3.088469e+001  6.716674e+001 -1.200000e+000
      vertex  3.082081e+001  6.720223e+001 -1.200000e+000
    endloop
  endfacet
  facet normal  0.000000e+000  0.000000e+000 -1.000000e+000
    outer loop
      vertex  3.026358e+001  6.789258e+001 -1.200000e+000
      vertex  3.082081e+001  6.720223e+001 -1.200000e+000
      vertex  3.074710e+001  6.722759e+001 -1.200000e+000
    endloop
  endfacet
  facet normal  0.000000e+000  0.000000e+000 -9.999999e-001
    outer loop
      vertex  3.026358e+001  6.789258e+001 -1.200000e+000
      vertex  3.074710e+001  6.722759e+001 -1.200000e+000
      vertex  3.066357e+001  6.724281e+001 -1.200000e+000
    endloop
  endfacet
  facet normal  0.000000e+000  0.000000e+000 -1.000000e+000
    outer loop
      vertex  3.026358e+001  6.789258e+001 -1.200000e+000
      vertex  3.066357e+001  6.724281e+001 -1.200000e+000
      vertex  3.057021e+001  6.724788e+001 -1.200000e+000
    endloop
  endfacet
  facet normal  0.000000e+000  0.000000e+000 -1.000000e+000
    outer loop
      vertex  3.026358e+001  6.789258e+001 -1.200000e+000
      vertex  3.057021e+001  6.724788e+001 -1.200000e+000
      vertex  2.758258e+001  6.724788e+001 -1.200000e+000
    endloop
  endfacet
  facet normal  -0.000000e+000  0.000000e+000 -9.999999e-001
    outer loop
      vertex  2.758258e+001  7.445354e+001 -1.200000e+000
      vertex  2.758258e+001  7.380885e+001 -1.200000e+000
      vertex  2.748922e+001  7.380378e+001 -1.200000e+000
    endloop
  endfacet
  facet normal  -0.000000e+000  0.000000e+000 -1.000000e+000
    outer loop
      vertex  2.758258e+001  7.445354e+001 -1.200000e+000
      vertex  2.748922e+001  7.380378e+001 -1.200000e+000
      vertex  2.740569e+001  7.378856e+001 -1.200000e+000
    endloop
  endfacet
  facet normal  -0.000000e+000  0.000000e+000 -9.999999e-001
    outer loop
      vertex  2.758258e+001  7.445354e+001 -1.200000e+000
      vertex  2.740569e+001  7.378856e+001 -1.200000e+000
      vertex  2.733198e+001  7.376321e+001 -1.200000e+000
    endloop
  endfacet
  facet normal  -0.000000e+000  0.000000e+000 -1.000000e+000
    outer loop
      vertex  2.758258e+001  7.445354e+001 -1.200000e+000
      vertex  2.733198e+001  7.376321e+001 -1.200000e+000
      vertex  2.726810e+001  7.372771e+001 -1.200000e+000
    endloop
  endfacet
  facet normal  -0.000000e+000  0.000000e+000 -1.000000e+000
    outer loop
      vertex  2.758258e+001  7.445354e+001 -1.200000e+000
      vertex  2.726810e+001  7.372771e+001 -1.200000e+000
      vertex  2.721405e+001  7.368207e+001 -1.200000e+000
    endloop
  endfacet
  facet normal  -0.000000e+000  0.000000e+000 -1.000000e+000
    outer loop
      vertex  2.758258e+001  7.445354e+001 -1.200000e+000
      vertex  2.721405e+001  7.368207e+001 -1.200000e+000
      vertex  2.716982e+001  7.362629e+001 -1.200000e+000
    endloop
  endfacet
  facet normal  0.000000e+000  0.000000e+000 -1.000000e+000
    outer loop
      vertex  2.955599e+001  7.533017e+001 -1.200000e+000
      vertex  2.955599e+001  7.445354e+001 -1.200000e+000
      vertex  2.852604e+001  7.533017e+001 -1.200000e+000
    endloop
  endfacet
  facet normal  0.000000e+000  0.000000e+000 -1.000000e+000
    outer loop
      vertex  2.955599e+001  7.533017e+001 -1.200000e+000
      vertex  2.852604e+001  7.533017e+001 -1.200000e+000
      vertex  3.031468e+001  7.613605e+001 -1.200000e+000
    endloop
  endfacet
  facet normal  0.000000e+000  -0.000000e+000 -1.000000e+000
    outer loop
      vertex  2.955599e+001  7.533017e+001 -1.200000e+000
      vertex  3.031468e+001  7.613605e+001 -1.200000e+000
      vertex  3.031468e+001  7.533017e+001 -1.200000e+000
    endloop
  endfacet
  facet normal  0.000000e+000  0.000000e+000 -1.000000e+000
    outer loop
      vertex  3.057021e+001  7.445354e+001 -1.200000e+000
      vertex  3.093875e+001  7.368207e+001 -1.200000e+000
      vertex  3.088469e+001  7.372771e+001 -1.200000e+000
    endloop
  endfacet
  facet normal  0.000000e+000  0.000000e+000 -1.000000e+000
    outer loop
      vertex  3.057021e+001  7.445354e+001 -1.200000e+000
      vertex  3.088469e+001  7.372771e+001 -1.200000e+000
      vertex  3.082081e+001  7.376321e+001 -1.200000e+000
    endloop
  endfacet
  facet normal  0.000000e+000  0.000000e+000 -1.000000e+000
    outer loop
      vertex  3.057021e+001  7.445354e+001 -1.200000e+000
      vertex  3.082081e+001  7.376321e+001 -1.200000e+000
      vertex  3.074710e+001  7.378856e+001 -1.200000e+000
    endloop
  endfacet
  facet normal  0.000000e+000  0.000000e+000 -1.000000e+000
    outer loop
      vertex  3.057021e+001  7.445354e+001 -1.200000e+000
      vertex  3.074710e+001  7.378856e+001 -1.200000e+000
      vertex  3.066357e+001  7.380378e+001 -1.200000e+000
    endloop
  endfacet
  facet normal  0.000000e+000  0.000000e+000 -1.000000e+000
    outer loop
      vertex  3.057021e+001  7.445354e+001 -1.200000e+000
      vertex  3.066357e+001  7.380378e+001 -1.200000e+000
      vertex  3.057021e+001  7.380885e+001 -1.200000e+000
    endloop
  endfacet
  facet normal  0.000000e+000  0.000000e+000 -1.000000e+000
    outer loop
      vertex  3.057021e+001  7.445354e+001 -1.200000e+000
      vertex  3.057021e+001  7.380885e+001 -1.200000e+000
      vertex  2.955599e+001  7.445354e+001 -1.200000e+000
    endloop
  endfacet
  facet normal -5.179610e-008 -1.483293e-009 -1.000000e+000
    outer loop
      vertex  3.485523e+001  8.036800e+001 -1.200000e+000
      vertex  3.485523e+001 -8.036800e+001 -1.200000e+000
      vertex  3.105668e+001  5.227632e+001 -1.200000e+000
    endloop
  endfacet
  facet normal -1.007639e-007  5.138123e-009 -1.000000e+000
    outer loop
      vertex  3.485523e+001  8.036800e+001 -1.200000e+000
      vertex  3.105668e+001  5.227632e+001 -1.200000e+000
      vertex  3.106159e+001  5.237268e+001 -1.200000e+000
    endloop
  endfacet
  facet normal -6.284688e-008  0.000000e+000 -9.999999e-001
    outer loop
      vertex  3.485523e+001  8.036800e+001 -1.200000e+000
      vertex  3.106159e+001  5.237268e+001 -1.200000e+000
      vertex  3.106159e+001  5.392545e+001 -1.200000e+000
    endloop
  endfacet
  facet normal -4.636647e-008 -2.364400e-009 -1.000000e+000
    outer loop
      vertex  3.485523e+001  8.036800e+001 -1.200000e+000
      vertex  3.106159e+001  5.392545e+001 -1.200000e+000
      vertex  3.105668e+001  5.402180e+001 -1.200000e+000
    endloop
  endfacet
  facet normal -6.485975e-008  3.019328e-010 -9.999999e-001
    outer loop
      vertex  3.485523e+001  8.036800e+001 -1.200000e+000
      vertex  3.105668e+001  5.402180e+001 -1.200000e+000
      vertex  3.106159e+001  5.507726e+001 -1.200000e+000
    endloop
  endfacet
  facet normal -6.284689e-008  0.000000e+000 -1.000000e+000
    outer loop
      vertex  3.485523e+001  8.036800e+001 -1.200000e+000
      vertex  3.106159e+001  5.507726e+001 -1.200000e+000
      vertex  3.106159e+001  5.598140e+001 -1.200000e+000
    endloop
  endfacet
  facet normal -6.284689e-008  0.000000e+000 -1.000000e+000
    outer loop
      vertex  3.485523e+001  8.036800e+001 -1.200000e+000
      vertex  3.106159e+001  5.598140e+001 -1.200000e+000
      vertex  3.106159e+001  5.682659e+001 -1.200000e+000
    endloop
  endfacet
  facet normal -6.284688e-008  0.000000e+000 -9.999999e-001
    outer loop
      vertex  3.485523e+001  8.036800e+001 -1.200000e+000
      vertex  3.106159e+001  5.682659e+001 -1.200000e+000
      vertex  3.106159e+001  5.772680e+001 -1.200000e+000
    endloop
  endfacet
  facet normal -6.114419e-008 -2.852951e-010 -1.000000e+000
    outer loop
      vertex  3.485523e+001  8.036800e+001 -1.200000e+000
      vertex  3.106159e+001  5.772680e+001 -1.200000e+000
      vertex  3.105668e+001  5.877982e+001 -1.200000e+000
    endloop
  endfacet
  facet normal -8.895093e-008  4.607447e-009 -1.000000e+000
    outer loop
      vertex  3.485523e+001  8.036800e+001 -1.200000e+000
      vertex  3.105668e+001  5.877982e+001 -1.200000e+000
      vertex  3.106159e+001  5.887468e+001 -1.200000e+000
    endloop
  endfacet
  facet normal -6.284688e-008  0.000000e+000 -1.000000e+000
    outer loop
      vertex  3.485523e+001  8.036800e+001 -1.200000e+000
      vertex  3.106159e+001  5.887468e+001 -1.200000e+000
      vertex  3.106159e+001  6.048642e+001 -1.200000e+000
    endloop
  endfacet
  facet normal -4.959327e-008 -2.528947e-009 -1.000000e+000
    outer loop
      vertex  3.485523e+001  8.036800e+001 -1.200000e+000
      vertex  3.106159e+001  6.048642e+001 -1.200000e+000
      vertex  3.105668e+001  6.058277e+001 -1.200000e+000
    endloop
  endfacet
  facet normal -6.485055e-008  4.002890e-010 -1.000000e+000
    outer loop
      vertex  3.485523e+001  8.036800e+001 -1.200000e+000
      vertex  3.105668e+001  6.058277e+001 -1.200000e+000
      vertex  3.106159e+001  6.137878e+001 -1.200000e+000
    endloop
  endfacet
  facet normal -6.284689e-008  0.000000e+000 -1.000000e+000
    outer loop
      vertex  3.485523e+001  8.036800e+001 -1.200000e+000
      vertex  3.106159e+001  6.137878e+001 -1.200000e+000
      vertex  3.106159e+001  6.233796e+001 -1.200000e+000
    endloop
  endfacet
  facet normal -6.284688e-008  0.000000e+000 -9.999999e-001
    outer loop
      vertex  3.485523e+001  8.036800e+001 -1.200000e+000
      vertex  3.106159e+001  6.233796e+001 -1.200000e+000
      vertex  3.106159e+001  6.312811e+001 -1.200000e+000
    endloop
  endfacet
  facet normal -6.284689e-008  0.000000e+000 -1.000000e+000
    outer loop
      vertex  3.485523e+001  8.036800e+001 -1.200000e+000
      vertex  3.106159e+001  6.312811e+001 -1.200000e+000
      vertex  3.106159e+001  6.402833e+001 -1.200000e+000
    endloop
  endfacet
  facet normal -6.162050e-008 -2.847336e-010 -1.000000e+000
    outer loop
      vertex  3.485523e+001  8.036800e+001 -1.200000e+000
      vertex  3.106159e+001  6.402833e+001 -1.200000e+000
      vertex  3.105668e+001  6.509164e+001 -1.200000e+000
    endloop
  endfacet
  facet normal -7.895976e-008  4.026773e-009 -1.000000e+000
    outer loop
      vertex  3.485523e+001  8.036800e+001 -1.200000e+000
      vertex  3.105668e+001  6.509164e+001 -1.200000e+000
      vertex  3.106159e+001  6.518799e+001 -1.200000e+000
    endloop
  endfacet
  facet normal -6.284688e-008  0.000000e+000 -1.000000e+000
    outer loop
      vertex  3.485523e+001  8.036800e+001 -1.200000e+000
      vertex  3.106159e+001  6.518799e+001 -1.200000e+000
      vertex  3.106159e+001  6.674077e+001 -1.200000e+000
    endloop
  endfacet
  facet normal -5.311711e-008 -2.708640e-009 -1.000000e+000
    outer loop
      vertex  3.485523e+001  8.036800e+001 -1.200000e+000
      vertex  3.106159e+001  6.674077e+001 -1.200000e+000
      vertex  3.105668e+001  6.683712e+001 -1.200000e+000
    endloop
  endfacet
  facet normal -6.230774e-008 -1.285328e-010 -1.000000e+000
    outer loop
      vertex  3.485523e+001  8.036800e+001 -1.200000e+000
      vertex  3.105668e+001  6.683712e+001 -1.200000e+000
      vertex  3.105310e+001  6.857076e+001 -1.200000e+000
    endloop
  endfacet
  facet normal -8.727026e-008  7.916632e-009 -1.000000e+000
    outer loop
      vertex  3.485523e+001  8.036800e+001 -1.200000e+000
      vertex  3.105310e+001  6.857076e+001 -1.200000e+000
      vertex  3.105947e+001  6.864097e+001 -1.200000e+000
    endloop
  endfacet
  facet normal -6.898775e-008  1.999020e-009 -1.000000e+000
    outer loop
      vertex  3.485523e+001  8.036800e+001 -1.200000e+000
      vertex  3.105947e+001  6.864097e+001 -1.200000e+000
      vertex  3.106159e+001  6.871416e+001 -1.200000e+000
    endloop
  endfacet
  facet normal -6.284689e-008  0.000000e+000 -1.000000e+000
    outer loop
      vertex  3.485523e+001  8.036800e+001 -1.200000e+000
      vertex  3.106159e+001  6.871416e+001 -1.200000e+000
      vertex  3.106159e+001  7.054212e+001 -1.200000e+000
    endloop
  endfacet
  facet normal -6.209643e-008 -2.897393e-010 -1.000000e+000
    outer loop
      vertex  3.485523e+001  8.036800e+001 -1.200000e+000
      vertex  3.106159e+001  7.054212e+001 -1.200000e+000
      vertex  3.105668e+001  7.159514e+001 -1.200000e+000
    endloop
  endfacet
  facet normal -7.129440e-008  3.692882e-009 -9.999999e-001
    outer loop
      vertex  3.485523e+001  8.036800e+001 -1.200000e+000
      vertex  3.105668e+001  7.159514e+001 -1.200000e+000
      vertex  3.106159e+001  7.168999e+001 -1.200000e+000
    endloop
  endfacet
  facet normal -6.284688e-008  0.000000e+000 -1.000000e+000
    outer loop
      vertex  3.485523e+001  8.036800e+001 -1.200000e+000
      vertex  3.106159e+001  7.168999e+001 -1.200000e+000
      vertex  3.106159e+001  7.330173e+001 -1.200000e+000
    endloop
  endfacet
  facet normal -5.739525e-008 -2.926799e-009 -9.999999e-001
    outer loop
      vertex  3.485523e+001  8.036800e+001 -1.200000e+000
      vertex  3.106159e+001  7.330173e+001 -1.200000e+000
      vertex  3.105668e+001  7.339809e+001 -1.200000e+000
    endloop
  endfacet
  facet normal -6.276559e-008  0.000000e+000 -1.000000e+000
    outer loop
      vertex  3.485523e+001  8.036800e+001 -1.200000e+000
      vertex  3.105668e+001  7.339809e+001 -1.200000e+000
      vertex  3.105668e+001  7.485793e+001 -1.200000e+000
    endloop
  endfacet
  facet normal -6.786468e-008  3.515230e-009 -9.999999e-001
    outer loop
      vertex  3.485523e+001  8.036800e+001 -1.200000e+000
      vertex  3.105668e+001  7.485793e+001 -1.200000e+000
      vertex  3.106159e+001  7.495279e+001 -1.200000e+000
    endloop
  endfacet
  facet normal -6.284688e-008  0.000000e+000 -9.999999e-001
    outer loop
      vertex  3.485523e+001  8.036800e+001 -1.200000e+000
      vertex  3.106159e+001  7.495279e+001 -1.200000e+000
      vertex  3.106159e+001  7.651343e+001 -1.200000e+000
    endloop
  endfacet
  facet normal -5.975101e-008 -3.046928e-009 -1.000000e+000
    outer loop
      vertex  3.485523e+001  8.036800e+001 -1.200000e+000
      vertex  3.106159e+001  7.651343e+001 -1.200000e+000
      vertex  3.105668e+001  7.660978e+001 -1.200000e+000
    endloop
  endfacet
  facet normal -5.368242e-008 -9.180645e-009 -1.000000e+000
    outer loop
      vertex  3.485523e+001  8.036800e+001 -1.200000e+000
      vertex  3.105668e+001  7.660978e+001 -1.200000e+000
      vertex  3.104193e+001  7.669599e+001 -1.200000e+000
    endloop
  endfacet
  facet normal -4.769091e-008 -1.540268e-008 -9.999999e-001
    outer loop
      vertex  3.485523e+001  8.036800e+001 -1.200000e+000
      vertex  3.104193e+001  7.669599e+001 -1.200000e+000
      vertex  3.101737e+001  7.677206e+001 -1.200000e+000
    endloop
  endfacet
  facet normal -4.172320e-008 -2.177188e-008 -1.000000e+000
    outer loop
      vertex  3.485523e+001  8.036800e+001 -1.200000e+000
      vertex  3.101737e+001  7.677206e+001 -1.200000e+000
      vertex  3.098297e+001  7.683797e+001 -1.200000e+000
    endloop
  endfacet
  facet normal -3.574143e-008 -2.833358e-008 -1.000000e+000
    outer loop
      vertex  3.485523e+001  8.036800e+001 -1.200000e+000
      vertex  3.098297e+001  7.683797e+001 -1.200000e+000
      vertex  3.093875e+001  7.689376e+001 -1.200000e+000
    endloop
  endfacet
  facet normal -2.968605e-008 -3.515976e-008 -1.000000e+000
    outer loop
      vertex  3.485523e+001  8.036800e+001 -1.200000e+000
      vertex  3.093875e+001  7.689376e+001 -1.200000e+000
      vertex  3.088469e+001  7.693940e+001 -1.200000e+000
    endloop
  endfacet
  facet normal -2.351250e-008 -4.230911e-008 -9.999999e-001
    outer loop
      vertex  3.485523e+001  8.036800e+001 -1.200000e+000
      vertex  3.088469e+001  7.693940e+001 -1.200000e+000
      vertex  3.082081e+001  7.697490e+001 -1.200000e+000
    endloop
  endfacet
  facet normal -1.715336e-008 -4.987018e-008 -9.999999e-001
    outer loop
      vertex  3.485523e+001  8.036800e+001 -1.200000e+000
      vertex  3.082081e+001  7.697490e+001 -1.200000e+000
      vertex  3.074710e+001  7.700025e+001 -1.200000e+000
    endloop
  endfacet
  facet normal -1.054933e-008 -5.792606e-008 -1.000000e+000
    outer loop
      vertex  3.485523e+001  8.036800e+001 -1.200000e+000
      vertex  3.074710e+001  7.700025e+001 -1.200000e+000
      vertex  3.066357e+001  7.701546e+001 -1.200000e+000
    endloop
  endfacet
  facet normal -3.618656e-009 -6.659144e-008 -9.999999e-001
    outer loop
      vertex  3.485523e+001  8.036800e+001 -1.200000e+000
      vertex  3.066357e+001  7.701546e+001 -1.200000e+000
      vertex  3.057021e+001  7.702054e+001 -1.200000e+000
    endloop
  endfacet
  facet normal  -0.000000e+000 -7.122361e-008 -1.000000e+000
    outer loop
      vertex  3.485523e+001  8.036800e+001 -1.200000e+000
      vertex  3.057021e+001  7.702054e+001 -1.200000e+000
      vertex  2.758258e+001  7.702054e+001 -1.200000e+000
    endloop
  endfacet
  facet normal  4.388685e-009 -8.075840e-008 -1.000000e+000
    outer loop
      vertex  3.485523e+001  8.036800e+001 -1.200000e+000
      vertex  2.758258e+001  7.702054e+001 -1.200000e+000
      vertex  2.748922e+001  7.701546e+001 -1.200000e+000
    endloop
  endfacet
  facet normal  2.159062e-008 -1.185535e-007 -1.000000e+000
    outer loop
      vertex  3.485523e+001  8.036800e+001 -1.200000e+000
      vertex  2.748922e+001  7.701546e+001 -1.200000e+000
      vertex  2.740569e+001  7.700025e+001 -1.200000e+000
    endloop
  endfacet
  facet normal  0.000000e+000  0.000000e+000 -1.000000e+000
    outer loop
      vertex  3.057021e+001  7.380885e+001 -1.200000e+000
      vertex  2.758258e+001  7.380885e+001 -1.200000e+000
      vertex  2.758258e+001  7.445354e+001 -1.200000e+000
    endloop
  endfacet
  facet normal  0.000000e+000  0.000000e+000 -1.000000e+000
    outer loop
      vertex  3.057021e+001  7.380885e+001 -1.200000e+000
      vertex  2.758258e+001  7.445354e+001 -1.200000e+000
      vertex  2.852604e+001  7.445354e+001 -1.200000e+000
    endloop
  endfacet
  facet normal  0.000000e+000  0.000000e+000 -1.000000e+000
    outer loop
      vertex  3.057021e+001  7.380885e+001 -1.200000e+000
      vertex  2.852604e+001  7.445354e+001 -1.200000e+000
      vertex  2.955599e+001  7.445354e+001 -1.200000e+000
    endloop
  endfacet
  facet normal  0.000000e+000  0.000000e+000 -1.000000e+000
    outer loop
      vertex  3.106159e+001  6.402833e+001 -1.200000e+000
      vertex  2.974075e+001  6.468088e+001 -1.200000e+000
      vertex  3.057021e+001  6.468088e+001 -1.200000e+000
    endloop
  endfacet
  facet normal  0.000000e+000  0.000000e+000 -1.000000e+000
    outer loop
      vertex  3.106159e+001  6.402833e+001 -1.200000e+000
      vertex  3.057021e+001  6.468088e+001 -1.200000e+000
      vertex  3.066357e+001  6.468595e+001 -1.200000e+000
    endloop
  endfacet
  facet normal  0.000000e+000  0.000000e+000 -9.999999e-001
    outer loop
      vertex  3.106159e+001  6.402833e+001 -1.200000e+000
      vertex  3.066357e+001  6.468595e+001 -1.200000e+000
      vertex  3.074710e+001  6.470116e+001 -1.200000e+000
    endloop
  endfacet
  facet normal  0.000000e+000  0.000000e+000 -1.000000e+000
    outer loop
      vertex  3.106159e+001  6.402833e+001 -1.200000e+000
      vertex  3.074710e+001  6.470116e+001 -1.200000e+000
      vertex  3.082081e+001  6.472652e+001 -1.200000e+000
    endloop
  endfacet
  facet normal  0.000000e+000  0.000000e+000 -9.999999e-001
    outer loop
      vertex  3.106159e+001  6.402833e+001 -1.200000e+000
      vertex  3.082081e+001  6.472652e+001 -1.200000e+000
      vertex  3.088469e+001  6.476202e+001 -1.200000e+000
    endloop
  endfacet
  facet normal  0.000000e+000  0.000000e+000 -1.000000e+000
    outer loop
      vertex  3.106159e+001  6.402833e+001 -1.200000e+000
      vertex  3.088469e+001  6.476202e+001 -1.200000e+000
      vertex  3.093875e+001  6.480766e+001 -1.200000e+000
    endloop
  endfacet
  facet normal  0.000000e+000  0.000000e+000 -1.000000e+000
    outer loop
      vertex  3.106159e+001  6.402833e+001 -1.200000e+000
      vertex  3.093875e+001  6.480766e+001 -1.200000e+000
      vertex  3.098297e+001  6.486344e+001 -1.200000e+000
    endloop
  endfacet
  facet normal  0.000000e+000  0.000000e+000 -1.000000e+000
    outer loop
      vertex  3.106159e+001  6.402833e+001 -1.200000e+000
      vertex  3.098297e+001  6.486344e+001 -1.200000e+000
      vertex  3.101737e+001  6.492937e+001 -1.200000e+000
    endloop
  endfacet
  facet normal  0.000000e+000  0.000000e+000 -1.000000e+000
    outer loop
      vertex  3.106159e+001  6.402833e+001 -1.200000e+000
      vertex  3.101737e+001  6.492937e+001 -1.200000e+000
      vertex  3.104193e+001  6.500543e+001 -1.200000e+000
    endloop
  endfacet
  facet normal  0.000000e+000  0.000000e+000 -1.000000e+000
    outer loop
      vertex  3.106159e+001  6.402833e+001 -1.200000e+000
      vertex  3.104193e+001  6.500543e+001 -1.200000e+000
      vertex  3.105668e+001  6.509164e+001 -1.200000e+000
    endloop
  endfacet
  facet normal  0.000000e+000  0.000000e+000 -1.000000e+000
    outer loop
      vertex  3.485523e+001 -8.036800e+001 -1.200000e+000
      vertex -3.485523e+001 -8.036800e+001 -1.200000e+000
      vertex -1.799996e+001 -6.334824e+001 -1.200000e+000
    endloop
  endfacet
  facet normal  0.000000e+000  0.000000e+000 -9.999999e-001
    outer loop
      vertex  3.485523e+001 -8.036800e+001 -1.200000e+000
      vertex -1.799996e+001 -6.334824e+001 -1.200000e+000
      vertex  1.800000e+001 -6.334824e+001 -1.200000e+000
    endloop
  endfacet
  facet normal  0.000000e+000  0.000000e+000 -1.000000e+000
    outer loop
      vertex  3.485523e+001 -8.036800e+001 -1.200000e+000
      vertex  1.800000e+001 -6.334824e+001 -1.200000e+000
      vertex  1.973660e+001 -6.288292e+001 -1.200000e+000
    endloop
  endfacet
  facet normal  0.000000e+000  0.000000e+000 -9.999999e-001
    outer loop
      vertex  3.485523e+001 -8.036800e+001 -1.200000e+000
      vertex  1.973660e+001 -6.288292e+001 -1.200000e+000
      vertex  2.100790e+001 -6.161165e+001 -1.200000e+000
    endloop
  endfacet
  facet normal  0.000000e+000  0.000000e+000 -1.000000e+000
    outer loop
      vertex  3.485523e+001 -8.036800e+001 -1.200000e+000
      vertex  2.100790e+001 -6.161165e+001 -1.200000e+000
      vertex  2.147324e+001 -5.987505e+001 -1.200000e+000
    endloop
  endfacet
  facet normal  0.000000e+000  0.000000e+000 -1.000000e+000
    outer loop
      vertex  3.485523e+001 -8.036800e+001 -1.200000e+000
      vertex  2.147324e+001 -5.987505e+001 -1.200000e+000
      vertex  2.147324e+001 -5.092500e+001 -1.200000e+000
    endloop
  endfacet
  facet normal  0.000000e+000  0.000000e+000 -1.000000e+000
    outer loop
      vertex  3.485523e+001 -8.036800e+001 -1.200000e+000
      vertex  2.147324e+001 -5.092500e+001 -1.200000e+000
      vertex  2.758258e+001  5.186557e+001 -1.200000e+000
    endloop
  endfacet
  facet normal  0.000000e+000  0.000000e+000 -1.000000e+000
    outer loop
      vertex  3.485523e+001 -8.036800e+001 -1.200000e+000
      vertex  2.758258e+001  5.186557e+001 -1.200000e+000
      vertex  2.904102e+001  5.186557e+001 -1.200000e+000
    endloop
  endfacet
  facet normal  0.000000e+000  0.000000e+000 -1.000000e+000
    outer loop
      vertex  3.485523e+001 -8.036800e+001 -1.200000e+000
      vertex  2.904102e+001  5.186557e+001 -1.200000e+000
      vertex  2.928867e+001  5.211322e+001 -1.200000e+000
    endloop
  endfacet
  facet normal  0.000000e+000  0.000000e+000 -1.000000e+000
    outer loop
      vertex  3.485523e+001 -8.036800e+001 -1.200000e+000
      vertex  2.928867e+001  5.211322e+001 -1.200000e+000
      vertex  2.974075e+001  5.186557e+001 -1.200000e+000
    endloop
  endfacet
  facet normal  0.000000e+000  0.000000e+000 -9.999999e-001
    outer loop
      vertex  3.485523e+001 -8.036800e+001 -1.200000e+000
      vertex  2.974075e+001  5.186557e+001 -1.200000e+000
      vertex  3.057021e+001  5.186557e+001 -1.200000e+000
    endloop
  endfacet
  facet normal  0.000000e+000  0.000000e+000 -1.000000e+000
    outer loop
      vertex  3.485523e+001 -8.036800e+001 -1.200000e+000
      vertex  3.057021e+001  5.186557e+001 -1.200000e+000
      vertex  3.066357e+001  5.187063e+001 -1.200000e+000
    endloop
  endfacet
  facet normal  0.000000e+000  0.000000e+000 -1.000000e+000
    outer loop
      vertex  3.485523e+001 -8.036800e+001 -1.200000e+000
      vertex  3.066357e+001  5.187063e+001 -1.200000e+000
      vertex  3.074710e+001  5.188585e+001 -1.200000e+000
    endloop
  endfacet
  facet normal  0.000000e+000  0.000000e+000 -1.000000e+000
    outer loop
      vertex  3.485523e+001 -8.036800e+001 -1.200000e+000
      vertex  3.074710e+001  5.188585e+001 -1.200000e+000
      vertex  3.082081e+001  5.191120e+001 -1.200000e+000
    endloop
  endfacet
  facet normal  0.000000e+000  0.000000e+000 -1.000000e+000
    outer loop
      vertex  3.485523e+001 -8.036800e+001 -1.200000e+000
      vertex  3.082081e+001  5.191120e+001 -1.200000e+000
      vertex  3.088469e+001  5.194670e+001 -1.200000e+000
    endloop
  endfacet
  facet normal  0.000000e+000  0.000000e+000 -1.000000e+000
    outer loop
      vertex  3.485523e+001 -8.036800e+001 -1.200000e+000
      vertex  3.088469e+001  5.194670e+001 -1.200000e+000
      vertex  3.093875e+001  5.199234e+001 -1.200000e+000
    endloop
  endfacet
  facet normal  0.000000e+000  0.000000e+000 -9.999999e-001
    outer loop
      vertex  3.485523e+001 -8.036800e+001 -1.200000e+000
      vertex  3.093875e+001  5.199234e+001 -1.200000e+000
      vertex  3.098297e+001  5.204812e+001 -1.200000e+000
    endloop
  endfacet
  facet normal  0.000000e+000  0.000000e+000 -1.000000e+000
    outer loop
      vertex  3.485523e+001 -8.036800e+001 -1.200000e+000
      vertex  3.098297e+001  5.204812e+001 -1.200000e+000
      vertex  3.101737e+001  5.211405e+001 -1.200000e+000
    endloop
  endfacet
  facet normal  0.000000e+000  0.000000e+000 -1.000000e+000
    outer loop
      vertex  3.485523e+001 -8.036800e+001 -1.200000e+000
      vertex  3.101737e+001  5.211405e+001 -1.200000e+000
      vertex  3.104193e+001  5.219012e+001 -1.200000e+000
    endloop
  endfacet
  facet normal  0.000000e+000  0.000000e+000 -1.000000e+000
    outer loop
      vertex  3.485523e+001 -8.036800e+001 -1.200000e+000
      vertex  3.104193e+001  5.219012e+001 -1.200000e+000
      vertex  3.105668e+001  5.227632e+001 -1.200000e+000
    endloop
  endfacet
  facet normal -3.420126e-009 -6.322918e-008 -1.000000e+000
    outer loop
      vertex -3.485523e+001  8.036800e+001 -1.200000e+000
      vertex  3.485523e+001  8.036800e+001 -1.200000e+000
      vertex  2.740569e+001  7.700025e+001 -1.200000e+000
    endloop
  endfacet
  facet normal  -0.000000e+000  0.000000e+000 -9.999999e-001
    outer loop
      vertex -3.485523e+001  8.036800e+001 -1.200000e+000
      vertex  2.740569e+001  7.700025e+001 -1.200000e+000
      vertex  2.733198e+001  7.697490e+001 -1.200000e+000
    endloop
  endfacet
  facet normal  -0.000000e+000  0.000000e+000 -9.999999e-001
    outer loop
      vertex -3.485523e+001  8.036800e+001 -1.200000e+000
      vertex  2.733198e+001  7.697490e+001 -1.200000e+000
      vertex  2.726810e+001  7.693940e+001 -1.200000e+000
    endloop
  endfacet
  facet normal  -0.000000e+000  0.000000e+000 -9.999999e-001
    outer loop
      vertex -3.485523e+001  8.036800e+001 -1.200000e+000
      vertex  2.726810e+001  7.693940e+001 -1.200000e+000
      vertex  2.721405e+001  7.689376e+001 -1.200000e+000
    endloop
  endfacet
  facet normal  -0.000000e+000  0.000000e+000 -1.000000e+000
    outer loop
      vertex -3.485523e+001  8.036800e+001 -1.200000e+000
      vertex  2.721405e+001  7.689376e+001 -1.200000e+000
      vertex  2.716982e+001  7.683797e+001 -1.200000e+000
    endloop
  endfacet
  facet normal  -0.000000e+000  0.000000e+000 -1.000000e+000
    outer loop
      vertex -3.485523e+001  8.036800e+001 -1.200000e+000
      vertex  2.716982e+001  7.683797e+001 -1.200000e+000
      vertex  2.713543e+001  7.677206e+001 -1.200000e+000
    endloop
  endfacet
  facet normal  -0.000000e+000  0.000000e+000 -1.000000e+000
    outer loop
      vertex -3.485523e+001  8.036800e+001 -1.200000e+000
      vertex  2.713543e+001  7.677206e+001 -1.200000e+000
      vertex  2.711086e+001  7.669599e+001 -1.200000e+000
    endloop
  endfacet
  facet normal  -0.000000e+000  0.000000e+000 -1.000000e+000
    outer loop
      vertex -3.485523e+001  8.036800e+001 -1.200000e+000
      vertex  2.711086e+001  7.669599e+001 -1.200000e+000
      vertex  2.490945e+001  7.054212e+001 -1.200000e+000
    endloop
  endfacet
  facet normal  -0.000000e+000  0.000000e+000 -1.000000e+000
    outer loop
      vertex -3.485523e+001  8.036800e+001 -1.200000e+000
      vertex  2.490945e+001  7.054212e+001 -1.200000e+000
      vertex -1.800000e+001 -4.745176e+001 -1.200000e+000
    endloop
  endfacet
  facet normal  -0.000000e+000  0.000000e+000 -1.000000e+000
    outer loop
      vertex -3.485523e+001  8.036800e+001 -1.200000e+000
      vertex -1.800000e+001 -4.745176e+001 -1.200000e+000
      vertex -1.973663e+001 -4.791709e+001 -1.200000e+000
    endloop
  endfacet
  facet normal  -0.000000e+000  0.000000e+000 -1.000000e+000
    outer loop
      vertex -3.485523e+001  8.036800e+001 -1.200000e+000
      vertex -1.973663e+001 -4.791709e+001 -1.200000e+000
      vertex -2.100793e+001 -4.918840e+001 -1.200000e+000
    endloop
  endfacet
  facet normal  -0.000000e+000  0.000000e+000 -1.000000e+000
    outer loop
      vertex -3.485523e+001  8.036800e+001 -1.200000e+000
      vertex -2.100793e+001 -4.918840e+001 -1.200000e+000
      vertex -2.147324e+001 -5.092505e+001 -1.200000e+000
    endloop
  endfacet
  facet normal  -0.000000e+000  -0.000000e+000 -1.000000e+000
    outer loop
      vertex -3.485523e+001  8.036800e+001 -1.200000e+000
      vertex -2.147324e+001 -5.092505e+001 -1.200000e+000
      vertex -2.147324e+001 -5.987500e+001 -1.200000e+000
    endloop
  endfacet
  facet normal  -0.000000e+000  0.000000e+000 -1.000000e+000
    outer loop
      vertex -3.485523e+001  8.036800e+001 -1.200000e+000
      vertex -2.147324e+001 -5.987500e+001 -1.200000e+000
      vertex -3.485523e+001 -8.036800e+001 -1.200000e+000
    endloop
  endfacet
  facet normal  0.000000e+000  0.000000e+000 -1.000000e+000
    outer loop
      vertex  1.799997e+001 -4.745176e+001 -1.200000e+000
      vertex -1.800000e+001 -4.745176e+001 -1.200000e+000
      vertex  2.490945e+001  7.054212e+001 -1.200000e+000
    endloop
  endfacet
  facet normal  0.000000e+000  -0.000000e+000 -1.000000e+000
    outer loop
      vertex  1.799997e+001 -4.745176e+001 -1.200000e+000
      vertex  2.490945e+001  7.054212e+001 -1.200000e+000
      vertex  2.490945e+001  6.964191e+001 -1.200000e+000
    endloop
  endfacet
  facet normal  0.000000e+000  -0.000000e+000 -1.000000e+000
    outer loop
      vertex  1.799997e+001 -4.745176e+001 -1.200000e+000
      vertex  2.490945e+001  6.964191e+001 -1.200000e+000
      vertex  2.490945e+001  6.402833e+001 -1.200000e+000
    endloop
  endfacet
  facet normal  0.000000e+000  -0.000000e+000 -1.000000e+000
    outer loop
      vertex  1.799997e+001 -4.745176e+001 -1.200000e+000
      vertex  2.490945e+001  6.402833e+001 -1.200000e+000
      vertex  2.490945e+001  6.312811e+001 -1.200000e+000
    endloop
  endfacet
  facet normal  0.000000e+000  -0.000000e+000 -1.000000e+000
    outer loop
      vertex  1.799997e+001 -4.745176e+001 -1.200000e+000
      vertex  2.490945e+001  6.312811e+001 -1.200000e+000
      vertex  2.709612e+001  5.227632e+001 -1.200000e+000
    endloop
  endfacet
  facet normal  0.000000e+000  -0.000000e+000 -1.000000e+000
    outer loop
      vertex  1.799997e+001 -4.745176e+001 -1.200000e+000
      vertex  2.709612e+001  5.227632e+001 -1.200000e+000
      vertex  2.711086e+001  5.219012e+001 -1.200000e+000
    endloop
  endfacet
  facet normal  0.000000e+000  -0.000000e+000 -1.000000e+000
    outer loop
      vertex  1.799997e+001 -4.745176e+001 -1.200000e+000
      vertex  2.711086e+001  5.219012e+001 -1.200000e+000
      vertex  2.713543e+001  5.211405e+001 -1.200000e+000
    endloop
  endfacet
  facet normal  0.000000e+000  -0.000000e+000 -1.000000e+000
    outer loop
      vertex  1.799997e+001 -4.745176e+001 -1.200000e+000
      vertex  2.713543e+001  5.211405e+001 -1.200000e+000
      vertex  2.716982e+001  5.204812e+001 -1.200000e+000
    endloop
  endfacet
  facet normal  0.000000e+000  -0.000000e+000 -1.000000e+000
    outer loop
      vertex  1.799997e+001 -4.745176e+001 -1.200000e+000
      vertex  2.716982e+001  5.204812e+001 -1.200000e+000
      vertex  2.721405e+001  5.199234e+001 -1.200000e+000
    endloop
  endfacet
  facet normal  0.000000e+000  -0.000000e+000 -1.000000e+000
    outer loop
      vertex  1.799997e+001 -4.745176e+001 -1.200000e+000
      vertex  2.721405e+001  5.199234e+001 -1.200000e+000
      vertex  2.726810e+001  5.194670e+001 -1.200000e+000
    endloop
  endfacet
  facet normal  0.000000e+000  -0.000000e+000 -1.000000e+000
    outer loop
      vertex  1.799997e+001 -4.745176e+001 -1.200000e+000
      vertex  2.726810e+001  5.194670e+001 -1.200000e+000
      vertex  2.733198e+001  5.191120e+001 -1.200000e+000
    endloop
  endfacet
  facet normal  0.000000e+000  -0.000000e+000 -1.000000e+000
    outer loop
      vertex  1.799997e+001 -4.745176e+001 -1.200000e+000
      vertex  2.733198e+001  5.191120e+001 -1.200000e+000
      vertex  2.740569e+001  5.188585e+001 -1.200000e+000
    endloop
  endfacet
  facet normal  0.000000e+000  -0.000000e+000 -1.000000e+000
    outer loop
      vertex  1.799997e+001 -4.745176e+001 -1.200000e+000
      vertex  2.740569e+001  5.188585e+001 -1.200000e+000
      vertex  2.748922e+001  5.187063e+001 -1.200000e+000
    endloop
  endfacet
  facet normal  0.000000e+000  -0.000000e+000 -1.000000e+000
    outer loop
      vertex  1.799997e+001 -4.745176e+001 -1.200000e+000
      vertex  2.748922e+001  5.187063e+001 -1.200000e+000
      vertex  2.758258e+001  5.186557e+001 -1.200000e+000
    endloop
  endfacet
  facet normal  0.000000e+000  0.000000e+000 -1.000000e+000
    outer loop
      vertex  3.106159e+001  5.772680e+001 -1.200000e+000
      vertex  2.709120e+001  5.772680e+001 -1.200000e+000
      vertex  2.758258e+001  5.837543e+001 -1.200000e+000
    endloop
  endfacet
  facet normal  0.000000e+000  0.000000e+000 -1.000000e+000
    outer loop
      vertex  3.106159e+001  5.772680e+001 -1.200000e+000
      vertex  2.758258e+001  5.837543e+001 -1.200000e+000
      vertex  3.057021e+001  5.837543e+001 -1.200000e+000
    endloop
  endfacet
  facet normal  0.000000e+000  0.000000e+000 -1.000000e+000
    outer loop
      vertex  3.106159e+001  5.772680e+001 -1.200000e+000
      vertex  3.057021e+001  5.837543e+001 -1.200000e+000
      vertex  3.066357e+001  5.838042e+001 -1.200000e+000
    endloop
  endfacet
  facet normal  0.000000e+000  0.000000e+000 -1.000000e+000
    outer loop
      vertex  3.106159e+001  5.772680e+001 -1.200000e+000
      vertex  3.066357e+001  5.838042e+001 -1.200000e+000
      vertex  3.074710e+001  5.839540e+001 -1.200000e+000
    endloop
  endfacet
  facet normal  0.000000e+000  0.000000e+000 -1.000000e+000
    outer loop
      vertex  3.106159e+001  5.772680e+001 -1.200000e+000
      vertex  3.074710e+001  5.839540e+001 -1.200000e+000
      vertex  3.082081e+001  5.842037e+001 -1.200000e+000
    endloop
  endfacet
  facet normal  0.000000e+000  0.000000e+000 -9.999999e-001
    outer loop
      vertex  3.106159e+001  5.772680e+001 -1.200000e+000
      vertex  3.082081e+001  5.842037e+001 -1.200000e+000
      vertex  3.088469e+001  5.845531e+001 -1.200000e+000
    endloop
  endfacet
  facet normal  0.000000e+000  0.000000e+000 -1.000000e+000
    outer loop
      vertex  3.106159e+001  5.772680e+001 -1.200000e+000
      vertex  3.088469e+001  5.845531e+001 -1.200000e+000
      vertex  3.093875e+001  5.850024e+001 -1.200000e+000
    endloop
  endfacet
  facet normal  0.000000e+000  0.000000e+000 -1.000000e+000
    outer loop
      vertex  3.106159e+001  5.772680e+001 -1.200000e+000
      vertex  3.093875e+001  5.850024e+001 -1.200000e+000
      vertex  3.098297e+001  5.855516e+001 -1.200000e+000
    endloop
  endfacet
  facet normal  0.000000e+000  0.000000e+000 -1.000000e+000
    outer loop
      vertex  3.106159e+001  5.772680e+001 -1.200000e+000
      vertex  3.098297e+001  5.855516e+001 -1.200000e+000
      vertex  3.101737e+001  5.862006e+001 -1.200000e+000
    endloop
  endfacet
  facet normal  0.000000e+000  0.000000e+000 -1.000000e+000
    outer loop
      vertex  3.106159e+001  5.772680e+001 -1.200000e+000
      vertex  3.101737e+001  5.862006e+001 -1.200000e+000
      vertex  3.104193e+001  5.869495e+001 -1.200000e+000
    endloop
  endfacet
  facet normal  0.000000e+000  0.000000e+000 -1.000000e+000
    outer loop
      vertex  3.106159e+001  5.772680e+001 -1.200000e+000
      vertex  3.104193e+001  5.869495e+001 -1.200000e+000
      vertex  3.105668e+001  5.877982e+001 -1.200000e+000
    endloop
  endfacet
  facet normal  0.000000e+000  0.000000e+000 -1.000000e+000
    outer loop
      vertex  3.093875e+001  6.712110e+001 -1.200000e+000
      vertex  3.088469e+001  6.716674e+001 -1.200000e+000
      vertex  3.026358e+001  6.789258e+001 -1.200000e+000
    endloop
  endfacet
  facet normal  0.000000e+000  0.000000e+000 -1.000000e+000
    outer loop
      vertex  3.093875e+001  6.712110e+001 -1.200000e+000
      vertex  3.026358e+001  6.789258e+001 -1.200000e+000
      vertex  3.033666e+001  6.789481e+001 -1.200000e+000
    endloop
  endfacet
  facet normal  0.000000e+000  0.000000e+000 -1.000000e+000
    outer loop
      vertex  3.093875e+001  6.712110e+001 -1.200000e+000
      vertex  3.033666e+001  6.789481e+001 -1.200000e+000
      vertex  3.040652e+001  6.790154e+001 -1.200000e+000
    endloop
  endfacet
  facet normal  0.000000e+000  0.000000e+000 -1.000000e+000
    outer loop
      vertex  3.093875e+001  6.712110e+001 -1.200000e+000
      vertex  3.040652e+001  6.790154e+001 -1.200000e+000
      vertex  3.047315e+001  6.791274e+001 -1.200000e+000
    endloop
  endfacet
  facet normal  0.000000e+000  0.000000e+000 -1.000000e+000
    outer loop
      vertex  3.093875e+001  6.712110e+001 -1.200000e+000
      vertex  3.047315e+001  6.791274e+001 -1.200000e+000
      vertex  3.053656e+001  6.792842e+001 -1.200000e+000
    endloop
  endfacet
  facet normal  0.000000e+000  0.000000e+000 -1.000000e+000
    outer loop
      vertex  3.098297e+001  6.706532e+001 -1.200000e+000
      vertex  3.093875e+001  6.712110e+001 -1.200000e+000
      vertex  3.053656e+001  6.792842e+001 -1.200000e+000
    endloop
  endfacet
  facet normal  0.000000e+000  0.000000e+000 -1.000000e+000
    outer loop
      vertex  3.098297e+001  6.706532e+001 -1.200000e+000
      vertex  3.053656e+001  6.792842e+001 -1.200000e+000
      vertex  3.059674e+001  6.794859e+001 -1.200000e+000
    endloop
  endfacet
  facet normal  0.000000e+000  0.000000e+000 -1.000000e+000
    outer loop
      vertex  3.098297e+001  6.706532e+001 -1.200000e+000
      vertex  3.059674e+001  6.794859e+001 -1.200000e+000
      vertex  3.065370e+001  6.797324e+001 -1.200000e+000
    endloop
  endfacet
  facet normal  0.000000e+000  0.000000e+000 -1.000000e+000
    outer loop
      vertex  3.098297e+001  6.706532e+001 -1.200000e+000
      vertex  3.065370e+001  6.797324e+001 -1.200000e+000
      vertex  3.070744e+001  6.800237e+001 -1.200000e+000
    endloop
  endfacet
  facet normal  0.000000e+000  0.000000e+000 -1.000000e+000
    outer loop
      vertex  3.101737e+001  6.699940e+001 -1.200000e+000
      vertex  3.098297e+001  6.706532e+001 -1.200000e+000
      vertex  3.070744e+001  6.800237e+001 -1.200000e+000
    endloop
  endfacet
  facet normal  0.000000e+000  0.000000e+000 -1.000000e+000
    outer loop
      vertex  3.101737e+001  6.699940e+001 -1.200000e+000
      vertex  3.070744e+001  6.800237e+001 -1.200000e+000
      vertex  3.075795e+001  6.803598e+001 -1.200000e+000
    endloop
  endfacet
  facet normal  0.000000e+000  0.000000e+000 -1.000000e+000
    outer loop
      vertex  3.101737e+001  6.699940e+001 -1.200000e+000
      vertex  3.075795e+001  6.803598e+001 -1.200000e+000
      vertex  3.080524e+001  6.807407e+001 -1.200000e+000
    endloop
  endfacet
  facet normal  0.000000e+000  0.000000e+000 -1.000000e+000
    outer loop
      vertex  3.101737e+001  6.699940e+001 -1.200000e+000
      vertex  3.080524e+001  6.807407e+001 -1.200000e+000
      vertex  3.084931e+001  6.811665e+001 -1.200000e+000
    endloop
  endfacet
  facet normal  0.000000e+000  0.000000e+000 -9.999999e-001
    outer loop
      vertex  3.104193e+001  6.692332e+001 -1.200000e+000
      vertex  3.101737e+001  6.699940e+001 -1.200000e+000
      vertex  3.084931e+001  6.811665e+001 -1.200000e+000
    endloop
  endfacet
  facet normal  0.000000e+000  0.000000e+000 -1.000000e+000
    outer loop
      vertex  3.104193e+001  6.692332e+001 -1.200000e+000
      vertex  3.084931e+001  6.811665e+001 -1.200000e+000
      vertex  3.088964e+001  6.816296e+001 -1.200000e+000
    endloop
  endfacet
  facet normal  0.000000e+000  0.000000e+000 -1.000000e+000
    outer loop
      vertex  3.104193e+001  6.692332e+001 -1.200000e+000
      vertex  3.088964e+001  6.816296e+001 -1.200000e+000
      vertex  3.092573e+001  6.821225e+001 -1.200000e+000
    endloop
  endfacet
  facet normal  0.000000e+000  0.000000e+000 -1.000000e+000
    outer loop
      vertex  3.104193e+001  6.692332e+001 -1.200000e+000
      vertex  3.092573e+001  6.821225e+001 -1.200000e+000
      vertex  3.095757e+001  6.826453e+001 -1.200000e+000
    endloop
  endfacet
  facet normal  0.000000e+000  0.000000e+000 -1.000000e+000
    outer loop
      vertex  3.104193e+001  6.692332e+001 -1.200000e+000
      vertex  3.095757e+001  6.826453e+001 -1.200000e+000
      vertex  3.098517e+001  6.831980e+001 -1.200000e+000
    endloop
  endfacet
  facet normal  0.000000e+000  0.000000e+000 -1.000000e+000
    outer loop
      vertex  3.105668e+001  6.683712e+001 -1.200000e+000
      vertex  3.104193e+001  6.692332e+001 -1.200000e+000
      vertex  3.098517e+001  6.831980e+001 -1.200000e+000
    endloop
  endfacet
  facet normal  0.000000e+000  0.000000e+000 -9.999999e-001
    outer loop
      vertex  3.105668e+001  6.683712e+001 -1.200000e+000
      vertex  3.098517e+001  6.831980e+001 -1.200000e+000
      vertex  3.100852e+001  6.837807e+001 -1.200000e+000
    endloop
  endfacet
  facet normal  0.000000e+000  0.000000e+000 -1.000000e+000
    outer loop
      vertex  3.105668e+001  6.683712e+001 -1.200000e+000
      vertex  3.100852e+001  6.837807e+001 -1.200000e+000
      vertex  3.102763e+001  6.843931e+001 -1.200000e+000
    endloop
  endfacet
  facet normal  0.000000e+000  0.000000e+000 -9.999999e-001
    outer loop
      vertex  3.105668e+001  6.683712e+001 -1.200000e+000
      vertex  3.102763e+001  6.843931e+001 -1.200000e+000
      vertex  3.104249e+001  6.850354e+001 -1.200000e+000
    endloop
  endfacet
  facet normal  0.000000e+000  0.000000e+000 -1.000000e+000
    outer loop
      vertex  3.105668e+001  6.683712e+001 -1.200000e+000
      vertex  3.104249e+001  6.850354e+001 -1.200000e+000
      vertex  3.105310e+001  6.857076e+001 -1.200000e+000
    endloop
  endfacet
  facet normal  0.000000e+000  0.000000e+000 -9.999999e-001
    outer loop
      vertex  3.106159e+001  7.054212e+001 -1.200000e+000
      vertex  2.490945e+001  7.054212e+001 -1.200000e+000
      vertex  2.758258e+001  7.119075e+001 -1.200000e+000
    endloop
  endfacet
  facet normal  0.000000e+000  0.000000e+000 -1.000000e+000
    outer loop
      vertex  3.106159e+001  7.054212e+001 -1.200000e+000
      vertex  2.758258e+001  7.119075e+001 -1.200000e+000
      vertex  3.057021e+001  7.119075e+001 -1.200000e+000
    endloop
  endfacet
  facet normal  0.000000e+000  0.000000e+000 -1.000000e+000
    outer loop
      vertex  3.106159e+001  7.054212e+001 -1.200000e+000
      vertex  3.057021e+001  7.119075e+001 -1.200000e+000
      vertex  3.066357e+001  7.119574e+001 -1.200000e+000
    endloop
  endfacet
  facet normal  0.000000e+000  0.000000e+000 -1.000000e+000
    outer loop
      vertex  3.106159e+001  7.054212e+001 -1.200000e+000
      vertex  3.066357e+001  7.119574e+001 -1.200000e+000
      vertex  3.074710e+001  7.121072e+001 -1.200000e+000
    endloop
  endfacet
  facet normal  0.000000e+000  0.000000e+000 -9.999999e-001
    outer loop
      vertex  3.106159e+001  7.054212e+001 -1.200000e+000
      vertex  3.074710e+001  7.121072e+001 -1.200000e+000
      vertex  3.082081e+001  7.123568e+001 -1.200000e+000
    endloop
  endfacet
  facet normal  0.000000e+000  0.000000e+000 -1.000000e+000
    outer loop
      vertex  3.106159e+001  7.054212e+001 -1.200000e+000
      vertex  3.082081e+001  7.123568e+001 -1.200000e+000
      vertex  3.088469e+001  7.127063e+001 -1.200000e+000
    endloop
  endfacet
  facet normal  0.000000e+000  0.000000e+000 -1.000000e+000
    outer loop
      vertex  3.106159e+001  7.054212e+001 -1.200000e+000
      vertex  3.088469e+001  7.127063e+001 -1.200000e+000
      vertex  3.093875e+001  7.131556e+001 -1.200000e+000
    endloop
  endfacet
  facet normal  0.000000e+000  0.000000e+000 -1.000000e+000
    outer loop
      vertex  3.106159e+001  7.054212e+001 -1.200000e+000
      vertex  3.093875e+001  7.131556e+001 -1.200000e+000
      vertex  3.098297e+001  7.137048e+001 -1.200000e+000
    endloop
  endfacet
  facet normal  0.000000e+000  0.000000e+000 -1.000000e+000
    outer loop
      vertex  3.106159e+001  7.054212e+001 -1.200000e+000
      vertex  3.098297e+001  7.137048e+001 -1.200000e+000
      vertex  3.101737e+001  7.143538e+001 -1.200000e+000
    endloop
  endfacet
  facet normal  0.000000e+000  0.000000e+000 -1.000000e+000
    outer loop
      vertex  3.106159e+001  7.054212e+001 -1.200000e+000
      vertex  3.101737e+001  7.143538e+001 -1.200000e+000
      vertex  3.104193e+001  7.151027e+001 -1.200000e+000
    endloop
  endfacet
  facet normal  0.000000e+000  0.000000e+000 -1.000000e+000
    outer loop
      vertex  3.106159e+001  7.054212e+001 -1.200000e+000
      vertex  3.104193e+001  7.151027e+001 -1.200000e+000
      vertex  3.105668e+001  7.159514e+001 -1.200000e+000
    endloop
  endfacet
  facet normal  0.000000e+000  0.000000e+000 -1.000000e+000
    outer loop
      vertex  3.098297e+001  7.362629e+001 -1.200000e+000
      vertex  3.093875e+001  7.368207e+001 -1.200000e+000
      vertex  3.057021e+001  7.445354e+001 -1.200000e+000
    endloop
  endfacet
  facet normal  0.000000e+000  0.000000e+000 -1.000000e+000
    outer loop
      vertex  3.098297e+001  7.362629e+001 -1.200000e+000
      vertex  3.057021e+001  7.445354e+001 -1.200000e+000
      vertex  3.066357e+001  7.445853e+001 -1.200000e+000
    endloop
  endfacet
  facet normal  0.000000e+000  0.000000e+000 -1.000000e+000
    outer loop
      vertex  3.098297e+001  7.362629e+001 -1.200000e+000
      vertex  3.066357e+001  7.445853e+001 -1.200000e+000
      vertex  3.074710e+001  7.447351e+001 -1.200000e+000
    endloop
  endfacet
  facet normal  0.000000e+000  0.000000e+000 -1.000000e+000
    outer loop
      vertex  3.101737e+001  7.356036e+001 -1.200000e+000
      vertex  3.098297e+001  7.362629e+001 -1.200000e+000
      vertex  3.074710e+001  7.447351e+001 -1.200000e+000
    endloop
  endfacet
  facet normal  0.000000e+000  0.000000e+000 -1.000000e+000
    outer loop
      vertex  3.101737e+001  7.356036e+001 -1.200000e+000
      vertex  3.074710e+001  7.447351e+001 -1.200000e+000
      vertex  3.082081e+001  7.449847e+001 -1.200000e+000
    endloop
  endfacet
  facet normal  0.000000e+000  0.000000e+000 -1.000000e+000
    outer loop
      vertex  3.101737e+001  7.356036e+001 -1.200000e+000
      vertex  3.082081e+001  7.449847e+001 -1.200000e+000
      vertex  3.088469e+001  7.453342e+001 -1.200000e+000
    endloop
  endfacet
  facet normal  0.000000e+000  0.000000e+000 -1.000000e+000
    outer loop
      vertex  3.104193e+001  7.348430e+001 -1.200000e+000
      vertex  3.101737e+001  7.356036e+001 -1.200000e+000
      vertex  3.088469e+001  7.453342e+001 -1.200000e+000
    endloop
  endfacet
  facet normal  0.000000e+000  0.000000e+000 -1.000000e+000
    outer loop
      vertex  3.104193e+001  7.348430e+001 -1.200000e+000
      vertex  3.088469e+001  7.453342e+001 -1.200000e+000
      vertex  3.093875e+001  7.457835e+001 -1.200000e+000
    endloop
  endfacet
  facet normal  0.000000e+000  0.000000e+000 -9.999999e-001
    outer loop
      vertex  3.104193e+001  7.348430e+001 -1.200000e+000
      vertex  3.093875e+001  7.457835e+001 -1.200000e+000
      vertex  3.098297e+001  7.463327e+001 -1.200000e+000
    endloop
  endfacet
  facet normal  0.000000e+000  0.000000e+000 -1.000000e+000
    outer loop
      vertex  3.104193e+001  7.348430e+001 -1.200000e+000
      vertex  3.098297e+001  7.463327e+001 -1.200000e+000
      vertex  3.101737e+001  7.469817e+001 -1.200000e+000
    endloop
  endfacet
  facet normal  0.000000e+000  0.000000e+000 -1.000000e+000
    outer loop
      vertex  3.105668e+001  7.339809e+001 -1.200000e+000
      vertex  3.104193e+001  7.348430e+001 -1.200000e+000
      vertex  3.101737e+001  7.469817e+001 -1.200000e+000
    endloop
  endfacet
  facet normal  0.000000e+000  0.000000e+000 -1.000000e+000
    outer loop
      vertex  3.105668e+001  7.339809e+001 -1.200000e+000
      vertex  3.101737e+001  7.469817e+001 -1.200000e+000
      vertex  3.104193e+001  7.477306e+001 -1.200000e+000
    endloop
  endfacet
  facet normal  0.000000e+000  0.000000e+000 -1.000000e+000
    outer loop
      vertex  3.105668e+001  7.339809e+001 -1.200000e+000
      vertex  3.104193e+001  7.477306e+001 -1.200000e+000
      vertex  3.105668e+001  7.485793e+001 -1.200000e+000
    endloop
  endfacet
  facet normal  0.000000e+000  -0.000000e+000 -1.000000e+000
    outer loop
      vertex  2.716982e+001  5.425000e+001 -1.200000e+000
      vertex  2.738493e+001  5.509691e+001 -1.200000e+000
      vertex  2.746713e+001  5.508217e+001 -1.200000e+000
    endloop
  endfacet
  facet normal  0.000000e+000  -0.000000e+000 -1.000000e+000
    outer loop
      vertex  2.716982e+001  5.425000e+001 -1.200000e+000
      vertex  2.746713e+001  5.508217e+001 -1.200000e+000
      vertex  2.755900e+001  5.507726e+001 -1.200000e+000
    endloop
  endfacet
  facet normal  0.000000e+000  0.000000e+000 -9.999999e-001
    outer loop
      vertex  2.716982e+001  5.425000e+001 -1.200000e+000
      vertex  2.755900e+001  5.507726e+001 -1.200000e+000
      vertex  2.721405e+001  5.430578e+001 -1.200000e+000
    endloop
  endfacet
  facet normal  0.000000e+000  -0.000000e+000 -1.000000e+000
    outer loop
      vertex  2.713543e+001  5.418407e+001 -1.200000e+000
      vertex  2.724955e+001  5.515588e+001 -1.200000e+000
      vertex  2.731240e+001  5.512148e+001 -1.200000e+000
    endloop
  endfacet
  facet normal  0.000000e+000  -0.000000e+000 -1.000000e+000
    outer loop
      vertex  2.713543e+001  5.418407e+001 -1.200000e+000
      vertex  2.731240e+001  5.512148e+001 -1.200000e+000
      vertex  2.738493e+001  5.509691e+001 -1.200000e+000
    endloop
  endfacet
  facet normal  0.000000e+000  0.000000e+000 -9.999999e-001
    outer loop
      vertex  2.713543e+001  5.418407e+001 -1.200000e+000
      vertex  2.738493e+001  5.509691e+001 -1.200000e+000
      vertex  2.716982e+001  5.425000e+001 -1.200000e+000
    endloop
  endfacet
  facet normal  0.000000e+000  0.000000e+000 -1.000000e+000
    outer loop
      vertex  2.711086e+001  5.410801e+001 -1.200000e+000
      vertex  2.709611e+001  5.402180e+001 -1.200000e+000
      vertex  2.711899e+001  5.531804e+001 -1.200000e+000
    endloop
  endfacet
  facet normal  0.000000e+000  -0.000000e+000 -1.000000e+000
    outer loop
      vertex  2.711086e+001  5.410801e+001 -1.200000e+000
      vertex  2.711899e+001  5.531804e+001 -1.200000e+000
      vertex  2.715284e+001  5.525415e+001 -1.200000e+000
    endloop
  endfacet
  facet normal  0.000000e+000  -0.000000e+000 -1.000000e+000
    outer loop
      vertex  2.711086e+001  5.410801e+001 -1.200000e+000
      vertex  2.715284e+001  5.525415e+001 -1.200000e+000
      vertex  2.719636e+001  5.520010e+001 -1.200000e+000
    endloop
  endfacet
  facet normal  0.000000e+000  -0.000000e+000 -9.999999e-001
    outer loop
      vertex  2.711086e+001  5.410801e+001 -1.200000e+000
      vertex  2.719636e+001  5.520010e+001 -1.200000e+000
      vertex  2.724955e+001  5.515588e+001 -1.200000e+000
    endloop
  endfacet
  facet normal  0.000000e+000  0.000000e+000 -1.000000e+000
    outer loop
      vertex  2.711086e+001  5.410801e+001 -1.200000e+000
      vertex  2.724955e+001  5.515588e+001 -1.200000e+000
      vertex  2.713543e+001  5.418407e+001 -1.200000e+000
    endloop
  endfacet
  facet normal  0.000000e+000  -0.000000e+000 -1.000000e+000
    outer loop
      vertex  2.709120e+001  5.772680e+001 -1.200000e+000
      vertex  2.709612e+001  5.877982e+001 -1.200000e+000
      vertex  2.711086e+001  5.869495e+001 -1.200000e+000
    endloop
  endfacet
  facet normal  0.000000e+000  -0.000000e+000 -9.999999e-001
    outer loop
      vertex  2.709120e+001  5.772680e+001 -1.200000e+000
      vertex  2.711086e+001  5.869495e+001 -1.200000e+000
      vertex  2.713543e+001  5.862006e+001 -1.200000e+000
    endloop
  endfacet
  facet normal  0.000000e+000  -0.000000e+000 -1.000000e+000
    outer loop
      vertex  2.709120e+001  5.772680e+001 -1.200000e+000
      vertex  2.713543e+001  5.862006e+001 -1.200000e+000
      vertex  2.716982e+001  5.855516e+001 -1.200000e+000
    endloop
  endfacet
  facet normal  0.000000e+000  -0.000000e+000 -1.000000e+000
    outer loop
      vertex  2.709120e+001  5.772680e+001 -1.200000e+000
      vertex  2.716982e+001  5.855516e+001 -1.200000e+000
      vertex  2.721405e+001  5.850024e+001 -1.200000e+000
    endloop
  endfacet
  facet normal  0.000000e+000  -0.000000e+000 -1.000000e+000
    outer loop
      vertex  2.709120e+001  5.772680e+001 -1.200000e+000
      vertex  2.721405e+001  5.850024e+001 -1.200000e+000
      vertex  2.726810e+001  5.845531e+001 -1.200000e+000
    endloop
  endfacet
  facet normal  0.000000e+000  -0.000000e+000 -1.000000e+000
    outer loop
      vertex  2.709120e+001  5.772680e+001 -1.200000e+000
      vertex  2.726810e+001  5.845531e+001 -1.200000e+000
      vertex  2.733198e+001  5.842037e+001 -1.200000e+000
    endloop
  endfacet
  facet normal  0.000000e+000  -0.000000e+000 -1.000000e+000
    outer loop
      vertex  2.709120e+001  5.772680e+001 -1.200000e+000
      vertex  2.733198e+001  5.842037e+001 -1.200000e+000
      vertex  2.740569e+001  5.839540e+001 -1.200000e+000
    endloop
  endfacet
  facet normal  0.000000e+000  -0.000000e+000 -1.000000e+000
    outer loop
      vertex  2.709120e+001  5.772680e+001 -1.200000e+000
      vertex  2.740569e+001  5.839540e+001 -1.200000e+000
      vertex  2.748922e+001  5.838042e+001 -1.200000e+000
    endloop
  endfacet
  facet normal  0.000000e+000  -0.000000e+000 -1.000000e+000
    outer loop
      vertex  2.709120e+001  5.772680e+001 -1.200000e+000
      vertex  2.748922e+001  5.838042e+001 -1.200000e+000
      vertex  2.758258e+001  5.837543e+001 -1.200000e+000
    endloop
  endfacet
  facet normal  0.000000e+000  0.000000e+000 -1.000000e+000
    outer loop
      vertex  2.490945e+001  6.402833e+001 -1.200000e+000
      vertex  2.490945e+001  6.964191e+001 -1.200000e+000
      vertex  2.723665e+001  6.964191e+001 -1.200000e+000
    endloop
  endfacet
  facet normal  0.000000e+000  0.000000e+000 -1.000000e+000
    outer loop
      vertex  2.490945e+001  6.402833e+001 -1.200000e+000
      vertex  2.723665e+001  6.964191e+001 -1.200000e+000
      vertex  2.722718e+001  6.957901e+001 -1.200000e+000
    endloop
  endfacet
  facet normal  0.000000e+000  0.000000e+000 -1.000000e+000
    outer loop
      vertex  2.490945e+001  6.402833e+001 -1.200000e+000
      vertex  2.722718e+001  6.957901e+001 -1.200000e+000
      vertex  2.721762e+001  6.951611e+001 -1.200000e+000
    endloop
  endfacet
  facet normal  0.000000e+000  0.000000e+000 -1.000000e+000
    outer loop
      vertex  2.490945e+001  6.402833e+001 -1.200000e+000
      vertex  2.721762e+001  6.951611e+001 -1.200000e+000
      vertex  2.720799e+001  6.945321e+001 -1.200000e+000
    endloop
  endfacet
  facet normal  0.000000e+000  0.000000e+000 -1.000000e+000
    outer loop
      vertex  2.490945e+001  6.402833e+001 -1.200000e+000
      vertex  2.720799e+001  6.945321e+001 -1.200000e+000
      vertex  2.719828e+001  6.939031e+001 -1.200000e+000
    endloop
  endfacet
  facet normal  0.000000e+000  0.000000e+000 -9.999999e-001
    outer loop
      vertex  2.490945e+001  6.402833e+001 -1.200000e+000
      vertex  2.719828e+001  6.939031e+001 -1.200000e+000
      vertex  2.718850e+001  6.932742e+001 -1.200000e+000
    endloop
  endfacet
  facet normal  0.000000e+000  0.000000e+000 -1.000000e+000
    outer loop
      vertex  2.490945e+001  6.402833e+001 -1.200000e+000
      vertex  2.718850e+001  6.932742e+001 -1.200000e+000
      vertex  2.717863e+001  6.926452e+001 -1.200000e+000
    endloop
  endfacet
  facet normal  0.000000e+000  0.000000e+000 -1.000000e+000
    outer loop
      vertex  2.490945e+001  6.402833e+001 -1.200000e+000
      vertex  2.717863e+001  6.926452e+001 -1.200000e+000
      vertex  2.716868e+001  6.920162e+001 -1.200000e+000
    endloop
  endfacet
  facet normal  0.000000e+000  0.000000e+000 -1.000000e+000
    outer loop
      vertex  2.490945e+001  6.402833e+001 -1.200000e+000
      vertex  2.716868e+001  6.920162e+001 -1.200000e+000
      vertex  2.715866e+001  6.913873e+001 -1.200000e+000
    endloop
  endfacet
  facet normal  0.000000e+000  0.000000e+000 -1.000000e+000
    outer loop
      vertex  2.490945e+001  6.402833e+001 -1.200000e+000
      vertex  2.715866e+001  6.913873e+001 -1.200000e+000
      vertex  2.714856e+001  6.907583e+001 -1.200000e+000
    endloop
  endfacet
  facet normal  0.000000e+000  0.000000e+000 -1.000000e+000
    outer loop
      vertex  2.490945e+001  6.402833e+001 -1.200000e+000
      vertex  2.714856e+001  6.907583e+001 -1.200000e+000
      vertex  2.713837e+001  6.901293e+001 -1.200000e+000
    endloop
  endfacet
  facet normal  0.000000e+000  0.000000e+000 -1.000000e+000
    outer loop
      vertex  2.490945e+001  6.402833e+001 -1.200000e+000
      vertex  2.713837e+001  6.901293e+001 -1.200000e+000
      vertex  2.712642e+001  6.893517e+001 -1.200000e+000
    endloop
  endfacet
  facet normal  0.000000e+000  0.000000e+000 -1.000000e+000
    outer loop
      vertex  2.490945e+001  6.402833e+001 -1.200000e+000
      vertex  2.712642e+001  6.893517e+001 -1.200000e+000
      vertex  2.711573e+001  6.886072e+001 -1.200000e+000
    endloop
  endfacet
  facet normal  0.000000e+000  0.000000e+000 -1.000000e+000
    outer loop
      vertex  2.490945e+001  6.402833e+001 -1.200000e+000
      vertex  2.711573e+001  6.886072e+001 -1.200000e+000
      vertex  2.710630e+001  6.878957e+001 -1.200000e+000
    endloop
  endfacet
  facet normal  0.000000e+000  0.000000e+000 -1.000000e+000
    outer loop
      vertex  2.490945e+001  6.402833e+001 -1.200000e+000
      vertex  2.710630e+001  6.878957e+001 -1.200000e+000
      vertex  2.709812e+001  6.872172e+001 -1.200000e+000
    endloop
  endfacet
  facet normal  0.000000e+000  0.000000e+000 -1.000000e+000
    outer loop
      vertex  2.490945e+001  6.402833e+001 -1.200000e+000
      vertex  2.709812e+001  6.872172e+001 -1.200000e+000
      vertex  2.709120e+001  6.865717e+001 -1.200000e+000
    endloop
  endfacet
  facet normal  0.000000e+000  0.000000e+000 -1.000000e+000
    outer loop
      vertex  2.490945e+001  6.402833e+001 -1.200000e+000
      vertex  2.709120e+001  6.865717e+001 -1.200000e+000
      vertex  2.708554e+001  6.859592e+001 -1.200000e+000
    endloop
  endfacet
  facet normal  0.000000e+000  0.000000e+000 -1.000000e+000
    outer loop
      vertex  2.490945e+001  6.402833e+001 -1.200000e+000
      vertex  2.708554e+001  6.859592e+001 -1.200000e+000
      vertex  2.708114e+001  6.853798e+001 -1.200000e+000
    endloop
  endfacet
  facet normal  0.000000e+000  0.000000e+000 -1.000000e+000
    outer loop
      vertex  2.490945e+001  6.402833e+001 -1.200000e+000
      vertex  2.708114e+001  6.853798e+001 -1.200000e+000
      vertex  2.707799e+001  6.848334e+001 -1.200000e+000
    endloop
  endfacet
  facet normal  0.000000e+000  0.000000e+000 -1.000000e+000
    outer loop
      vertex  2.490945e+001  6.402833e+001 -1.200000e+000
      vertex  2.707799e+001  6.848334e+001 -1.200000e+000
      vertex  2.707611e+001  6.843200e+001 -1.200000e+000
    endloop
  endfacet
  facet normal  0.000000e+000  0.000000e+000 -1.000000e+000
    outer loop
      vertex  2.490945e+001  6.402833e+001 -1.200000e+000
      vertex  2.707611e+001  6.843200e+001 -1.200000e+000
      vertex  2.707548e+001  6.838396e+001 -1.200000e+000
    endloop
  endfacet
  facet normal  0.000000e+000  -0.000000e+000 -9.999999e-001
    outer loop
      vertex  2.490945e+001  6.402833e+001 -1.200000e+000
      vertex  2.707548e+001  6.838396e+001 -1.200000e+000
      vertex  2.708031e+001  6.829060e+001 -1.200000e+000
    endloop
  endfacet
  facet normal  0.000000e+000  -0.000000e+000 -9.999999e-001
    outer loop
      vertex  2.490945e+001  6.402833e+001 -1.200000e+000
      vertex  2.708031e+001  6.829060e+001 -1.200000e+000
      vertex  2.709482e+001  6.820706e+001 -1.200000e+000
    endloop
  endfacet
  facet normal  0.000000e+000  -0.000000e+000 -1.000000e+000
    outer loop
      vertex  2.490945e+001  6.402833e+001 -1.200000e+000
      vertex  2.709482e+001  6.820706e+001 -1.200000e+000
      vertex  2.711899e+001  6.813335e+001 -1.200000e+000
    endloop
  endfacet
  facet normal  0.000000e+000  -0.000000e+000 -1.000000e+000
    outer loop
      vertex  2.490945e+001  6.402833e+001 -1.200000e+000
      vertex  2.711899e+001  6.813335e+001 -1.200000e+000
      vertex  2.715284e+001  6.806947e+001 -1.200000e+000
    endloop
  endfacet
  facet normal  0.000000e+000  -0.000000e+000 -1.000000e+000
    outer loop
      vertex  2.490945e+001  6.402833e+001 -1.200000e+000
      vertex  2.715284e+001  6.806947e+001 -1.200000e+000
      vertex  2.719636e+001  6.801542e+001 -1.200000e+000
    endloop
  endfacet
  facet normal  0.000000e+000  -0.000000e+000 -1.000000e+000
    outer loop
      vertex  2.490945e+001  6.402833e+001 -1.200000e+000
      vertex  2.719636e+001  6.801542e+001 -1.200000e+000
      vertex  2.724955e+001  6.797120e+001 -1.200000e+000
    endloop
  endfacet
  facet normal  0.000000e+000  -0.000000e+000 -1.000000e+000
    outer loop
      vertex  2.490945e+001  6.402833e+001 -1.200000e+000
      vertex  2.724955e+001  6.797120e+001 -1.200000e+000
      vertex  2.731240e+001  6.793680e+001 -1.200000e+000
    endloop
  endfacet
  facet normal  0.000000e+000  -0.000000e+000 -1.000000e+000
    outer loop
      vertex  2.490945e+001  6.402833e+001 -1.200000e+000
      vertex  2.731240e+001  6.793680e+001 -1.200000e+000
      vertex  2.738493e+001  6.791223e+001 -1.200000e+000
    endloop
  endfacet
  facet normal  0.000000e+000  -0.000000e+000 -1.000000e+000
    outer loop
      vertex  2.490945e+001  6.402833e+001 -1.200000e+000
      vertex  2.738493e+001  6.791223e+001 -1.200000e+000
      vertex  2.746713e+001  6.789748e+001 -1.200000e+000
    endloop
  endfacet
  facet normal  0.000000e+000  -0.000000e+000 -1.000000e+000
    outer loop
      vertex  2.490945e+001  6.402833e+001 -1.200000e+000
      vertex  2.746713e+001  6.789748e+001 -1.200000e+000
      vertex  2.755900e+001  6.789258e+001 -1.200000e+000
    endloop
  endfacet
  facet normal  0.000000e+000  0.000000e+000 -1.000000e+000
    outer loop
      vertex  2.490945e+001  6.402833e+001 -1.200000e+000
      vertex  2.755900e+001  6.789258e+001 -1.200000e+000
      vertex  2.716982e+001  6.706532e+001 -1.200000e+000
    endloop
  endfacet
  facet normal  0.000000e+000  0.000000e+000 -1.000000e+000
    outer loop
      vertex  2.490945e+001  6.402833e+001 -1.200000e+000
      vertex  2.716982e+001  6.706532e+001 -1.200000e+000
      vertex  2.713543e+001  6.699940e+001 -1.200000e+000
    endloop
  endfacet
  facet normal  0.000000e+000  0.000000e+000 -1.000000e+000
    outer loop
      vertex  2.490945e+001  6.402833e+001 -1.200000e+000
      vertex  2.713543e+001  6.699940e+001 -1.200000e+000
      vertex  2.711086e+001  6.692332e+001 -1.200000e+000
    endloop
  endfacet
  facet normal  0.000000e+000  0.000000e+000 -1.000000e+000
    outer loop
      vertex  2.490945e+001  6.402833e+001 -1.200000e+000
      vertex  2.711086e+001  6.692332e+001 -1.200000e+000
      vertex  2.709611e+001  6.683712e+001 -1.200000e+000
    endloop
  endfacet
  facet normal  0.000000e+000  0.000000e+000 -1.000000e+000
    outer loop
      vertex  2.490945e+001  6.402833e+001 -1.200000e+000
      vertex  2.709611e+001  6.683712e+001 -1.200000e+000
      vertex  2.709120e+001  6.674077e+001 -1.200000e+000
    endloop
  endfacet
  facet normal  0.000000e+000  -0.000000e+000 -1.000000e+000
    outer loop
      vertex  2.490945e+001  6.402833e+001 -1.200000e+000
      vertex  2.709120e+001  6.674077e+001 -1.200000e+000
      vertex  2.709120e+001  6.518799e+001 -1.200000e+000
    endloop
  endfacet
  facet normal  0.000000e+000  -0.000000e+000 -9.999999e-001
    outer loop
      vertex  2.490945e+001  6.402833e+001 -1.200000e+000
      vertex  2.709120e+001  6.518799e+001 -1.200000e+000
      vertex  2.709612e+001  6.509164e+001 -1.200000e+000
    endloop
  endfacet
  facet normal  0.000000e+000  -0.000000e+000 -1.000000e+000
    outer loop
      vertex  2.490945e+001  6.402833e+001 -1.200000e+000
      vertex  2.709612e+001  6.509164e+001 -1.200000e+000
      vertex  2.711086e+001  6.500543e+001 -1.200000e+000
    endloop
  endfacet
  facet normal  0.000000e+000  -0.000000e+000 -9.999999e-001
    outer loop
      vertex  2.490945e+001  6.402833e+001 -1.200000e+000
      vertex  2.711086e+001  6.500543e+001 -1.200000e+000
      vertex  2.713543e+001  6.492937e+001 -1.200000e+000
    endloop
  endfacet
  facet normal  0.000000e+000  -0.000000e+000 -1.000000e+000
    outer loop
      vertex  2.490945e+001  6.402833e+001 -1.200000e+000
      vertex  2.713543e+001  6.492937e+001 -1.200000e+000
      vertex  2.716982e+001  6.486344e+001 -1.200000e+000
    endloop
  endfacet
  facet normal  0.000000e+000  -0.000000e+000 -1.000000e+000
    outer loop
      vertex  2.490945e+001  6.402833e+001 -1.200000e+000
      vertex  2.716982e+001  6.486344e+001 -1.200000e+000
      vertex  2.721405e+001  6.480766e+001 -1.200000e+000
    endloop
  endfacet
  facet normal  0.000000e+000  -0.000000e+000 -1.000000e+000
    outer loop
      vertex  2.490945e+001  6.402833e+001 -1.200000e+000
      vertex  2.721405e+001  6.480766e+001 -1.200000e+000
      vertex  2.726810e+001  6.476202e+001 -1.200000e+000
    endloop
  endfacet
  facet normal  0.000000e+000  -0.000000e+000 -1.000000e+000
    outer loop
      vertex  2.490945e+001  6.402833e+001 -1.200000e+000
      vertex  2.726810e+001  6.476202e+001 -1.200000e+000
      vertex  2.733198e+001  6.472652e+001 -1.200000e+000
    endloop
  endfacet
  facet normal  0.000000e+000  -0.000000e+000 -1.000000e+000
    outer loop
      vertex  2.490945e+001  6.402833e+001 -1.200000e+000
      vertex  2.733198e+001  6.472652e+001 -1.200000e+000
      vertex  2.740569e+001  6.470116e+001 -1.200000e+000
    endloop
  endfacet
  facet normal  0.000000e+000  -0.000000e+000 -1.000000e+000
    outer loop
      vertex  2.490945e+001  6.402833e+001 -1.200000e+000
      vertex  2.740569e+001  6.470116e+001 -1.200000e+000
      vertex  2.748922e+001  6.468595e+001 -1.200000e+000
    endloop
  endfacet
  facet normal  0.000000e+000  -0.000000e+000 -9.999999e-001
    outer loop
      vertex  2.490945e+001  6.402833e+001 -1.200000e+000
      vertex  2.748922e+001  6.468595e+001 -1.200000e+000
      vertex  2.758258e+001  6.468088e+001 -1.200000e+000
    endloop
  endfacet
  facet normal  0.000000e+000  -0.000000e+000 -1.000000e+000
    outer loop
      vertex  2.490945e+001  6.402833e+001 -1.200000e+000
      vertex  2.758258e+001  6.468088e+001 -1.200000e+000
      vertex  2.904102e+001  6.468088e+001 -1.200000e+000
    endloop
  endfacet
  facet normal  0.000000e+000  -0.000000e+000 -1.000000e+000
    outer loop
      vertex  2.490945e+001  6.402833e+001 -1.200000e+000
      vertex  2.904102e+001  6.468088e+001 -1.200000e+000
      vertex  3.106159e+001  6.402833e+001 -1.200000e+000
    endloop
  endfacet
  facet normal  0.000000e+000  0.000000e+000 -1.000000e+000
    outer loop
      vertex  2.490945e+001  7.054212e+001 -1.200000e+000
      vertex  2.711086e+001  7.669599e+001 -1.200000e+000
      vertex  2.709611e+001  7.660978e+001 -1.200000e+000
    endloop
  endfacet
  facet normal  0.000000e+000  0.000000e+000 -1.000000e+000
    outer loop
      vertex  2.490945e+001  7.054212e+001 -1.200000e+000
      vertex  2.709611e+001  7.660978e+001 -1.200000e+000
      vertex  2.709120e+001  7.651343e+001 -1.200000e+000
    endloop
  endfacet
  facet normal  0.000000e+000  -0.000000e+000 -9.999999e-001
    outer loop
      vertex  2.490945e+001  7.054212e+001 -1.200000e+000
      vertex  2.709120e+001  7.651343e+001 -1.200000e+000
      vertex  2.709120e+001  7.495279e+001 -1.200000e+000
    endloop
  endfacet
  facet normal  0.000000e+000  -0.000000e+000 -1.000000e+000
    outer loop
      vertex  2.490945e+001  7.054212e+001 -1.200000e+000
      vertex  2.709120e+001  7.495279e+001 -1.200000e+000
      vertex  2.709612e+001  7.485793e+001 -1.200000e+000
    endloop
  endfacet
  facet normal  0.000000e+000  -0.000000e+000 -1.000000e+000
    outer loop
      vertex  2.490945e+001  7.054212e+001 -1.200000e+000
      vertex  2.709612e+001  7.485793e+001 -1.200000e+000
      vertex  2.711086e+001  7.477306e+001 -1.200000e+000
    endloop
  endfacet
  facet normal  0.000000e+000  -0.000000e+000 -1.000000e+000
    outer loop
      vertex  2.490945e+001  7.054212e+001 -1.200000e+000
      vertex  2.711086e+001  7.477306e+001 -1.200000e+000
      vertex  2.713543e+001  7.469817e+001 -1.200000e+000
    endloop
  endfacet
  facet normal  0.000000e+000  -0.000000e+000 -1.000000e+000
    outer loop
      vertex  2.490945e+001  7.054212e+001 -1.200000e+000
      vertex  2.713543e+001  7.469817e+001 -1.200000e+000
      vertex  2.716982e+001  7.463327e+001 -1.200000e+000
    endloop
  endfacet
  facet normal  0.000000e+000  -0.000000e+000 -1.000000e+000
    outer loop
      vertex  2.490945e+001  7.054212e+001 -1.200000e+000
      vertex  2.716982e+001  7.463327e+001 -1.200000e+000
      vertex  2.721405e+001  7.457835e+001 -1.200000e+000
    endloop
  endfacet
  facet normal  0.000000e+000  -0.000000e+000 -1.000000e+000
    outer loop
      vertex  2.490945e+001  7.054212e+001 -1.200000e+000
      vertex  2.721405e+001  7.457835e+001 -1.200000e+000
      vertex  2.726810e+001  7.453342e+001 -1.200000e+000
    endloop
  endfacet
  facet normal  0.000000e+000  -0.000000e+000 -1.000000e+000
    outer loop
      vertex  2.490945e+001  7.054212e+001 -1.200000e+000
      vertex  2.726810e+001  7.453342e+001 -1.200000e+000
      vertex  2.733198e+001  7.449847e+001 -1.200000e+000
    endloop
  endfacet
  facet normal  0.000000e+000  -0.000000e+000 -1.000000e+000
    outer loop
      vertex  2.490945e+001  7.054212e+001 -1.200000e+000
      vertex  2.733198e+001  7.449847e+001 -1.200000e+000
      vertex  2.740569e+001  7.447351e+001 -1.200000e+000
    endloop
  endfacet
  facet normal  0.000000e+000  -0.000000e+000 -1.000000e+000
    outer loop
      vertex  2.490945e+001  7.054212e+001 -1.200000e+000
      vertex  2.740569e+001  7.447351e+001 -1.200000e+000
      vertex  2.748922e+001  7.445853e+001 -1.200000e+000
    endloop
  endfacet
  facet normal  0.000000e+000  -0.000000e+000 -1.000000e+000
    outer loop
      vertex  2.490945e+001  7.054212e+001 -1.200000e+000
      vertex  2.748922e+001  7.445853e+001 -1.200000e+000
      vertex  2.758258e+001  7.445354e+001 -1.200000e+000
    endloop
  endfacet
  facet normal  0.000000e+000  0.000000e+000 -1.000000e+000
    outer loop
      vertex  2.490945e+001  7.054212e+001 -1.200000e+000
      vertex  2.758258e+001  7.445354e+001 -1.200000e+000
      vertex  2.716982e+001  7.362629e+001 -1.200000e+000
    endloop
  endfacet
  facet normal  0.000000e+000  0.000000e+000 -1.000000e+000
    outer loop
      vertex  2.490945e+001  7.054212e+001 -1.200000e+000
      vertex  2.716982e+001  7.362629e+001 -1.200000e+000
      vertex  2.713543e+001  7.356036e+001 -1.200000e+000
    endloop
  endfacet
  facet normal  0.000000e+000  0.000000e+000 -1.000000e+000
    outer loop
      vertex  2.490945e+001  7.054212e+001 -1.200000e+000
      vertex  2.713543e+001  7.356036e+001 -1.200000e+000
      vertex  2.711086e+001  7.348430e+001 -1.200000e+000
    endloop
  endfacet
  facet normal  0.000000e+000  0.000000e+000 -1.000000e+000
    outer loop
      vertex  2.490945e+001  7.054212e+001 -1.200000e+000
      vertex  2.711086e+001  7.348430e+001 -1.200000e+000
      vertex  2.709611e+001  7.339809e+001 -1.200000e+000
    endloop
  endfacet
  facet normal  0.000000e+000  0.000000e+000 -1.000000e+000
    outer loop
      vertex  2.490945e+001  7.054212e+001 -1.200000e+000
      vertex  2.709611e+001  7.339809e+001 -1.200000e+000
      vertex  2.709120e+001  7.330173e+001 -1.200000e+000
    endloop
  endfacet
  facet normal  0.000000e+000  -0.000000e+000 -9.999999e-001
    outer loop
      vertex  2.490945e+001  7.054212e+001 -1.200000e+000
      vertex  2.709120e+001  7.330173e+001 -1.200000e+000
      vertex  2.709120e+001  7.168999e+001 -1.200000e+000
    endloop
  endfacet
  facet normal  0.000000e+000  -0.000000e+000 -1.000000e+000
    outer loop
      vertex  2.490945e+001  7.054212e+001 -1.200000e+000
      vertex  2.709120e+001  7.168999e+001 -1.200000e+000
      vertex  2.709612e+001  7.159514e+001 -1.200000e+000
    endloop
  endfacet
  facet normal  0.000000e+000  -0.000000e+000 -1.000000e+000
    outer loop
      vertex  2.490945e+001  7.054212e+001 -1.200000e+000
      vertex  2.709612e+001  7.159514e+001 -1.200000e+000
      vertex  2.711086e+001  7.151027e+001 -1.200000e+000
    endloop
  endfacet
  facet normal  0.000000e+000  -0.000000e+000 -1.000000e+000
    outer loop
      vertex  2.490945e+001  7.054212e+001 -1.200000e+000
      vertex  2.711086e+001  7.151027e+001 -1.200000e+000
      vertex  2.713543e+001  7.143538e+001 -1.200000e+000
    endloop
  endfacet
  facet normal  0.000000e+000  -0.000000e+000 -1.000000e+000
    outer loop
      vertex  2.490945e+001  7.054212e+001 -1.200000e+000
      vertex  2.713543e+001  7.143538e+001 -1.200000e+000
      vertex  2.716982e+001  7.137048e+001 -1.200000e+000
    endloop
  endfacet
  facet normal  0.000000e+000  -0.000000e+000 -9.999999e-001
    outer loop
      vertex  2.490945e+001  7.054212e+001 -1.200000e+000
      vertex  2.716982e+001  7.137048e+001 -1.200000e+000
      vertex  2.721405e+001  7.131556e+001 -1.200000e+000
    endloop
  endfacet
  facet normal  0.000000e+000  -0.000000e+000 -1.000000e+000
    outer loop
      vertex  2.490945e+001  7.054212e+001 -1.200000e+000
      vertex  2.721405e+001  7.131556e+001 -1.200000e+000
      vertex  2.726810e+001  7.127063e+001 -1.200000e+000
    endloop
  endfacet
  facet normal  0.000000e+000  -0.000000e+000 -1.000000e+000
    outer loop
      vertex  2.490945e+001  7.054212e+001 -1.200000e+000
      vertex  2.726810e+001  7.127063e+001 -1.200000e+000
      vertex  2.733198e+001  7.123568e+001 -1.200000e+000
    endloop
  endfacet
  facet normal  0.000000e+000  -0.000000e+000 -9.999999e-001
    outer loop
      vertex  2.490945e+001  7.054212e+001 -1.200000e+000
      vertex  2.733198e+001  7.123568e+001 -1.200000e+000
      vertex  2.740569e+001  7.121072e+001 -1.200000e+000
    endloop
  endfacet
  facet normal  0.000000e+000  -0.000000e+000 -9.999999e-001
    outer loop
      vertex  2.490945e+001  7.054212e+001 -1.200000e+000
      vertex  2.740569e+001  7.121072e+001 -1.200000e+000
      vertex  2.748922e+001  7.119574e+001 -1.200000e+000
    endloop
  endfacet
  facet normal  0.000000e+000  -0.000000e+000 -1.000000e+000
    outer loop
      vertex  2.490945e+001  7.054212e+001 -1.200000e+000
      vertex  2.748922e+001  7.119574e+001 -1.200000e+000
      vertex  2.758258e+001  7.119075e+001 -1.200000e+000
    endloop
  endfacet
  facet normal  0.000000e+000  -0.000000e+000 -1.000000e+000
    outer loop
      vertex -3.485523e+001 -8.036800e+001 -1.200000e+000
      vertex -2.147324e+001 -5.987500e+001 -1.200000e+000
      vertex -2.100791e+001 -6.161163e+001 -1.200000e+000
    endloop
  endfacet
  facet normal  0.000000e+000  -0.000000e+000 -1.000000e+000
    outer loop
      vertex -3.485523e+001 -8.036800e+001 -1.200000e+000
      vertex -2.100791e+001 -6.161163e+001 -1.200000e+000
      vertex -1.973660e+001 -6.288293e+001 -1.200000e+000
    endloop
  endfacet
  facet normal  0.000000e+000  -0.000000e+000 -1.000000e+000
    outer loop
      vertex -3.485523e+001 -8.036800e+001 -1.200000e+000
      vertex -1.973660e+001 -6.288293e+001 -1.200000e+000
      vertex -1.799996e+001 -6.334824e+001 -1.200000e+000
    endloop
  endfacet
  facet normal  0.000000e+000  0.000000e+000 -1.000000e+000
    outer loop
      vertex  2.852604e+001  7.533017e+001 -1.200000e+000
      vertex  2.784204e+001  7.533017e+001 -1.200000e+000
      vertex  3.031468e+001  7.613605e+001 -1.200000e+000
    endloop
  endfacet
  facet normal  -0.000000e+000  0.000000e+000 -1.000000e+000
    outer loop
      vertex  3.031468e+001  7.613605e+001 -1.200000e+000
      vertex  2.784204e+001  7.533017e+001 -1.200000e+000
      vertex  2.784204e+001  7.613605e+001 -1.200000e+000
    endloop
  endfacet
  facet normal  0.000000e+000  0.000000e+000 -1.000000e+000
    outer loop
      vertex  2.758258e+001  6.099353e+001 -1.200000e+000
      vertex  2.710693e+001  6.147705e+001 -1.200000e+000
      vertex  3.057021e+001  6.099353e+001 -1.200000e+000
    endloop
  endfacet
  facet normal  0.000000e+000  0.000000e+000 -1.000000e+000
    outer loop
      vertex  3.057021e+001  6.099353e+001 -1.200000e+000
      vertex  2.710693e+001  6.147705e+001 -1.200000e+000
      vertex  2.891129e+001  6.239300e+001 -1.200000e+000
    endloop
  endfacet
  facet normal  0.000000e+000  0.000000e+000 -1.000000e+000
    outer loop
      vertex  3.106159e+001  5.598140e+001 -1.200000e+000
      vertex  2.784204e+001  5.598140e+001 -1.200000e+000
      vertex  3.106159e+001  5.682659e+001 -1.200000e+000
    endloop
  endfacet
  facet normal  -0.000000e+000  0.000000e+000 -1.000000e+000
    outer loop
      vertex  3.106159e+001  5.682659e+001 -1.200000e+000
      vertex  2.784204e+001  5.598140e+001 -1.200000e+000
      vertex  2.785776e+001  5.682659e+001 -1.200000e+000
    endloop
  endfacet
  facet normal  0.000000e+000  0.000000e+000 -9.999999e-001
    outer loop
      vertex  3.007269e+001  6.879959e+001 -1.200000e+000
      vertex  3.001592e+001  6.879672e+001 -1.200000e+000
      vertex  2.784204e+001  6.879672e+001 -1.200000e+000
    endloop
  endfacet
  facet normal  -0.000000e+000  -0.000000e+000 -1.000000e+000
    outer loop
      vertex  2.785776e+001  6.964191e+001 -1.200000e+000
      vertex  3.031468e+001  6.964191e+001 -1.200000e+000
      vertex  3.031468e+001  6.908369e+001 -1.200000e+000
    endloop
  endfacet
  facet normal  -0.000000e+000  0.000000e+000 -1.000000e+000
    outer loop
      vertex  2.785776e+001  6.964191e+001 -1.200000e+000
      vertex  3.031468e+001  6.908369e+001 -1.200000e+000
      vertex  3.031170e+001  6.902917e+001 -1.200000e+000
    endloop
  endfacet
  facet normal  -0.000000e+000  0.000000e+000 -1.000000e+000
    outer loop
      vertex  2.785776e+001  6.964191e+001 -1.200000e+000
      vertex  3.031170e+001  6.902917e+001 -1.200000e+000
      vertex  3.030274e+001  6.898038e+001 -1.200000e+000
    endloop
  endfacet
  facet normal  -0.000000e+000  0.000000e+000 -1.000000e+000
    outer loop
      vertex  2.785776e+001  6.964191e+001 -1.200000e+000
      vertex  3.030274e+001  6.898038e+001 -1.200000e+000
      vertex  3.028780e+001  6.893734e+001 -1.200000e+000
    endloop
  endfacet
  facet normal  -0.000000e+000  0.000000e+000 -1.000000e+000
    outer loop
      vertex  2.785776e+001  6.964191e+001 -1.200000e+000
      vertex  3.028780e+001  6.893734e+001 -1.200000e+000
      vertex  3.026688e+001  6.890003e+001 -1.200000e+000
    endloop
  endfacet
  facet normal  -0.000000e+000  0.000000e+000 -1.000000e+000
    outer loop
      vertex  2.785776e+001  6.964191e+001 -1.200000e+000
      vertex  3.026688e+001  6.890003e+001 -1.200000e+000
      vertex  3.023999e+001  6.886846e+001 -1.200000e+000
    endloop
  endfacet
  facet normal  -0.000000e+000  0.000000e+000 -1.000000e+000
    outer loop
      vertex  2.785776e+001  6.964191e+001 -1.200000e+000
      vertex  3.023999e+001  6.886846e+001 -1.200000e+000
      vertex  3.020713e+001  6.884264e+001 -1.200000e+000
    endloop
  endfacet
  facet normal  -0.000000e+000  0.000000e+000 -1.000000e+000
    outer loop
      vertex  2.785776e+001  6.964191e+001 -1.200000e+000
      vertex  3.020713e+001  6.884264e+001 -1.200000e+000
      vertex  3.016829e+001  6.882255e+001 -1.200000e+000
    endloop
  endfacet
  facet normal  -0.000000e+000  0.000000e+000 -1.000000e+000
    outer loop
      vertex  2.785776e+001  6.964191e+001 -1.200000e+000
      vertex  3.016829e+001  6.882255e+001 -1.200000e+000
      vertex  3.012348e+001  6.880820e+001 -1.200000e+000
    endloop
  endfacet
  facet normal  -0.000000e+000  0.000000e+000 -1.000000e+000
    outer loop
      vertex  2.785776e+001  6.964191e+001 -1.200000e+000
      vertex  3.012348e+001  6.880820e+001 -1.200000e+000
      vertex  3.007269e+001  6.879959e+001 -1.200000e+000
    endloop
  endfacet
  facet normal  -0.000000e+000  0.000000e+000 -1.000000e+000
    outer loop
      vertex  2.785776e+001  6.964191e+001 -1.200000e+000
      vertex  3.007269e+001  6.879959e+001 -1.200000e+000
      vertex  2.784204e+001  6.879672e+001 -1.200000e+000
    endloop
  endfacet
endsolid CATIA STL
